hour, t(sec), V1, VAngle1, V2, VAngle2, V3, VAngle3, I1, IAngle1, I2, IAngle2, I3, IAngle3
0, 0.00000, 13.7781, 114.321, 7402.84, -165.59, 7532.25, 87.182, 4.17819, 112.409, 30.6094, -6.82268, 25.3682, -128.115
