hour, t(sec), V1, VAngle1, V2, VAngle2, V3, VAngle3, I1, IAngle1, I2, IAngle2, I3, IAngle3
0, 0.00000, 19.0474, 122.236, 7402.97, -165.646, 7532.1, 87.1929, 5.26484, -67.5533, 18.8483, 179.673, 17.3296, 45.371
