hour, t(sec), V1, VAngle1, V2, VAngle2, V3, VAngle3, I1, IAngle1, I2, IAngle2, I3, IAngle3
0, 0.00000, 5.60892, 121.94, 7409.33, -165.373, 7531.19, 87.3073, 6.93062, -67.5598, 15.794, -172.341, 14.6352, 37.0123
