hour, t(sec), V1, VAngle1, V2, VAngle2, V3, VAngle3, I1, IAngle1, I2, IAngle2, I3, IAngle3
0, 0.00000, 10.5269, 124.427, 7411.52, -165.481, 7534.69, 87.255, 6.83276, -67.5117, 14.3494, -170.489, 14.4416, 36.966
