sample_id,load_level,time_of_day,cap_CP_NR_613,cap_CP_85W_900,converged,RFI1_A,RFI1_B,RFI1_C,RFI2_A,RFI2_B,RFI2_C,RFI3_A,RFI3_B,RFI3_C,RFI4_A,RFI4_B,RFI4_C,RFI5_A,RFI5_B,RFI5_C,RFI6_A,RFI6_B,RFI6_C,RFI7_A,RFI7_B,RFI7_C,RFI8_A,RFI8_B,RFI8_C,RFI9_A,RFI9_B,RFI9_C,RFI10_A,RFI10_B,RFI10_C,RFI11_A,RFI11_B,RFI11_C,RFI12_A,RFI12_B,RFI12_C,RFI13_A,RFI13_B,RFI13_C,RFI14_A,RFI14_B,RFI14_C,RFI15_A,RFI15_B,RFI15_C,RFI16_A,RFI16_B,RFI16_C,RFI17_A,RFI17_B,RFI17_C,RFI18_A,RFI18_B,RFI18_C,RFI19_A,RFI19_B,RFI19_C,RFI20_A,RFI20_B,RFI20_C
N0001,1.0,peak,True,True,True,968.9999723393602,1020.2738576910087,1000.2648302921255,827.8045164188071,878.2653409245119,855.3365268271126,828.6174589510073,884.4179492941938,853.1399006089072,408.9005181327859,464.8556448472828,425.8835668030297,369.4258269776762,406.68422952065606,370.7525281031298,117.50165534462757,119.30378989327419,122.42182115583822,36.459522685662854,36.67754654627384,36.60133399669218,185.21712084689742,173.3462849134373,180.0214557267443,190.16449194970434,178.9948353787892,184.75311476196137,119.85513869522167,111.82080164000946,116.64177854430044,123.22347342327409,114.33019506278323,118.58663219107835,24.989888247632226,25.15886860553356,30.541000231645576,11.015249896369102,11.1050579736275,11.095844115356122,29.532035074877395,29.468394069069614,29.46582217651952,118.32699554008491,117.45672279177269,119.52451033483902,47.70554183972473,45.75643022487666,48.49842858669354,63.565843606032196,67.69040515399726,55.39917768776882,53.024124415416544,57.16018222154146,44.5439222109078,76.0633550525758,79.04821145257097,77.8253220205071,7.80834857887535e-08,7.838159142397815e-08,7.680400930885966e-08
N0002,0.2,overnight,False,False,True,1293.0585683367271,1301.096978479472,1305.9261479261093,1150.637139308767,1164.0508002762292,1159.7247804357285,1147.6612017214115,1168.3448280207904,1162.790132862794,676.0826654247031,689.9619294589043,685.5895918121138,613.6801625353464,626.4010830981285,616.252394631933,131.59942287093426,131.4443122435101,132.49928126120068,7.857082001643155,7.509761355074072,7.683393725205079,198.59770978249864,196.8035140886609,197.8320710203358,198.06674302482102,196.13342936993254,197.7316145412799,131.3005885899512,128.54794390057987,130.16625987177233,132.24569222168694,129.7894192839988,130.7082121233159,5.06992355904054,5.121246793458315,6.258066572809087,2.2575330696878093,2.317346686509439,2.2594595601145984,6.242538748586486,6.266897961712732,6.2496512930978625,135.0130080956551,135.3632624745967,135.75153075984036,63.3083023334831,62.68724051216223,63.385840750639,13.089440198328674,13.982073680697575,11.410388900467584,10.79144352360127,11.782271997614632,9.071932145937744,50.33467650169807,50.24767990734144,50.553925393961485,8.586874230631987e-08,8.639457804338404e-08,8.512053249335293e-08
N0003,0.2,overnight,False,False,True,1290.9311559550838,1301.4568250080933,1301.4761382993825,1155.154341615048,1167.6200740769311,1153.7539037218326,1152.3515226406926,1160.7586920351616,1158.89422110579,677.2518858631556,688.8321808003572,683.4733122846571,611.6442018918317,623.015319684658,617.0292477530318,131.90076931972868,132.07526178804798,131.17605743972067,7.818545722006752,7.555894717119773,7.673675973157083,198.56120111931986,196.88963211455632,198.0717001906636,197.40665950929892,195.5134635178428,197.16035258252793,130.71955138052215,129.40350722792698,130.52107498925523,132.46130319422832,129.22737102806695,131.11929903295072,5.103641930875582,5.1536322298165285,6.229929272050752,2.2617910212129075,2.314017718632116,2.2657347282749645,6.288600866482482,6.2699465491276705,6.289386409235375,135.3769481001468,135.65445612917622,135.80179173455633,63.12523853442159,63.12226903078667,63.71930994469474,12.984725625955274,13.991817228692632,11.354200086202207,10.797489233386393,11.738698554874688,9.102709323672409,50.4278467624419,50.39284578170222,50.615356235550856,8.572090583858472e-08,8.58780147270587e-08,8.454824160892036e-08
N0004,0.75,afternoon,False,True,True,1076.3713028780237,1109.8041683021147,1094.7164416431988,928.2554196367287,968.5780948050744,953.0207719600795,934.3719411952666,966.4330065094892,948.5327733604194,495.9270823175325,537.9566197105319,506.5617750673681,450.5332279000763,480.93792591158115,450.71085872971054,120.99740432434018,122.11176701226455,124.87609370105557,27.721654453036635,27.74921124398531,27.52021664350196,188.95023146077608,179.91204545243647,185.7376840300082,191.63689843351273,183.70960689492406,188.6140611850548,123.93122058203389,116.39144013111901,120.45545791956535,125.47749836366975,117.88749806086729,122.76472445289009,18.93576892338114,18.949933496272592,23.14740779911103,8.404455189196584,8.49676853135557,8.409058951272051,22.266280310443662,22.406211679161125,22.28432579507457,123.03917142888615,122.32985227201237,123.29968624054969,52.38463351225952,50.389978255686685,52.41273540939552,48.127884388173044,51.58648239705628,41.987669657351354,40.02935868110928,43.39671144244875,33.694480638769576,44.984522031505996,46.23362707688136,45.89107306645254,8.037947006225132e-08,8.086970126840584e-08,7.951544416472118e-08
N0005,0.5,morning,False,False,True,1182.6852003024821,1210.0237823109678,1193.6821460206577,1043.4861859818513,1062.285687153972,1054.8118389208269,1041.3082867238652,1070.4969282356622,1046.0428913799033,586.7678991754884,617.0815432341055,597.361660628154,536.5609306478593,557.3683962844619,533.3991326317572,126.49419860653383,127.31339919403128,129.00864311290076,18.709735339994182,18.723993591544065,18.701150917038238,194.79465403779975,189.05112830906398,193.97950744914854,194.7754675513227,189.52963599914574,194.2433870898775,127.91906422023466,122.44406645118065,124.97163499123377,129.12939323726533,123.70778113448357,126.99128133960045,12.759689208575779,12.873564044706667,15.663496847853018,5.691486464665325,5.719622901584282,5.6790235348932,15.046550643239994,15.031040540402469,15.019984758060408,128.16303873756112,128.93558098692213,129.28495867662957,57.23631576439169,55.780054552836475,57.385153797152526,32.60725991155202,35.06796149986162,28.457194162348525,27.18218040067669,29.406919981997895,22.885075258066166,37.16701032482043,37.52141767297494,37.673961867178484,8.261650142531832e-08,8.271138929976438e-08,8.19829678374023e-08
N0006,0.5,morning,False,False,True,1178.4272130143256,1207.2269249350074,1187.7198444331484,1045.7055167281278,1066.4533108633054,1052.6433064907783,1042.9761612572213,1063.140575244088,1058.454474318295,586.3874883746895,615.6648119967823,596.0503015133324,534.9517612053011,557.0914044841574,535.6098428390916,125.9175049987352,127.04047072838321,128.98674721695306,18.851485666533605,18.811379830849187,18.708798964097067,194.8564445964359,190.14517945500842,192.54278548739816,197.02433678819315,190.11201015850122,193.8094042697835,127.08307273802387,122.85752734373517,125.86242843355019,129.12140603780728,123.8015710598419,126.08957947712635,12.830986569711847,12.78312664857018,15.574077017788989,5.675406136249659,5.756082656540882,5.7350180502822266,15.021374670245484,14.986943592530073,14.956590438710787,129.04865327926802,127.97095463317105,128.4170897191966,57.01056443770454,55.77313228139304,57.28972370107703,32.65477616466722,34.98291030744266,28.557488099840686,27.055320983219726,29.43422867665388,22.832418466797257,37.13551508339104,37.42029831549573,37.672373962186356,8.21635299966683e-08,8.315894852340636e-08,8.167141559785899e-08
N0007,0.2,overnight,False,False,True,1295.9157965738314,1302.9228129140688,1299.498875973209,1154.7812630895214,1154.455620607291,1156.7589496226426,1148.1294456217538,1164.490465061386,1161.5458188488053,681.8164915203607,689.6716531697315,679.9090568160502,614.6675647503681,625.658411812276,617.8387403434874,131.5629777225129,131.46811033583379,132.81505735265927,7.79641914831171,7.818890649066185,7.794747070381954,199.18926900813702,197.56006194876642,198.62535264824675,198.49118126684135,197.104979245457,197.55365628678953,130.75293501456508,129.57899065431403,130.4683356641714,131.95562381512406,130.02913134790305,130.71275690136574,5.10132693526865,5.170986569966119,6.243752062336206,2.2603808342264737,2.3176214958536496,2.2689923263753986,6.230569401374079,6.236556958363835,6.252744932756532,135.30701290875615,134.73928304797445,135.01361055723385,63.650304577536545,63.13754534190668,63.50519319386905,13.007536884297519,13.964206449437459,11.410262160186742,10.830486565095761,11.756802970372211,9.108689456394275,50.55001809206215,50.505585082120675,50.119014795395444,8.503610525843708e-08,8.554487085831702e-08,8.523083917096292e-08
N0008,0.5,morning,False,False,True,1179.339991698109,1204.4575611234993,1195.4477834178222,1037.0147623027494,1068.109436734839,1054.0589582047207,1037.0213676486374,1072.3524457853036,1050.4523209954832,587.2025683103063,615.7955770503276,602.4640324935925,536.8388184352307,553.7972564898995,532.4801764873596,126.25599297689648,126.88763945407055,128.4370683935196,18.71816736899349,18.68097505284537,18.761055832268486,195.57879981226935,191.00048587474964,192.91100761918347,196.05091748508914,189.90219297409843,194.72555288234338,128.0888210198473,123.38208471663819,125.02044013609927,129.34191938119403,123.625991353687,126.17859669433282,12.822514672028872,12.859386641679412,15.67825478027175,5.673798422114695,5.718160936776085,5.714345235594591,15.069738758672086,15.071497342954164,14.986027062150633,128.94419360693067,128.27715764200005,129.11147028288894,57.06002872117078,55.783890398667246,56.91078097690619,32.778150422952564,34.94485879251927,28.42991827729208,27.169915807464573,29.380520026553388,22.770169557681502,37.296043529509674,37.36169741335147,37.839639274542186,8.22929163215868e-08,8.267466968076262e-08,8.185299136863678e-08
N0009,0.75,afternoon,False,True,True,1078.583818120885,1110.901377694673,1087.718809037473,934.0353936893802,967.9048676670146,943.6464845184399,929.3427984439589,974.4362940343211,952.9617574567416,496.2691683980786,540.6440561384243,509.177437876298,450.6280406197742,478.5598879304418,451.04792820987745,122.22511486521194,121.98285886038475,125.36226193919354,27.67437282289316,27.876046324214865,27.795486029726035,190.14757872524783,179.8204383082801,184.6078277680457,191.8567545839985,183.36610359126,189.17192864921628,123.6147472248938,115.9869780788856,120.49674986706594,125.42654434108759,118.9030899912247,122.9661956492694,18.82769027089032,19.056039522087534,23.216216704569252,8.435771466208864,8.443113052265668,8.386016049928111,22.2859022121686,22.150559010867976,22.2889573913402,122.89394881644434,122.23499481179489,124.17154293859993,52.076332150040756,50.14426805943218,52.531499874392324,48.37966373091806,51.55352870878525,42.180347621875576,39.95954088255224,43.22956331574886,33.8308352207563,45.277752515284014,46.41293224305683,45.82118624830416,8.015095930604019e-08,8.098187747072851e-08,8.007987407945902e-08
N0010,0.5,morning,False,False,True,1185.0755638912315,1208.0663880551228,1193.7130072429925,1039.642644306663,1067.7231143207985,1053.4034986127058,1042.7416654387164,1068.2848615541477,1056.7492279192784,589.8722080053329,616.7543507592451,593.4700970887046,536.3865938322294,555.34459334605,535.5664055869017,126.59218910787688,126.69600848911796,129.2371616892021,18.7990783373888,18.887522661887175,18.74447190289495,195.5093543109354,190.74806672940522,192.97604519744735,194.99715263237147,190.72981555561623,192.87171342536936,127.80755264630847,122.3856947227981,125.80827893857241,128.57481484279538,123.5815647594322,125.70549859955949,12.802452031224705,12.907230883547307,15.718762036469524,5.653609170990687,5.7165451904560864,5.670628775280964,15.134115708411253,15.037046361690296,15.01272039148364,128.17794985766085,128.09767787892193,129.20889373523573,57.48474575125171,55.562772737338925,57.52642112605759,32.77188998932377,34.83675155678374,28.502154220114516,27.062447300664097,29.292297620789856,22.943711267287274,36.99054799410784,37.40315215377553,37.6080143714095,8.23738231861622e-08,8.319463243605093e-08,8.156715267575534e-08
N0011,1.0,peak,True,True,True,971.5689653107873,1021.9426545263665,994.2823363923271,831.2160176707131,882.5367212154537,851.943090291615,826.1507076984578,886.1376217228599,854.1262242652426,409.3822464920267,464.06170576137794,428.7054358061122,367.5872033185627,407.1998863978348,372.53907167401917,118.11269402030456,118.43407267958483,123.27565251675652,36.728354195132574,36.8066844406628,36.60831819849365,184.58895451731422,172.245934830789,180.34957578343392,189.66429547682284,179.1292626147306,185.54803158881282,120.612708164364,111.32195742338332,116.06572456633889,122.91753430830704,114.13207713445728,119.29203324198878,25.014829214783934,25.109913052256598,30.472287507703623,11.09617184364808,11.165096571337646,11.02880431423384,29.323050986912154,29.37704231954639,29.34389335261388,118.5528909291654,117.71308193147034,119.68972456116468,47.61918648562429,45.85839244651548,48.6858590154434,63.86834114326084,68.36001963714415,55.4796107895013,52.92282844415862,57.29122778878358,44.31049557430517,76.09560106224774,78.84232639827185,77.84055119718973,7.812591680237955e-08,7.846643265339455e-08,7.753222556289563e-08
N0012,1.0,peak,True,True,True,970.9066937250044,1028.6710200695088,997.4127434681799,826.9394352942136,879.3229332973534,854.6754443983447,830.2803347904894,884.7497820801811,849.6657359200692,409.52159030996455,462.4082126646914,428.22846024348047,369.33708520790304,405.49287778192377,370.6809717901198,117.35539743426747,118.6201264301861,122.75081459072223,36.7886167430065,36.79072085353188,36.64133719954792,185.04581387546406,172.32903918894024,179.9257169338247,189.86937559476235,179.03714107770315,184.70398628223944,120.89875577360075,111.50591646885178,116.49195186419816,123.21111481562397,114.05264980194798,119.0492671484814,24.917757065838334,25.08696365883886,30.462463924335808,11.096461145208982,11.107382211764802,11.083812117932698,29.514867764829138,29.409862368166348,29.71605344418123,118.6052374515148,118.02806060723701,118.65688005237747,47.634425651340386,45.94754596642929,48.579787794066,63.76716341216814,68.5029416519131,55.00414753906156,52.925196522899476,57.103873390898286,44.29202334486215,76.20189845374857,78.61294774235922,77.55125540881443,7.783922818049876e-08,7.899293319577178e-08,7.688891242332869e-08
N0013,0.75,afternoon,False,True,True,1075.2212665463728,1112.5875700853762,1089.6831091340555,931.864088139479,968.9252429959744,951.3665156451556,932.4249886709536,971.6459541842564,946.6650136059259,497.180718121078,537.2597791089328,511.0326164441812,450.4882759449151,478.7117668360703,449.8294122176684,121.70993426419257,121.74715674563761,125.28923833579097,27.768582216450593,27.78757322259054,27.729701833061963,189.7140244630271,179.22676291177166,184.74562438731832,191.7465057778952,184.06821462702715,187.90484709095838,123.71021743068056,116.33291002250674,119.77198701791433,125.41838196143654,118.89862283810363,122.23028738626665,18.990489446279923,19.01448147074274,23.176272687168964,8.428110225157011,8.524045176016077,8.400500486698864,22.22424822096237,22.387342038598902,22.237823673119365,123.7399420198543,123.85763915087807,123.3331190464214,51.93776955737669,50.37680555784666,52.421363804871945,48.40868612749143,51.63136850778872,42.16103391007516,40.01839276465567,43.344425221231205,33.55323010783987,45.12735725861444,46.10853145348424,45.85624173843397,8.070537912315737e-08,8.119680503471876e-08,7.912763460071031e-08
N0014,1.0,peak,True,True,True,971.0563012663313,1023.3767730913243,992.7024251017091,831.2978576786948,876.8629425733451,850.5131559741858,833.3609278012053,881.6153069104408,857.3825485466272,409.4136368790503,466.572430787093,428.8080547998091,369.2221674793012,406.48031978704614,371.76082511158245,117.23575374055234,118.06522360619837,122.88397957445568,36.75731466793838,36.848660470542086,36.50841864748762,184.07650193684827,173.3175074977552,179.52254597861483,188.06854564273883,178.95467116013364,185.23365345027614,121.54014213710953,111.4409432656077,115.99062601289091,123.84118900550249,113.53520456035254,118.98985062983358,25.111949328390875,25.011492449694007,30.549609164042415,11.085595423931512,11.128116537791199,11.100390473900223,29.565206721876194,29.433411993818147,29.391097555298074,119.33441222544327,118.22186897407711,119.13169967057964,47.895473948394404,45.71663058417718,48.40328885783565,63.57780081312743,68.43498810170391,55.420064660567455,52.89515363423709,57.32925982625851,44.46189632119753,76.05760733565523,78.56785936506118,77.98396150471069,7.770446711182054e-08,7.923228629039737e-08,7.700716646050077e-08
N0015,0.75,afternoon,False,True,True,1070.7419341455025,1115.446244888828,1096.4673864178344,934.2874106453576,968.0280683598246,954.2364391067018,931.2455699042407,968.8256615787757,949.1691153629612,494.30899044022567,541.0243977076941,508.86355785499984,450.4068999328768,481.76513585245453,451.1916765846233,121.33187148079897,122.10719475754931,125.41308473933873,27.521489547162517,27.784703464279584,27.758276954127822,188.37505609082552,180.6823827539814,185.04772869921797,192.34560140959567,183.6356343020299,188.27017011687732,123.48509440954912,116.49874239312527,120.13196411901585,125.51650754641175,117.87517329197497,121.95653129542575,18.958819938579722,19.052906671130117,23.194681425916162,8.457592524916219,8.427653111936328,8.413075767478254,22.40049044605402,22.334115821055168,22.258056508228403,123.1316537226307,122.99990835358145,123.38777233120433,52.19141350198593,50.15982230592276,52.35772536026511,48.122713981052556,51.60980629952902,41.92973988669581,40.07387919968821,43.47620257734798,33.768487121429004,45.36125947913143,46.190754091222985,46.11086499142531,8.066119824072535e-08,8.129357631569358e-08,8.009603802026537e-08
N0016,0.2,overnight,False,False,True,1290.797190089649,1308.2014765086205,1299.8147768501224,1153.8850666405112,1164.709869309151,1156.1963815795907,1153.584204419141,1164.2668264054194,1152.651849659406,677.4546805598692,689.8877208196327,681.434134262481,617.4560874860235,624.9627828643509,614.3839695022756,131.07716574817277,132.82261126358011,133.20866795371296,7.836018188059102,7.5241007989244615,7.692032956144551,198.41977896964227,196.23338079159356,197.25073592979348,199.0543045514902,196.4339799600698,199.24306157631776,131.60231370859378,129.3783572256045,130.54345317982632,132.62088297334682,130.56602105637555,131.36668006351394,5.1203987601523915,5.169254309298547,6.2356869319335955,2.2640373541811276,2.3205096570638393,2.268481845708185,6.287325738669993,6.285475098086561,6.278021933604602,135.36157910695192,134.8136308765858,135.0387592494058,63.36892804136466,62.85206904417013,63.765527272512294,13.080545157879898,13.892030300316211,11.396313067207068,10.854110102154817,11.68525287272099,9.087193118489111,50.60442447158489,50.36604655169721,50.72423506844668,8.55234822382227e-08,8.630209563830027e-08,8.522993242846408e-08
N0017,1.0,peak,True,True,True,975.5721165676454,1024.2789255777377,989.1980689881501,829.7878485092284,883.1207226958402,850.2309616891765,830.8043196555127,886.1688457446623,849.267458795989,410.7847086887227,468.7409041113882,423.0426511254168,368.61554679942634,411.22295294392933,367.0413449760584,117.3743430297805,117.92621816717896,122.5181624916278,36.67043552199009,37.027396381910435,36.59084983261819,184.51514020871076,173.1694914671384,179.30340392392665,187.93769535195594,179.56652314243144,184.77879493784386,120.57520321395106,111.45767616895003,116.52978424731766,124.0881024978531,114.02806563052059,118.91137421323201,24.995974388238466,25.009508273944046,30.441847873376428,11.12502531625776,11.190354763208921,11.11796849057618,29.58243924198748,29.58385275715591,29.53852300728279,118.69616661863206,118.42356809406705,118.877369256875,47.771868111481616,45.79825359201155,48.31472417898381,63.76838996906195,68.06086550778929,55.40391870574493,52.5419813821436,57.139224610428435,44.36095742153965,75.9135089058939,71.5513098587242,70.43733064776029,7.772233537589433e-08,7.913368091640847e-08,7.713318805242156e-08
N0018,0.75,afternoon,False,True,True,1073.0742089079424,1108.3160103008702,1088.2520330893988,932.1076483496911,970.8292430953841,950.6343917358022,931.763896591558,976.5487301229516,946.3090269876466,498.2320319108215,538.7492344372597,509.66531528342597,446.61765712805675,479.85371986942465,449.3031048180988,122.16527778121811,121.98437406007055,125.76230553099225,27.921246496218558,27.908262678907732,27.520685880469696,188.64141312507851,180.1105039318109,185.76863020897605,192.71697074046526,184.37047111819436,189.5857383778163,123.97586827780378,116.30873718981742,120.89662492104493,125.07915517495398,117.93044355117648,122.64697200372997,18.844206460335858,18.9518830801354,23.235807702185742,8.439704313337625,8.465342858240115,8.434856403114802,22.26919076056491,22.18766867961965,22.34651533991298,122.91607824949013,123.0750172716779,123.28384888444313,52.25209811889437,50.192497293208405,52.41931086157104,48.18048875795923,51.45458156549889,42.11835848477775,40.14820410895025,43.34240637464018,33.638629370334634,44.95785500687167,46.183051335510946,45.857727098466206,8.044510865280038e-08,8.107888321935551e-08,7.955279734983901e-08
N0019,0.2,overnight,False,False,True,1296.8752780089887,1306.4699158339067,1305.6927554478157,1153.5408457523151,1170.6498300668923,1150.8344038125672,1149.7432079121181,1167.1059572702159,1159.7137891025757,677.0131949199139,693.0988930842719,684.2372521644191,615.5758437545179,624.0648542506563,616.6733238523533,131.31304766473335,131.158800529896,132.94415965627502,7.799113726400909,7.524017626496582,7.695461517106793,198.5080945281863,196.4632856664222,197.46017428297083,199.30860460111478,196.40748910240353,198.0130508004993,131.66380181901803,129.3651900617801,130.383913253296,131.28916639664845,129.46023678056392,130.24252731185106,5.118473718289483,5.140997346858913,6.230082005415149,2.2503570348809876,2.314824226856574,2.2688473907893103,6.2772776470899165,6.262477010505725,6.274986805001692,135.706773149591,134.40199592805897,134.94793903923323,63.49710430350293,62.54840314237252,62.984262199641364,13.011744508691265,13.9903999882478,11.330297095552364,10.815680818612734,11.76265796572442,9.070732273878559,50.79042735709464,50.20480833937424,50.630904986666856,8.56465760752628e-08,8.585980678523197e-08,8.495870161682778e-08
N0020,0.5,morning,False,False,True,1181.7208679191967,1211.719319252801,1197.280390838357,1039.577365169797,1068.7447957364848,1054.9587108879311,1044.0410635897333,1073.8251551840565,1049.2001479378932,589.7848252660997,620.2017305260694,595.057495987165,537.1663659802945,553.7200726265555,530.6294757171734,125.79030321385412,127.31890009377712,129.3027715678033,18.773911941037056,18.89476527469556,18.715683590724996,195.73258742073625,189.91911837830287,193.51409701507737,195.52519661369098,190.16547539113324,194.64758446841455,127.73928114281969,122.56415486666454,125.46697642568996,128.03200090310116,124.03980246308485,126.93685971725584,12.762265635620174,12.852299293852436,15.645300088849206,5.660968924882292,5.744544013274955,5.657269674734412,15.04974688890573,15.03104838615052,15.035574811718284,128.6561803384119,127.45945343516391,128.8961318161385,56.7943704430874,55.52607360887102,57.50827485933344,32.6442442089878,34.87256889019689,28.437353714241215,27.06097966632172,29.353263071364918,22.922347630887376,37.06841331171592,37.45268270236553,37.70624343733555,8.194851821298928e-08,8.282848458578641e-08,8.147955938867174e-08
N0021,0.2,overnight,False,False,True,1298.8433253431879,1295.010969468148,1300.8951146091545,1157.9660700309046,1169.7984003103259,1159.3971285769446,1159.5408797678692,1168.0519808991626,1154.0379123974265,679.5197042663543,689.6169396355151,682.8682466034091,619.4344832705095,623.4627298941343,613.6824462090046,132.04695518831764,132.21280175702702,133.03669762258792,7.826193058453401,7.871610182572531,7.825351044235692,198.69622730607747,197.38027816811618,197.44349387990306,198.8641955482926,197.89952946219293,197.8625866370071,130.5655441965259,129.2788418817981,130.18423886414507,131.62719914335756,129.46921254714292,131.97102819677067,5.0887861692654495,5.1834492715779685,6.235500214334419,2.2530109475780256,2.324796029184738,2.256833471157769,6.264577653411521,6.279032281493869,6.256458519477781,135.7302307415953,135.09082010058452,134.61917385584115,63.53460267957227,62.806048473081916,63.44000097904349,12.992996178752374,14.015718232022298,11.40855049563621,10.827316786042836,11.776425796913866,9.073061073354728,50.52154917944653,50.535815954841155,50.466718406563686,8.559764858663398e-08,8.60784261549669e-08,8.546631315419663e-08
N0022,1.0,peak,True,True,True,966.2875341789629,1025.076007252238,988.7026693733761,830.3495831643669,883.9447640902974,850.9069944907504,830.1998679067358,883.7783874247588,852.919246421734,409.62975565845665,468.44608477574354,422.49782757955455,370.0572856804611,412.45727514392667,368.2844210425845,116.68443376607371,118.41304929966225,122.7223631953158,36.828368907451505,36.85110242667326,36.58445492444717,183.9892440595191,172.8100476296768,178.9521275343416,188.976222572122,178.57017428668843,184.2388667132201,120.9827253975206,111.17080430688112,116.84390558737962,122.86587285972588,114.04033141899782,118.3091737442597,24.89794133111955,25.051531403215638,30.473242587327544,11.135917723454728,11.22017226774422,11.093420792102616,29.365210298099548,29.449869108481213,29.472658157321593,118.73546662718604,118.43775871087048,118.34345865825809,47.90874668653227,45.819512901625835,48.538644988181744,63.880060073257184,67.93242741287028,55.47305623412387,52.7453729452968,57.35927338071627,44.722383917826875,75.64900903407788,72.02348933291834,70.58434915143651,7.741084319088671e-08,7.871165388743631e-08,7.785521707204183e-08
N0023,0.75,afternoon,False,True,True,1077.745418189312,1107.1812379729963,1092.5090087214596,929.1090989934726,968.7468095334772,949.1894456852064,935.0868184091889,974.8752516790751,954.7452159983092,497.4429661436635,539.9764731266957,507.44390119775375,451.34034939955177,479.21395590798886,451.75919832660145,122.11391565921097,122.30553420238908,126.0889357638105,27.617007952184096,27.837153403414955,27.58352629999901,189.94038616024932,179.85903313040973,185.6162641628536,190.64122872429644,183.9878758628556,188.48195062147022,123.863700891266,117.02589417668489,120.00890403058801,125.8666067579512,117.6274416627778,121.80546807468922,19.04064971618156,18.96199934479459,23.28122336644325,8.399175998754002,8.46598042239163,8.397807294532978,22.25790073620934,22.405800143321674,22.278836652611492,123.86983707311865,122.33706522379643,123.62237963259703,52.26621781939566,50.11622099430356,52.53725867620319,48.50508445895946,51.2857545886557,42.04236548513209,40.024628580454554,43.491081559764645,33.694561788511876,45.25603726780602,46.25571859381718,46.086650706808165,7.995170660059323e-08,8.126382166428076e-08,7.965838247473173e-08
N0024,1.0,peak,True,True,True,967.9600639232439,1025.4288999480198,996.9137426108845,825.7303741362924,880.5450696587591,855.4863112056266,827.4461747435817,878.2256867260359,857.4585540781466,406.83081926281073,461.8338065434315,429.104467072087,367.2273748098147,405.24550941828915,372.2322993383345,117.29818119426527,118.90253314712079,122.65825845781895,36.6127452626065,36.763121371638576,36.7092809652897,185.0902626989612,173.5187456891435,179.08922794216608,189.15485487821337,179.03215224840008,185.39524932968453,121.25135538066861,111.94906950169054,116.27901709048527,123.83382779395885,113.8754971909166,119.02412688884023,25.071173818101165,24.92094160431238,30.401718808348075,11.117108179611765,11.130983107470842,11.117161493448863,29.341681903943638,29.49956590390059,29.457616539126786,119.08067584540558,117.8537978005401,119.3946917484013,47.842653984922485,45.965855092585315,48.79257601590671,63.95794784212435,67.78139911275309,55.9408178556686,53.187776223851586,57.15741046846821,44.50751927771507,76.32623893434776,78.2116642806901,77.96221990326671,7.790308570772195e-08,7.901675916925833e-08,7.724365545162224e-08
N0025,0.5,morning,False,False,True,1179.798452215356,1204.1976178716757,1189.411063709228,1037.4800991971479,1070.1099826146858,1054.4107000369588,1038.193417761404,1069.2281294681814,1057.060439504252,587.8872287110354,620.0262097295808,596.9250329780729,533.6873983377901,557.5144936557538,537.9702901307874,126.31484536596716,126.51334839082119,128.89692011989078,18.76275967093363,18.800057874183633,18.708435140273124,195.66374207309408,189.2919580853227,194.12687201153594,195.16524013004766,190.6638421564171,192.01771398626101,127.58230020422569,123.02404528383813,125.526556040699,129.0721663383601,123.84237700295219,126.25304363227416,12.801963435198411,12.836636252871099,15.618099756110528,5.666110907547172,5.757089100284133,5.689144267569493,15.15049098838979,15.039480073365253,15.129210259189826,129.2152684342589,128.73057044254406,128.79706910237726,57.09001063345312,55.98459565271469,57.617514669446784,32.707988074449034,34.9088184565608,28.42313009244501,27.09788319043892,29.346168502800406,22.791409916100285,37.16652439691015,37.341682748943406,37.64273039311573,8.306654574433226e-08,8.295730431308369e-08,8.173387345546896e-08
N0026,0.75,afternoon,False,True,True,1074.440779976819,1111.5657250292395,1091.4459332778952,933.1512206558964,969.867711582122,952.8194106423579,935.6766567011788,975.6203165594756,956.2627672332063,496.5961999883724,534.9015511744012,506.9211614787622,450.6608992969038,480.25045254245697,449.292725971138,121.4893303338492,121.76429417475399,125.23110675907039,27.775173324194405,27.80207508150378,27.628782999894103,189.40354310980754,180.10314523267184,185.01582633408793,190.75804518924738,183.89187443107096,188.59021024487507,124.13327249622806,116.66766982976945,120.2003792547688,125.46958097550338,118.26548921945775,122.25711021261567,18.956766954872947,18.980388964060694,23.071819925408434,8.410509506498029,8.4775481393092,8.40772047477162,22.392004041392244,22.338643416850765,22.266340874969934,123.39548113718917,122.96042294922361,123.56104651465694,51.917254392975096,50.24502992014377,52.761060113139905,48.4362152484167,51.50341161146905,42.128664124392415,40.05416797644853,43.50655255953033,33.709935808719536,45.192983556476214,46.27583839931083,45.864760109988794,8.030012959519367e-08,8.117672765289963e-08,7.959033152197565e-08
N0027,0.75,afternoon,False,True,True,1074.115529018364,1114.209631976262,1091.4011328485421,932.8609110032501,972.7433771342629,943.5801445368897,928.8774392371147,966.1119177431967,952.922692956816,494.7215554036572,540.1080209124975,508.613000953157,450.4480167379552,480.85315913870164,451.8812802778746,121.03248262745144,122.29722723360825,125.83605212903957,27.76722137471558,27.86518951163485,27.704640081442786,188.79058187307598,180.17918265047916,184.1813002605708,190.60954172137215,183.7743176980172,188.1739059681383,123.32799425319475,116.76499169081592,120.81617342988602,125.9239780034932,117.3226617908467,122.05068616605816,18.924172152309065,19.020628819437437,23.18994157973716,8.403907634121254,8.494995686445959,8.400292175637146,22.286694086189808,22.19981675992966,22.26942447229129,123.2859899962588,123.5733238205877,122.85676927255611,51.8466836738383,49.83147632766168,52.55278755741384,48.45937986096718,51.72959882135395,42.21351921860149,39.99128480944957,43.09751871209894,33.71227707244644,45.15197951187556,46.1757169430772,46.06214453897613,8.048262265716e-08,8.075127411265248e-08,7.919849511808367e-08
N0028,1.0,peak,True,True,True,970.9199482255776,1025.380032773383,998.3093541319872,831.0621709275418,882.7321695684427,860.6616323047746,825.2330907842253,883.7044824908061,857.5906370981837,411.02589983923417,463.09168103559466,427.9628280547175,369.1585182855834,406.0907862330457,372.1016604657067,117.3283148944226,118.99873399706966,122.52558757851453,36.7360064453181,36.71925168706152,36.591434541801135,184.7982684322631,173.09135571799698,180.34968714858854,190.11227974426046,180.16914039246092,184.99456394872834,120.7604124129754,111.70970093879872,116.7534903493552,123.27417907680405,114.33704652203605,119.16273243323155,24.93314047448324,25.069602346104116,30.631525569774233,11.087990569598496,11.136449717411388,11.121733411796837,29.481325883972147,29.637440547425307,29.5527907700593,118.48217348197677,117.72160462168074,118.71432232677945,47.75994943452775,45.66630679339259,48.55242561974112,64.00291286699112,68.44641417736067,55.56073217814772,52.74570577145138,56.87516386446593,44.28968551721116,76.37683697945599,78.84190330363771,78.00010229465312,7.778957690940458e-08,7.92401861367206e-08,7.714465403789531e-08
N0029,0.2,overnight,False,False,True,1294.978892429455,1305.7624651036542,1303.6841789631617,1155.3719080897595,1163.5366154895073,1155.2741462808401,1150.6183327653946,1166.5754613320946,1155.481003183699,682.1710814245167,692.089786679781,681.6181791708512,615.8711107695699,629.6623155164026,617.460444822451,131.4984992628779,131.42205198528532,132.0403700085935,7.832785598685355,7.508167794789696,7.618542050001584,199.31958339841225,196.1617609411582,197.81343659058214,198.49019728900822,196.50344313794167,199.04063886166068,130.79159551634135,129.41787535459636,130.09040288095835,132.13477069969275,129.48563563212662,130.76212664552077,5.077088881836952,5.159236814295855,6.21093636015268,2.2604426184191224,2.323237475576334,2.267377220862285,6.250706214460465,6.284734105866121,6.2453560507269446,135.18944858113395,135.28083913991708,135.04584493107268,63.69244005048632,62.981055224497645,63.47707575324562,13.05467931181785,14.015894116442976,11.40118502534918,10.800433641813141,11.779495948955152,9.105873910510963,50.45214802321968,50.16784648084198,50.23780545202018,8.559616022593388e-08,8.614154445848212e-08,8.513281530828312e-08
N0030,0.75,afternoon,False,True,True,1073.5983643901816,1116.9116019546962,1093.1275086371586,927.7436650258319,967.0123338994334,953.0107909470618,931.2687227857446,971.9814465504602,946.1795206069295,495.92922061597875,537.1512779297057,510.381299615012,451.9050313047979,479.88651393274324,448.63279419871793,121.84377269988714,121.93818193004435,125.70555979686073,27.78086956745382,27.752794194008356,27.61326631131771,188.7523149545599,179.93972210822224,184.8223895231144,191.65999235410834,184.99061898977288,189.26671073322427,123.80609738476498,115.86400244663876,119.97767160325441,125.2631524836523,118.41565125366499,121.87176071390842,18.89323032962091,19.043700222338384,23.250081771914747,8.363140711852822,8.499730203252183,8.410415574056788,22.376791352024263,22.208240502266126,22.363327238180773,122.99008495988878,123.10917055017148,123.72665435723786,51.778297643789585,50.15497391473318,52.49198018522457,48.43790585125509,51.712447283736246,42.308325758465266,40.057104864329645,43.45401032034624,33.79336082018016,45.1375467019936,46.250180044205706,45.89430862861335,8.027347337001694e-08,8.131271371370626e-08,7.917494047318044e-08
N0031,0.75,afternoon,False,True,True,1076.1991568464257,1114.640233322124,1090.6061297954343,930.7176372889182,969.8901153100129,949.5140966183651,931.3110253651289,970.8079255790736,948.1220110787749,496.2112271424292,538.446959285406,509.46953046703067,451.20551427161683,478.7330600042996,448.46833966716275,121.57301542879674,121.34862566775719,126.0455481178902,27.778530243351053,27.733067455945655,27.74058286162632,188.6629658249497,180.00630361628825,185.47182880760747,192.19813835533654,183.8038069358237,187.3109552194949,123.86612902446387,116.31512675972179,120.11271191259702,125.0361599191641,119.28521099876626,121.87931186236305,18.948976545875087,19.09014840293979,23.04234797959987,8.403250771756515,8.500932451927689,8.414955217921369,22.27212410298616,22.429543386007573,22.187711074443694,123.48704855599141,123.0459116106055,123.68010014916511,51.864170654393924,50.344037405394815,52.427300542705176,48.287224759985534,51.833945821612694,42.203039821536386,40.097393610810244,43.21982615508393,33.69190754863962,45.062583228323255,45.935951339279434,45.88078034673411,8.00725280588245e-08,8.099930990479771e-08,8.016798484208973e-08
N0032,1.0,peak,True,True,True,966.9212790837148,1020.0908537737207,989.57630831272,830.0606741071886,881.9703046913676,856.293936845859,830.9807111926441,880.0424657283346,854.2260659796001,409.4308126968769,461.29252251867854,427.28106095993246,371.4573024055798,405.41748954565276,370.4358558664138,117.65240867691591,118.31215226472317,123.09974453598302,36.52823505016748,36.77609866381894,36.723541805066226,184.80362234235093,173.02845465045417,179.1571872722548,190.3877850379327,178.83630874969526,185.17427296769011,120.13294625435287,111.41026208859084,116.67204135927443,123.0276958828347,114.35921452259575,119.20120810311325,25.030988441715103,25.090083485426852,30.561644134914655,11.1422656696975,11.163868828802931,11.018975094285743,29.51277656591888,29.433770661008165,29.568802990482755,118.88723780663854,118.32219804882223,118.8451376084426,47.765661529053475,45.551537452382334,48.67490822310652,64.1737088915088,68.09112974398525,55.59263978357341,52.724149335310045,57.12113644640117,44.62538087977596,75.90804470063199,79.47482057733248,77.73557363943752,7.824371780701146e-08,7.894984465771184e-08,7.717968105598054e-08
N0033,0.75,afternoon,False,True,True,1070.680764187591,1116.5324061251035,1087.8348082128166,927.0688819064095,972.3288148017731,947.8669901297492,929.3569848773019,972.2970583920552,950.220831043214,497.6421356957637,538.5142827428812,511.73155844312805,449.82123833658414,478.8889343371682,448.40061468517075,121.67549209139771,122.92537282846213,125.36959466972696,27.704737715912014,27.795443205347386,27.734266393238205,188.51296233883642,178.94704930974527,184.0248962344831,192.34395042723904,184.87178518560108,188.89118102576123,123.39849668450684,116.68901422246223,119.7865755215655,125.77178420918206,117.96835250207732,122.38125474690356,18.954294966465245,19.063437237179755,23.25070031181701,8.378601976478535,8.441960812516847,8.381319529802624,22.16409124454028,22.337611407489895,22.202609703570005,122.81165179857842,122.21893923361145,123.34340167885179,52.42414065666159,50.1461652923418,52.38144541871928,48.13161059795709,51.58943635693646,42.05362611189489,40.04153139583701,43.379666794710914,33.76163067045402,44.997115200754145,46.30212655740328,45.78378927127335,8.029592950267315e-08,8.137080528630892e-08,7.97439755859539e-08
N0034,0.5,morning,False,False,True,1181.0834882439522,1204.111411166087,1197.5759604031548,1036.4788237304306,1067.7982133024132,1053.321160894813,1038.8040718039288,1069.2574933753692,1046.9370251882563,587.0520044884939,617.9469651919038,597.2971000777641,535.249987972239,554.1240072098897,536.5559111618587,126.30466468661409,126.20609082656048,128.87601674124417,18.74780361510788,18.82002886273877,18.602536527556666,195.36282191294706,190.14624254194786,193.69135757702009,196.16075980498604,189.87434582073735,192.3996758095013,127.47141684116653,122.87616516633109,125.07658321485827,128.87850415184187,123.92955339153268,127.18837481140665,12.779272265841174,12.909638016449103,15.685710842810922,5.661727409420428,5.760223383032651,5.70251896621451,15.109434296791951,15.079261537982903,15.04593400512648,129.53089596600444,128.7526913179881,129.08839121087632,57.13778797244192,55.722550994405225,57.66807432892484,32.73491502731611,34.923443403473506,28.45713409543342,27.174298317497588,29.393022586446158,22.78421114254577,37.00543799880686,37.39113214271957,37.45048923503382,8.211400566258939e-08,8.333074282594689e-08,8.158967102284992e-08
N0035,0.5,morning,False,False,True,1180.6166562427666,1203.3420085599776,1192.7089111854093,1032.8541178513126,1067.6513677098867,1053.8671266319036,1034.465089952866,1066.865792009817,1052.016924268681,590.8115590645447,622.8731958473858,596.3387479429448,533.016157736745,553.4014647190828,537.0095105174191,126.53655376393587,126.17949665772133,129.07286981263633,18.599475956119694,18.715996659078062,18.77046084989969,195.77724041437858,189.91906591556935,193.29292869545134,195.08834728671303,190.28706306241216,193.44871203004305,127.5456860211242,122.33625864089844,125.5498715701823,129.09818615137584,124.05069169328269,126.87286383495233,12.775222209659372,12.803631285258621,15.652505138999782,5.680100439994382,5.790907840214371,5.698850333683611,15.05842421633055,15.00639717302719,15.004116438074965,129.24717444652427,128.389466621149,128.8198161656956,56.84672838825333,55.6212457266287,57.219695697985664,32.83848734656727,35.08864178796552,28.52031402003937,27.100719917580665,29.210373428466422,22.759416102975287,36.9110341668302,37.52130909468811,37.69915558393297,8.229842729620619e-08,8.302591125912253e-08,8.127263139869514e-08
N0036,0.5,morning,False,False,True,1175.9033429096417,1210.815056614217,1191.2524502495382,1042.07455304419,1070.2195709750642,1058.4658363501335,1039.5941733004072,1065.6479421509243,1052.4610059600482,589.8850093235435,616.0104314899661,592.296826122118,536.7341026300344,554.749476277076,535.3279721024696,126.73764152097236,126.94947656487656,128.86898428509093,18.695423209406762,18.75460416553411,18.72626698073961,195.7884723418021,190.38636020793894,192.8435000451084,195.53381630944668,189.06777920990862,193.1069833715668,127.40211665837452,122.90375399372219,124.98570011930727,128.5704631636015,124.35390464449532,126.31716566796794,12.86429630858394,12.822747418745005,15.685308681869357,5.6458406324405255,5.727709537051841,5.669350135003059,15.029788626572723,14.983174546159816,14.93323898620127,129.26328501432138,128.517692894431,129.19221558276303,57.07022695640048,55.585571500563354,57.27448615232022,33.036598844457956,34.894507158755104,28.40908114563304,27.050700359967994,29.448863390372228,22.74061478236472,37.23471734866744,37.465948677351804,37.640056935516576,8.250296435133902e-08,8.320266348760491e-08,8.175604789046069e-08
N0037,0.2,overnight,False,False,True,1293.786652477329,1306.5023387927863,1302.4571784332202,1153.3113739720218,1166.23390898258,1166.3099638572658,1148.4451646545865,1164.7706603398124,1154.7500299314154,680.5801630978463,691.4002092041617,679.334597667254,616.1570393402964,623.942704465553,613.4197063454474,131.74150809229434,131.96543649457607,132.98704989143502,7.847289544425425,7.812540255018091,7.885485986774621,199.2070719872587,195.60323857810727,199.22234250397096,198.3966199762575,196.44605672201627,197.1626567622177,131.12430896919864,129.47071680031556,129.87279936774348,132.03807149630848,129.42822155645788,130.51507196391012,5.082253575743666,5.162663629289959,6.233286235677616,2.2666016644633538,2.3232724735611656,2.250879202512238,6.29049241298414,6.287572464038063,6.287813196457396,135.11195450142517,134.87186871960907,135.94698071869584,63.35897149633121,62.76999835208457,63.553846033792695,13.039102083657783,13.952673693472999,11.402055850451074,10.766982471052852,11.750606902636672,9.145752057067828,50.35147247096156,50.15288713797473,50.24318654252204,8.539973779926854e-08,8.616786948717515e-08,8.516497294220779e-08
N0038,0.5,morning,False,False,True,1178.7245500245785,1211.0519170483528,1192.9529905328643,1043.6242714418092,1062.8282506306787,1053.2442015876625,1042.872409132741,1071.3443342947648,1050.6018151336689,587.4222818974434,618.4077661256534,597.0709049747901,536.1461293689498,557.040216089605,535.4815035219871,126.16051350467883,127.08918473602017,129.48057207356536,18.727930624725268,18.684167308061564,18.797766137095557,194.7740293938402,189.93768090440514,192.56269056542436,197.31558317709644,190.60664397960767,194.78528815940254,127.3212049882737,122.40894124834541,124.99994650921762,128.67929560829387,123.35839002426665,125.96421124269936,12.80210144271463,12.840456683175297,15.6171790756812,5.660196652776591,5.760300085264816,5.707281913168546,14.938650730705216,15.012444967365289,14.947987040679296,129.30619247013965,128.25382594889697,130.20811923510306,57.27998889717575,55.868800905394814,57.479869966725836,32.82868023486993,34.86127199316917,28.506381432639404,26.99945898630576,29.306575392017162,22.672020185323195,37.06988736252924,37.55102075022524,37.64170616242658,8.254028542179354e-08,8.324840652255326e-08,8.182840986580525e-08
N0039,0.2,overnight,False,False,True,1290.1185630067641,1315.651320732392,1308.8239049949023,1150.4175159691858,1162.954921410438,1156.3079367611147,1156.9847844008632,1162.49557300958,1157.5397689124488,679.8524008892553,691.9706410788776,682.5557749973334,612.5562865707234,626.4498666643276,614.5248220037097,131.09525680432452,132.25214081086497,133.32202424428726,7.855060013616301,7.812764116086466,7.818348474841006,199.14105146847317,196.66380606766552,197.59709646431781,198.23372254634347,197.1370085566471,197.3142781542536,131.17622204873973,129.0524422154223,130.54224898927814,131.9521755507577,130.43465318882664,131.0558669217465,5.095954629694908,5.151130786527884,6.27386182842724,2.266075979681226,2.3223439458965602,2.2701071547855816,6.267684489154258,6.285136498689214,6.251270540043736,134.83278844827183,135.45496148022198,135.11615675713526,63.2669928283503,62.78239926214664,63.514398314430856,13.028885246657419,14.053660790671492,11.294579022834908,10.81005502970122,11.732004332063106,9.091504891504897,50.65145605063023,50.653711664008355,50.392067831041025,8.499244332489778e-08,8.587132335086133e-08,8.497948554628667e-08
N0040,0.2,overnight,False,False,True,1300.301573182696,1305.4662391380657,1300.2699560924525,1150.9976936686467,1165.9024977218805,1162.6058009733438,1150.3228522301392,1163.2960574029248,1163.973433816322,677.7083174429711,687.8684352934656,679.9219827025611,616.7027370345652,622.2721512690059,614.3597574520312,132.2382555667019,131.81368973659397,132.99676261695794,7.793746836774942,7.791542577824713,7.830493538887494,199.23011886745783,196.4184919254174,198.65527145928309,198.53917732623805,196.4209550700969,197.39103529570875,130.6875860458739,128.92789431444672,129.12166575630235,132.14178956511037,129.6507630414442,130.4609784703691,5.098909934957859,5.13559228865854,6.2670460922244144,2.2661462967321953,2.3182378941013524,2.2531071519625714,6.264575008230313,6.278976890449702,6.280355439668263,135.30384653398562,135.31761405306608,134.96711525160117,63.5908239522336,63.09822734978844,63.58662315642655,12.978755634777768,13.997322510610395,11.33443842622492,10.752733490361013,11.656258842358325,9.060220340357622,50.40757892600471,50.26465794849068,50.19073841394594,8.530396901646285e-08,8.632337063218163e-08,8.513308482326525e-08
N0041,1.0,peak,True,True,True,970.4085384620992,1028.726985982641,992.708130537711,831.0964635261932,888.0278933858317,849.6622531422057,831.9602042366629,885.1132006230816,848.0184345169342,411.10652507277746,470.8981669151552,423.3732501944647,368.7406126647739,409.86289489902407,366.62892327729196,117.71650516435265,117.63173177408208,122.71517836151065,36.59962671118129,36.865138029778265,36.55048186281182,185.40719686637354,172.68508910870204,180.58035780312264,189.30536685372135,179.0897399347044,185.75012757604796,120.46932064334283,111.56897832059215,116.38718361538925,123.56551090203651,114.1362272454233,118.57716836078274,25.004654288849125,25.133805742041197,30.506766487177725,11.057857562771941,11.18021265800546,11.079463966106054,29.50970604725819,29.45181312911324,29.251987963899033,118.22157489711236,118.42258879969897,118.73404225419154,48.00528278772317,45.65167300442582,48.6782255792401,63.637295458643344,68.1655301773473,55.83414036680003,52.89142016559038,56.86224199925561,44.582192340193764,75.92422746133167,71.43410325788253,70.444079733266,7.770211719181216e-08,7.879064994689798e-08,7.725558225058262e-08
N0042,0.75,afternoon,False,True,True,1073.5652323105392,1108.7967551481624,1089.8271418867134,929.1603185914604,967.9817710349695,947.555025114709,932.9135036864287,974.2932286654865,949.6596740607675,496.87482076728463,535.8710073100245,509.38536081934257,450.12363336800627,481.102430893764,452.00842607950943,121.27183299748161,122.28286741257354,125.38483382625,27.829852176073878,27.82416928694788,27.624244089778596,188.112176483939,180.49862375222773,185.57840867764432,191.625643926768,182.96772810468835,188.66436024777894,123.55047822135816,116.64447804091154,120.09316071215146,125.80437032113339,118.12073770045177,121.72080399380337,18.890682692524425,19.028377139605983,23.17914356150166,8.401732398035794,8.488571552493955,8.389637934944094,22.31629271297973,22.330742643048197,22.295315518403097,123.36461031784916,122.62244066238621,123.05823504483698,52.487592318282076,50.5156978500505,52.32172000926235,48.46792270052664,51.813523274589166,42.271755951888856,39.82831501985992,43.211986287619986,33.797337844640225,45.121606131503,46.32905563388613,46.039747388388975,8.02028636514593e-08,8.131630822588001e-08,7.955291819263678e-08
N0043,0.2,overnight,False,False,True,1294.7500926669027,1299.753557777419,1301.0517409328431,1150.5848067685674,1162.8205433782725,1158.6310179617708,1152.9332229467927,1165.8109168018452,1154.497941328911,679.2832574028595,691.4745675265095,679.5064784731414,614.6698741910747,621.8828513902899,613.3313576135013,132.2063151050369,132.5036661724433,132.93274087795686,7.81591119257358,7.508147309012773,7.697389228099437,199.20690640939773,195.76107909898832,197.9197872129141,197.89045498236356,196.86484607875903,197.81208954986144,131.3451115622149,128.057599814229,130.30206927655863,131.94910881155286,129.62804123086337,131.06663454230377,5.092327897913754,5.180239741960024,6.271717156807084,2.267111512750423,2.320543921086269,2.2526689202887784,6.245653332314386,6.268080888529386,6.254617617884734,134.9074895569298,134.76367474847234,135.1765330728297,63.34865022422042,62.61744329135466,63.29701682300939,12.989338404930024,13.96610853620788,11.32902808175702,10.818909397754188,11.697119121005064,9.070317998628648,50.49686513175979,50.59858316033961,50.69944591376292,8.570839405740205e-08,8.609264895119646e-08,8.579813837648188e-08
N0044,0.5,morning,False,False,True,1180.45330168147,1208.7942994110142,1188.0974548445538,1041.0830409279324,1071.2188735100049,1047.8863439932907,1038.178667718346,1068.2003361052473,1054.2105521406231,585.698203307795,617.8962005942687,598.2447647473833,533.7283857998699,553.2651355538619,536.0093729007509,127.16114481998345,126.43995150653505,128.46993422645932,18.75226527776094,18.738859739067404,18.712137623788188,195.50636648937527,189.66741350152748,193.9336247641494,195.056933134985,190.17973068273326,192.48309546569698,127.74037589937339,122.50946996598934,124.38450968625285,128.7620066109048,124.37901254314694,126.18484530833075,12.834949861009246,12.913479485787802,15.689417139670411,5.65233862258176,5.739155598454175,5.665291867087417,14.982846954539248,15.035205226087644,15.108900334258315,129.43239578614765,129.30156626675554,129.22286088071832,56.94283616030388,55.74128465952724,57.19024569917683,32.62167401035723,34.9254326724186,28.386463164381627,27.04587931554415,29.241227938809278,22.775426915988103,37.319830488145506,37.3445257996213,37.77050427666671,8.191665217678148e-08,8.334633701154676e-08,8.222536144304185e-08
N0045,0.5,morning,False,False,True,1187.7690286354962,1205.1737855788288,1188.6263170361983,1042.4424837662539,1068.4369121335449,1054.60556113712,1037.113994484145,1066.9623603279174,1051.9488866252573,587.9954524082472,619.6179990571873,599.7805944232956,536.462825568313,551.1642011557833,532.9103254194912,126.85728964993088,126.77292139033031,130.54976712071488,18.710660578009712,18.889182123542042,18.770296619994244,195.49486891424777,190.8722601167708,193.478623664717,195.30597542865434,191.27069727436586,193.33077276916487,127.46549066116017,121.8067965708891,124.796942739592,128.81068104963043,123.21472245371103,126.91200475665897,12.758580271111708,12.86153448671714,15.53432527129636,5.675393574660812,5.709819602429672,5.694097060573833,15.03589903967462,15.01668898861561,15.110740767147007,128.4039355095684,128.33677260867304,128.85217141316136,57.40476892479874,55.683427008575656,57.127707182468484,32.604232592838784,34.947238486148095,28.53834621082603,27.084236021938874,29.367178389215205,22.859529825419322,37.220501778020335,37.29506987138405,37.829422605906444,8.296053668881321e-08,8.317835208281831e-08,8.158372648564656e-08
N0046,0.75,afternoon,False,True,True,1069.0998452379822,1112.0267435433032,1094.0759865924333,932.1155744466365,968.2572380326548,953.0104928945323,935.9012904127391,976.2170366188597,952.4697785410226,494.77995914941573,538.7570848013277,508.7414275402678,449.73752841341417,479.51484999555055,449.609712453655,122.1544606670785,121.98680754405578,125.88143660548081,27.631700024145985,27.83840710513597,27.483815105082126,189.45194570872795,180.31628044164756,184.80843876795535,192.26640336500316,184.45100317271468,188.6734692415138,122.91848809999544,116.11462088206036,120.2573929370116,124.84586167715743,117.75562679984851,122.07052477182589,18.966425831647726,19.074345578774885,23.148511344264264,8.429913756568064,8.449252910414296,8.385957010557881,22.16665269376436,22.42062474901071,22.263895573719406,123.06691003436086,122.81316394880709,123.06184404515162,52.118554150246666,50.456237243936286,52.184071192213416,48.5277466225085,51.49534198021388,41.9895172625924,40.07128188126075,43.60740543523949,33.65719980499997,45.267135772696705,46.407922425394126,45.863558560821495,8.036749944890599e-08,8.09978871466116e-08,7.936302159028939e-08
N0047,1.0,peak,True,True,True,971.0394833757939,1022.5657674125825,996.0285985098329,828.2752788092529,881.3776575943474,857.2240823796626,828.4950909133602,874.6612981448678,855.1514162719411,409.378073207802,463.0463217807713,427.17756007064526,369.2937341989702,405.8735216251504,371.89347203136964,117.12516858698343,118.66352875176459,122.8195379075117,36.7404439031835,36.65071047206747,36.576342114981536,185.09710053796246,172.92954123281427,179.366229504454,190.08269791274972,180.53024829946074,185.25679122751595,120.85908635105278,111.83603763887547,116.32155604485817,122.89188456711693,112.99125551810116,119.04006038335976,24.95218044887717,24.98142474536387,30.48596514932703,11.159550788902116,11.220628552765778,11.065125614899856,29.537758691424415,29.38204029271058,29.47900794689502,118.61375884053383,117.75223728624495,118.36431440948664,47.924028743107044,45.67970779198358,48.537804827533705,63.74578971359238,68.25958106086149,55.33155084706566,52.743143910996025,56.93847017332702,44.510629230960774,76.18036778278999,78.93944036386245,77.76236626613921,7.774769571950807e-08,7.911580620564899e-08,7.735243876130402e-08
N0048,0.2,overnight,False,False,True,1291.8486981311821,1298.7791469797924,1299.1739535747527,1155.9441733681379,1167.0194635299295,1160.9014794669752,1154.5429956432188,1166.748560045431,1154.7038471512471,679.2164072161596,692.8115963135153,681.2958687476921,615.8171306973695,627.3571453973889,614.385123856247,131.71727671305632,132.11276917350975,133.0011658198362,7.866619677575955,7.55663157748267,7.666776961538878,199.69821657448372,196.87218729661407,198.08974680921813,198.77468226631734,195.71561122238236,197.19557652353046,130.9986001310379,129.56201226267055,129.80183577473096,131.86060976781408,129.81108906278425,130.32680513290396,5.072047359508536,5.165185611013803,6.282575299422425,2.263066579744413,2.328353093386046,2.257861800577308,6.243070919287525,6.285225950202924,6.268258976315325,134.6969235695477,134.489635427003,135.83093282561128,63.26749164875304,62.77176021896812,63.76026321299746,13.053032425809041,13.992060289207664,11.383539864472004,10.788879542517968,11.792260734233611,9.101023978046431,50.51292752275922,50.37878477881746,50.511826744901306,8.567323687396654e-08,8.5921597489478e-08,8.51605815189465e-08
N0049,0.5,morning,False,False,True,1181.8089481915338,1208.491739025184,1190.0872331889866,1039.3613700451278,1070.1653743581842,1055.7097503134767,1033.959875588457,1072.285022702002,1049.0519983095473,589.1380382654065,615.6137578363949,596.4167066542396,536.7989627749439,554.5515781807776,533.1043698890453,126.27575075996074,127.06458672657352,129.7543166447067,18.682632311908915,18.65593449561199,18.67729321115031,196.46437909731205,190.51540989062613,193.86445398060758,195.0865289602367,189.6685083651004,193.31352672706907,127.19183153986465,122.42877299907451,125.40819775248134,128.99243710248308,124.54131379853419,126.80882760973806,12.862226341852935,12.857519041923469,15.616283323712858,5.661851076590857,5.74694221014405,5.67550514177169,14.944494763624991,15.015848827238141,15.029819155791893,128.45940189348232,128.646717301062,129.34649029998556,57.29444719049819,55.84802252948465,57.56921617523484,32.56847871722666,35.04789723879233,28.647230879390218,27.036724204947237,29.298235192640554,22.663555229589537,37.16457259750585,37.7824291137007,37.87105958652015,8.219648030613802e-08,8.301149444586848e-08,8.212740001455866e-08
N0050,0.5,morning,False,False,True,1187.4366434724136,1205.9415049862687,1196.4861224607664,1039.7526817366827,1057.0123283173143,1050.6701137809873,1042.637148662983,1070.033804180537,1053.5962990514552,592.2543042870858,619.4530877691114,599.718807100902,535.3186777215454,552.1974851536633,532.5379304046121,125.67061329927795,125.94886400298356,128.5281110126255,18.80051149579267,18.732527877324806,18.58990235535363,195.17432087886107,190.43278531587902,194.13228799636448,196.47434518055974,190.23884617596602,193.58786995602503,127.69971578261242,123.08767423208687,124.5346394906931,128.69163658032804,124.0690793288585,126.13730283876828,12.823332933257468,12.877259837611222,15.59716181677649,5.683760604577549,5.724796860957698,5.671902926263668,15.044754771227286,15.072013828131455,15.026281898459095,128.44930271108393,127.90310616100652,129.23763083160404,57.001011378059644,55.870558556831725,57.479498310740496,32.806307495558535,34.882872404801866,28.60570960581435,27.045752337992386,29.27979638058099,22.673424996919994,36.906240106782576,37.40289258085303,37.63232047543269,8.226461909073196e-08,8.35250341099951e-08,8.17092495958614e-08
N0051,1.0,peak,True,True,True,967.172110448468,1026.303415708393,991.9977119899035,829.6016902419333,881.2209156329901,857.1638455300231,823.6650717543179,884.8922594370364,853.535010645078,407.5271325451575,462.73878800168256,428.57787395870366,370.05619835350785,406.8646558268811,371.384488168606,117.70288922512265,118.5117363979248,122.78796795002991,36.618454655247994,36.953413658074005,36.70791427346273,185.82431017938086,173.69693853353087,179.6056779208817,189.57595032918033,179.63413905131532,184.94154779298702,120.56823486643599,111.17745553004909,116.51275762979353,124.17317799093945,114.05479145370907,118.50559286082172,24.78529910022881,24.99716779598712,30.44996667204774,11.116227132402264,11.12575684324907,11.09499498291461,29.3348864526891,29.49706356024883,29.409065536999535,118.55765154394231,117.9371073457518,118.80032003383963,47.83383761411513,45.79242522854633,48.629008184611436,63.699599509314936,68.31330791652165,55.65677537984405,52.66383345960741,56.90250588943948,44.506097101642425,75.85379526388846,78.69529758001912,77.82751624024193,7.795294778483425e-08,7.909172994117238e-08,7.701324799755322e-08
N0052,0.5,morning,False,False,True,1174.630098135506,1204.0271363516717,1189.898792960178,1041.2818964568303,1065.6647609138454,1051.6607561956819,1040.365187993469,1073.9488187198738,1051.6327572794746,588.1155808530791,617.3692179998488,598.5922843445342,537.0957263130405,555.0373167860457,534.8965278570577,126.71096143829813,126.47747390492205,128.82845232678736,18.714148267828623,18.853344993087394,18.834070707698807,194.85343429761687,191.6469745118629,192.5479522887906,196.5516756374826,189.78207485354685,193.40670073548762,127.22622571394245,123.29955083003931,125.299882533509,128.60899708656962,124.12863993177596,126.7022969571006,12.750976417623168,12.828678455074288,15.616751748048397,5.6834552207987326,5.739515063364339,5.702405249544616,15.014990704738809,15.02282383883154,15.024051604082988,129.27660334658972,128.83991140479466,128.62254286281558,57.15795622738468,55.679213189938324,57.20427800951178,32.56847137524543,34.97499351946504,28.554828032426343,27.054101652676252,29.291698541959274,22.811458025552014,37.00613186922761,37.37142971213309,37.686595263916175,8.216319299349154e-08,8.320335697437923e-08,8.167061836732147e-08
N0053,0.2,overnight,False,False,True,1291.4333721672806,1301.6190823202503,1299.876256319674,1151.5916684487063,1165.900256232602,1162.437870837175,1156.061153701096,1165.3910956514035,1158.1297791829315,676.6932059068027,689.1423621300756,682.1108245162842,616.486789555834,623.5759185703608,617.37030186327,131.9134154477936,131.92849972918603,132.93402954325305,7.82175454130253,7.877873179093439,7.830269249173676,198.92975481375498,196.2335832428968,197.57110960585382,199.90938099550712,197.10964930524642,197.52135947967423,130.99167352027965,128.80673952377833,129.73457857639494,131.25690241463175,129.5833233983142,130.95155242950267,5.107348281185242,5.171350387271944,6.244918526625195,2.2666032198813175,2.3260813098376687,2.2696689417421205,6.245099385808131,6.255886146573612,6.258116320337982,135.9824305219215,134.79549543704516,135.5130580655123,63.54105080364604,62.75869058163343,63.26064022304065,13.022200695051383,14.04627115072092,11.348797177515822,10.81474885713847,11.671055984232053,9.107881161972388,50.79732392491696,50.32194950510674,50.19562642596068,8.573378044958389e-08,8.657129008010064e-08,8.464582782197617e-08
N0054,0.2,overnight,False,False,True,1288.5886424839698,1311.4022118848288,1298.7967629719938,1156.3358010694965,1162.0243272103464,1152.4456491438193,1149.9414420553685,1168.7156070744904,1148.1519253258484,677.9746417337791,691.4554754700232,681.9432146457301,616.2801504085876,624.6181983255698,613.9422379415728,132.17349542948244,132.16121190634064,133.20045659350058,7.833169941260292,7.805749702277597,7.857307643073482,199.13536999132174,196.3627913152287,198.36919515306053,199.73581497543196,197.51117153667488,198.4069672498551,131.1300541673229,128.6080150374748,129.81776401721237,131.70390972514738,129.79581183728502,130.85166730187188,5.120465545101081,5.1163813995321785,6.229934195650132,2.2659186864757173,2.3141377464557342,2.2615832823462916,6.2822179339752635,6.2903589467302075,6.279526132798396,135.6127887439137,135.33575384029362,135.76902157274233,63.68187398975283,62.41974875109018,63.323829485099374,13.02185891606524,13.90035494719288,11.364693799096969,10.818489481265013,11.718479071964538,9.0520103943948,50.70625814162737,50.371516794312726,50.478785858649495,8.554795438491435e-08,8.525062472588238e-08,8.550266579705743e-08
N0055,0.5,morning,False,False,True,1178.7261806039905,1203.817015427019,1191.4546426781017,1043.9213550685113,1061.2961123502778,1053.57970515795,1038.8191832678572,1065.3052775540039,1054.8941433508548,593.323205609689,618.784976224403,595.8651785758871,538.539965049243,556.4540497862664,538.1450197815373,126.50464507127339,126.70440163118155,128.78586662434552,18.837341783436553,18.83711670143125,18.7327869345239,194.48643272979209,189.9726711533426,192.6185214905785,196.44631634666956,190.8765319204705,193.28581215137197,127.74418727372087,122.88182174699057,125.47046022565452,129.389867429975,124.44597034009428,126.02663395525332,12.865859718193702,12.882220293974935,15.643262779538,5.67533077639012,5.764528314790258,5.685727684015311,15.055266585740702,15.057896794178111,15.09749774191358,128.20416075668473,128.7800056700561,129.2658288288777,56.99841944653834,55.79022387327656,57.50443283633065,32.79457429029857,35.09476581587203,28.486029945369626,27.082402150821913,29.260864388377026,22.885191315581945,37.14299984486064,37.448735688805236,37.77694513984862,8.231922336956341e-08,8.316620094475926e-08,8.138791243381968e-08
N0056,0.75,afternoon,False,True,True,1076.9121842533725,1108.0880873611636,1092.0834298415325,933.4885226884926,971.9560803373014,949.1265559037795,929.8514122330402,974.9053234481987,952.2454079941415,496.16470026650245,539.2844313226693,511.3586863571599,451.3186707254157,479.93017710246835,448.16143120241935,120.98653936544596,121.67070953052185,125.63363551903284,27.72542058297417,27.701072401323472,27.647056721036435,189.792241101098,180.11279918498172,184.7895752599725,192.29020088004864,184.39355347747994,187.33860387661565,123.18928160778256,116.82453894576726,120.37403489727295,124.68698103119537,118.15386898922614,122.17218489374764,18.979668109494863,19.002276032882587,23.03459185417772,8.407750063454154,8.491442273099933,8.418408855915345,22.27666128842182,22.210124603877325,22.2951480875748,123.31251922203785,122.96776263492603,123.2031413039506,52.16781789824953,50.105814856386544,52.39068929097171,48.32300566188551,51.75365886319167,42.018331346743764,39.78488621835274,43.379436740299084,33.67129025761293,44.9694849983053,46.29010157327498,45.71844275831248,8.045461069452278e-08,8.120398157741016e-08,7.983720677349199e-08
N0057,0.5,morning,False,False,True,1178.0286455123137,1212.5130872294746,1192.4216285854877,1042.9190222112811,1070.4204539410741,1055.6146044000632,1041.3854032114805,1066.6499857583137,1052.9768352669585,590.3548279561808,620.2153330786521,597.3234239266852,537.8384990717414,554.4333982416961,536.8834415899477,127.15328917133417,126.68952999176264,129.69866437392758,18.68768931606953,18.79533299637667,18.632328647147716,196.1420483633339,189.04141574631862,193.50575677920534,195.69010366651005,190.00981992694577,193.83502832277068,128.32486077204766,122.85020690491945,125.59200473760374,127.88585805683697,123.71439489635637,126.25011391001752,12.748965585739924,12.936069507630123,15.675453465998947,5.654037783127944,5.768848275020416,5.7139427917407115,15.038546518057458,15.028713569565726,15.038535625464503,128.73926129700163,128.4516215494932,129.0275548576163,56.66712429041228,55.884585870084095,57.676478145821356,32.62346444197033,35.11255607778636,28.57064505336535,27.104566688447672,29.37510363982287,22.80586345998864,37.13063930977624,37.24901993853335,37.85361950937072,8.247355755906619e-08,8.334626710480561e-08,8.199125807610851e-08
N0058,0.5,morning,False,False,True,1173.4278473300112,1204.4180874692204,1197.3037026006355,1040.4891143206612,1062.699163656625,1049.216736349397,1039.0075338875897,1067.004849847541,1048.7760277119835,588.061097002076,620.9266599607658,597.6589551882932,535.0996111020509,558.2706898546032,539.1541185167596,126.39639761613272,126.96204149853942,128.41786673573972,18.807459433522656,18.78966983794816,18.78521122571452,193.87132669740214,190.71484421745632,192.29340810061655,195.51329963134424,191.03814776247287,194.35309402181136,127.1408808680052,122.76353632769401,125.41752403897685,128.53355857194055,124.13238827861443,127.15801704162911,12.792065776149256,12.901719856716868,15.709784088499475,5.671347694387253,5.749356001023192,5.662214819920554,14.955132915949545,15.069828685942621,15.07000336233072,128.42680478452493,129.13784952419732,129.87553130832927,56.94726663300813,55.92364055256531,57.27010427519759,32.68357684338641,35.07863971615598,28.353014701669245,27.104930429167915,29.386130650984402,22.925533362300676,37.0719010323348,37.43682372514276,37.84876731562583,8.218480552010468e-08,8.265553707184368e-08,8.157340764434758e-08
N0059,0.75,afternoon,False,True,True,1074.1734480417713,1106.6510748197077,1089.5442003597777,929.9905493448091,972.0441278816531,945.4291351297156,933.913930460423,973.1429654800098,947.0803685220197,498.36570452675693,536.9169826347666,509.2044389202373,450.7558624229222,479.22600459251896,449.959103652352,121.49866209331846,122.22963271502589,125.83824184068725,27.779334654136026,27.863123977277514,27.605843388964193,187.78306244766068,179.59919860411543,184.39735976293827,191.99363419870087,183.67972126744758,188.04057196680947,123.52031183877295,116.143150191634,119.86584490140996,126.35216111496132,118.90326332927019,121.93410884362692,19.02843265017383,19.00777983361964,23.133831528176916,8.387070962211677,8.466782606872965,8.384246636007747,22.29251970057096,22.326080960850415,22.27034874941306,123.07307715812806,123.01216379786659,123.39017210840935,52.26686767705218,50.005094775007684,52.47175879618156,48.771947548788994,51.907369338925974,42.04352751849175,39.969740504640235,43.325495804252995,33.535459936512595,45.07942716160264,46.43339794785013,45.88302323517425,8.047982289670942e-08,8.089408141799781e-08,7.953084471775595e-08
N0060,0.5,morning,False,False,True,1182.498669974474,1202.4224140561232,1195.3375201743497,1042.2113859124934,1059.7351034728106,1054.3685006199341,1036.7701189656677,1073.634676285832,1053.25245432205,587.2881701660497,618.5162129780465,597.2863867359207,534.9485222165605,554.2030311021074,535.4035317584883,126.1538456095243,126.6922153977942,128.6742395015178,18.706788213617582,18.784078848500844,18.667098346890143,195.92459456064273,190.93383828727784,192.23754330519165,196.4430088656311,189.587070564202,192.8767617068777,127.22944236934585,122.33594618438805,124.98507592432372,128.5769998936109,124.13275118857703,126.80912363039383,12.819297159547308,12.84012451338335,15.633096663264451,5.712933215749701,5.750465821207159,5.731255126605981,15.065939004003077,15.12910620031476,15.052079766600217,128.91883961015475,128.71464934835134,129.37280607403113,57.07871818016817,56.036949172212964,57.45809037259934,32.77268783420166,34.91053707793564,28.3786264408834,27.02183117288037,29.07091390898957,22.763448876844382,36.997416654576526,37.34778549853341,37.60775873378026,8.249252406342322e-08,8.329699251373712e-08,8.17135587234376e-08
N0061,1.0,peak,True,True,True,970.9923017358609,1017.2706173265742,996.126146147784,823.085732463134,876.9007472414456,858.1225110561757,832.1209146790482,880.6900925049065,858.0900027940805,407.36672226785254,464.6884061086712,429.6252686337538,368.51946963770075,404.7952215363359,369.5549786767683,117.5382456472229,118.13416499287247,122.53314672270159,36.50080362625902,36.663548195158164,36.50351069686526,183.4804945447049,173.32151673405252,180.47735366617533,189.51172644985476,178.61866311138292,184.05858944441553,121.09039006457476,111.58099760138661,116.59074643788112,122.65755622926534,113.82597085340538,119.117501510842,25.06857359754243,25.13753233673949,30.349245988473076,11.084886165479576,11.184521205379456,11.059982359142428,29.483133086388914,29.46130637007699,29.310376660645264,118.50466446911248,118.46642015354522,119.20960971167592,48.060084855957186,45.79630923993354,48.267955651952704,63.892428733981234,67.99587359714607,55.501481698913,52.72658103767656,57.09832473444623,44.645068565226616,76.23102744299248,78.79626314092965,78.07234462669061,7.782617777654359e-08,7.861892302023761e-08,7.750515140997754e-08
N0062,0.2,overnight,False,False,True,1291.9675827892313,1301.5006817395056,1303.1617805995215,1155.604310767411,1162.623173036633,1159.4503234030983,1162.2531621666838,1167.3891722066314,1160.6999061353886,674.856674637297,695.6648803166391,681.8250509169786,616.5507809549615,625.168406826995,615.9536445206106,131.73329016145064,132.38541135914494,132.48026029226634,7.890769629941073,7.516924629893164,7.69055398241842,199.57868904387888,196.6876953411332,197.56501269916183,199.2062615972352,195.9255888204093,197.89905720372906,130.96490245553352,128.87155564555712,130.3568864002164,132.1996331759926,129.59444170850364,131.13136740233404,5.0935702006312145,5.186876646924988,6.263777886382681,2.2596187823411413,2.3273711823989554,2.2658871269426033,6.2883899354841715,6.287175078033671,6.24684979977391,135.48433800256905,135.29959089177845,135.15204640277327,63.225366879330956,62.90478165173883,63.35963611377202,12.957577219366714,13.988265874607416,11.362953810519183,10.819627782372875,11.752229421114254,9.078593046502819,50.518121986679816,50.2435703417131,50.26818254931555,8.531592379004294e-08,8.612357695924203e-08,8.536734354589226e-08
N0063,1.0,peak,True,True,True,968.6187043622898,1023.9102556352873,992.8646638977109,827.001600242603,881.1321763310472,849.7298672719302,828.0027875111117,888.2799758459086,851.4802094678362,410.58232666327484,464.67298740988355,422.35965479184216,370.7398030063117,410.5993216216257,365.92936803461214,117.52854298178737,117.88304183462009,122.37680459561628,36.60651631327111,36.88496309172877,36.69396085384557,185.278175950427,171.34951999651082,179.54280163572855,189.53792081567516,178.82531025115415,184.43064706069384,120.82390419148473,111.53140872195472,116.56426957833189,123.87670763221496,113.86290483726512,118.9335416881712,25.03336476466174,25.106298923712814,30.63373127263516,11.117597956935313,11.133433436646918,11.10062866267264,29.454985734317972,29.41527212805547,29.453978053120657,118.09283182167371,117.43294074830281,119.27871143829024,48.009961187364944,45.8815313580539,48.33550511017852,64.0920980832737,68.24972963039995,55.6496951144691,52.738100077450305,57.35983513742332,44.722162060111415,75.6974176879536,71.40782587916148,70.98288376836564,7.805716698404734e-08,7.914539047597165e-08,7.715563228802145e-08
N0064,1.0,peak,True,True,True,968.6972743377355,1026.9974139621372,992.5028596044087,828.680871569213,877.4303669445898,849.5416355691283,829.5695132624727,886.2854105078796,857.2631734334777,410.3235140337974,470.57826969077564,423.30416030121796,369.15931781563404,409.2185492240797,367.9322731607093,117.56929506557007,118.22538527409644,122.57547585494488,36.72264203606996,36.63412742095679,36.56046962732559,184.20665605255329,173.122882586133,178.97178207014113,189.04073254117472,179.17844554609727,184.46797506564425,121.42058095253137,111.50318163563466,116.15778361874692,123.03644782935376,113.49803626534272,118.956259848952,25.005475404480464,25.16785568741014,30.61036850986611,11.100404334996165,11.153105553985965,11.081620408748215,29.421653774662783,29.441602780260112,29.302887556987372,118.76738922972292,118.39128261669067,118.40191923453143,47.84542229712428,45.634878469949754,48.281117385179186,64.05851510437405,68.7194928130872,55.599986734655566,52.81372185794075,57.15757156543774,44.45172066679868,76.03976843111622,72.18879512814287,70.6831510469642,7.805147709104007e-08,7.915674901062588e-08,7.70489479594301e-08
N0065,1.0,peak,True,True,True,968.4443934397799,1026.005591893578,990.25980419218,824.8303991630852,883.366863579005,853.8354285314043,826.355010262796,892.9437536960113,851.2043430503439,406.84746366202387,471.0792956957742,422.52126876416133,369.95123652071993,410.0857508719856,365.712659710858,118.03098564216586,117.63038442316308,122.66848024916013,36.66851620675124,36.85811027596788,36.528966016790676,184.03579415085568,172.6686851001011,179.411636085157,189.00055466234937,178.6656037091097,185.41584898667406,121.29314590079191,111.09619814778911,115.87493929613886,123.15762879002693,113.92067526743944,118.36341006280382,24.87142990554497,25.084880017989,30.549447739338873,11.053688203782576,11.173588143793172,11.095394291992251,29.44733291561956,29.617155931471654,29.557284420519853,118.58025517405338,117.90890950107563,118.54569659525461,47.929589712631724,45.81142691974834,48.74267413834077,63.87189483883937,68.47430875366955,55.50176030233427,52.56593583164068,57.21782077501059,44.390838168815684,75.680739833636,71.44305112336423,70.77519469425269,7.805843280774043e-08,7.916824799069872e-08,7.711565376418682e-08
N0066,1.0,peak,True,True,True,969.2985532743082,1026.6217337121934,988.3990272900629,830.7174819428978,888.5529261453919,853.287404990667,827.8715137193695,890.0163846164947,850.083008995568,408.135902862747,467.4928662893293,423.9990426775706,370.17137115725376,412.0442967737383,365.59927554102774,117.90050246613737,117.86578277144777,122.57752005174972,36.800579726069536,36.81781677453345,36.4287293555624,184.61433446343224,172.45888149249888,179.97447257912998,189.27765252739584,179.367137881011,185.02208545961417,120.39703385192169,111.7478509572587,115.9479799016208,123.71507594719469,113.72300742505587,119.5544438608016,25.07160687213113,24.99405462140516,30.6514424747887,11.12630155417252,11.224337299964665,11.158209400648094,29.373180089477678,29.46746450729302,29.522482239028232,119.24974941344423,117.9609948249444,119.13612331227648,47.82814244843537,45.8713395650124,48.295948908482785,64.07606570567998,68.31944411337507,55.707364221620004,52.801187966358725,57.363769083332215,44.226154130778745,75.8142663654848,71.48309003622714,70.80934124433382,7.778426603885969e-08,7.917161804341182e-08,7.710278805285438e-08
N0067,0.75,afternoon,False,True,True,1070.6295915183998,1111.7778758697311,1091.624773393051,932.0086212783519,973.1332231092131,949.582124924912,929.0426423080968,971.1219145285498,947.4361850013785,496.4283563486138,538.7079797210505,511.04839517240094,452.96365727510334,480.3130360534131,450.82608384650865,121.63876102310991,121.54252634119494,125.07766837239635,27.76499805979286,27.794893992584228,27.746376966197328,188.88065916099035,179.65255912277482,185.12618833301784,191.03727728801616,185.07632966921017,188.79719063331004,123.43737941318442,116.34962269711723,120.25202120041195,125.65222339584096,117.56753151773741,121.90412950052598,19.022635405148915,19.0330055044231,23.048698097078304,8.414615906009738,8.439913208030397,8.431181580578208,22.272696307678768,22.128123883302646,22.373925787432793,123.6439092919146,122.9862251457364,123.420821436492,51.85556440101286,49.933107269939285,52.265707646015734,48.52003444487112,51.722793727233686,42.15781014253285,40.007592214676635,43.19736387325869,33.75678870276237,45.12524501819041,46.11834295176181,45.83336417886839,8.03203754558829e-08,8.145588993988173e-08,7.965883043542182e-08
N0068,0.75,afternoon,False,True,True,1070.1735840470583,1116.8848337508616,1090.443634734501,930.5127282189666,975.0170136914764,947.4939791859825,929.5645597257117,971.9257195927521,945.8710040627639,493.80081630632975,538.9312538078743,509.2527311929386,453.26671905420943,479.41574899741624,448.77700722890745,121.30020467500582,121.82971780007853,125.52389222307794,27.584397361817985,27.859266544300382,27.843166645543135,189.31605005483692,180.48903969722403,184.32117720669567,191.7236493735464,183.3094839445817,187.50379405137502,124.05103725134273,116.05052475770316,119.47967662518947,125.07104194999555,118.4875769288466,121.9796416430978,18.932867223694096,19.028998482784967,23.203430352251413,8.4011322970881,8.49106464279599,8.442774077164614,22.315257291877515,22.282456364483604,22.26751299504881,123.69900349366449,123.04942550564087,123.25528951754563,51.97799089427694,50.31418475577523,52.532965202590034,48.41239173450145,51.58468409024129,42.11692133477387,40.15516426762308,43.36372685058912,33.69068851611395,44.88600768539876,46.292966219018155,45.7763614846716,8.072195326614368e-08,8.080902301417335e-08,7.997249461167403e-08
N0069,0.2,overnight,False,False,True,1297.8611924358331,1306.4823422185912,1294.2956283933747,1153.2675339876732,1166.574952398955,1155.4891007407389,1153.5010959480494,1167.6138908912712,1156.6265355202343,676.9267156624078,691.6819220910627,682.0783959039691,617.7841110544748,622.7671922249477,614.6516558640201,131.21816125026183,131.5807985408837,132.94022613549973,7.840276043971191,7.503436396996799,7.699696568578633,199.21625624402625,196.85202326067528,197.49701233742252,199.13967054462557,195.43468275737786,198.08732231421962,131.8197853472775,129.92733040082723,129.86664997969467,131.27324011926774,130.46818693788862,130.43752799590368,5.111767900962069,5.192656025576178,6.2142273691598975,2.253208723047755,2.3283918993420487,2.2547877161725944,6.278574226846632,6.217811687474521,6.303356743601237,135.73551785935936,135.18501903324704,135.89103716216897,63.77838212795988,62.733377129869865,63.29721211432352,12.995399180971566,13.984996285266643,11.383355602908651,10.839564680260947,11.711807408161038,9.08304727893575,50.63430703539453,50.19963504230664,50.60529746455377,8.536873908297693e-08,8.606152362631686e-08,8.498631808691387e-08
N0070,0.5,morning,False,False,True,1184.4509283047505,1209.5797840067562,1191.0832622896007,1035.3529109495018,1065.99576706384,1055.1108631947377,1035.8058333988788,1068.0203157170404,1062.9345632939107,585.9249953498596,619.7365586149398,598.57325976777,531.374426833952,555.7461986032185,536.8572709659315,126.08757203656191,127.04154614819127,128.89620562656467,18.761431092897197,18.769194661329777,18.752281983999204,195.97404154116444,190.4140346811248,191.9917608783465,195.47215377362295,190.58128029819403,192.48334221922423,127.51212594833244,122.62739178985157,124.84089759009925,128.9151171444369,123.76383508434284,125.82790587810618,12.829660745704212,12.81018290611722,15.662514397565525,5.679882718782821,5.725360483804465,5.659366491577522,15.065382169030238,15.046277710324357,15.038957851658678,128.62481282891136,128.84157783382577,129.18730734550266,57.45683573628679,55.937828308469584,57.42498826790587,32.61996535385696,34.89376944672153,28.52151999864972,27.01876445842693,29.227472257738217,22.743556252759667,37.308136199095784,37.241842935420436,37.70131044377985,8.250719278004951e-08,8.300778748219613e-08,8.143335975646735e-08
N0071,0.5,morning,False,False,True,1179.9739551580954,1211.3295634217056,1189.8926467471222,1039.9401487649939,1066.1770410655236,1049.6828916135148,1042.172114385444,1069.475518698675,1054.789463562335,590.6903856273657,619.9347788577256,599.4137092824368,538.5271355185527,555.3521594726368,534.1077910996908,125.80810223374587,126.8609346604457,129.53357296732702,18.719979424830704,18.732899352879137,18.79307826747939,196.38507748324253,190.08488521359465,194.04702745411848,196.22229816649448,190.03044173587452,192.85298765305686,127.70751124813023,123.00389575224573,124.39667875271579,128.83457712645716,123.92786356362615,126.26682066220614,12.799155659680094,12.80860799809559,15.629657129955481,5.686914870347632,5.7308434840368685,5.704170945811061,14.99994140456043,15.082994450514283,15.024868877359191,129.20262421872232,127.80161383861069,128.41237154534926,57.143473905275236,55.465645941063194,57.29367861491626,32.74728646527681,35.01807552404552,28.521171757811654,27.03092766140242,29.241307328975957,22.87679150797413,37.134995923346956,37.48630388619577,37.73244592533421,8.255784924432206e-08,8.256390519879073e-08,8.173754015154241e-08
N0072,1.0,peak,True,True,True,970.0616576191286,1019.1000311528925,997.1447935844943,829.8530380631775,883.9885226471988,854.0160794262395,829.5783060271718,884.362447654909,855.578934094114,408.0421760232969,463.3466758237595,428.28031324132144,369.25169561735305,405.7139219687332,370.67373738057853,117.56364591247248,118.3948114945473,122.80702448833739,36.69137023544227,36.576301101043455,36.57626837678669,185.82631022794058,173.2945791138887,179.15651400326746,188.98727972928862,179.08747255381493,185.67336065112704,121.09709023818567,111.86671229645873,116.51949917040095,123.92349647779693,113.79972748221324,119.10384756563619,24.84277382934272,25.01466972891985,30.57546964621718,11.10185258642588,11.158730218192744,11.0606967751398,29.320436781375076,29.523058685042347,29.43296185704731,119.19946068135735,118.80325103220189,118.79637843057229,47.70967493297116,45.74247912829197,48.810625324088896,63.71670310397487,68.42396367354024,55.51285352229783,52.74769283837017,57.16550064905387,44.38149920442555,76.30988719839624,78.86416054600721,77.64187442850783,7.768328903085704e-08,7.920780638596519e-08,7.717601880193689e-08
N0073,1.0,peak,True,True,True,968.4528826115509,1024.1677890363007,995.3369641196743,829.2988804510791,876.5439374505804,850.7467320344333,828.0406552737401,876.6330875377574,857.7984596343551,408.589064470845,462.3433856686083,426.39471900518134,371.85778233829785,406.08755858664404,372.885204437138,117.44093382927147,118.35756427238522,121.95441379856925,36.59887617141442,36.855190695928506,36.46845510160288,185.78641685359958,172.46315140869322,180.3115104957525,189.12968347252516,178.53907404093854,185.36597782446117,120.45374490101827,111.5439866464981,116.45932852790291,123.47499727196069,114.2670630455922,119.54752059546912,25.036166863990093,25.184769657394742,30.57990624566986,11.117680825546454,11.179750592093688,11.054254450149749,29.478846274968586,29.44642394247145,29.29511718187086,118.68788844094011,118.16523310518369,118.61812365266532,47.9690140087594,45.847140523715844,48.35413967967062,63.77875554220728,68.27348328047864,55.569689901010335,52.70290544955143,56.96737551882529,44.58992798551695,75.9309986856135,78.70168851333996,77.80286119649669,7.76694601241675e-08,7.864808853326279e-08,7.681705689957973e-08
N0074,0.75,afternoon,False,True,True,1075.0933102362535,1109.577829425772,1092.3868609954407,933.642899946124,973.6560601558778,951.2648091393407,930.818579959941,972.9851797618505,949.5988540982124,497.2159402443663,537.8352037727584,508.2744549239871,448.4349737740886,480.323702037289,449.6379597655221,121.37288823512672,121.45989719133591,125.76767118363715,27.69869653711888,27.81671006877847,27.720784227983106,189.3827064207231,179.4711295835265,185.67672526629863,192.01999729319934,183.66722006304235,188.21502501580036,123.19797560190189,116.06071544977303,119.47043834434548,125.34437871869167,118.39723393640783,122.06140478305777,18.94806568083763,19.09279415282586,23.21305192967809,8.38499333774436,8.485070280434739,8.408724379811643,22.245794747611754,22.30723027120915,22.19293606839692,123.60649978782234,122.211256729763,123.58399608426286,51.86233600207366,50.31796891485993,52.481497718929425,48.24350225274474,51.46502787647887,42.03667029743227,40.106022495055136,43.1518526617254,33.69190091333749,44.93613436852807,46.25969943559328,46.032629558781665,8.027894540162687e-08,8.10482588635996e-08,7.967470742590779e-08
N0075,0.75,afternoon,False,True,True,1070.1319007636396,1113.2666945897295,1092.409483716553,931.3919709985589,965.1085023334177,944.7016406209203,937.3875728047723,976.4650510682192,950.7773341389977,493.943196038296,538.8008168561927,509.79250111751014,447.63815597775385,480.02442811931996,448.1697505924517,120.83959006454533,122.19616064707292,125.26139146121211,27.797678306360744,27.80253964220272,27.758026692418667,189.19534994969894,179.73085304893337,185.1096411446634,192.70864970459837,183.48231779166497,189.19019744576926,123.28649756372823,116.28332346552573,120.09510683216814,125.93196373543253,118.5144053186692,122.42949668646457,18.937384184299162,19.122971368697776,23.057608752531028,8.411133552202394,8.463945211103212,8.40241820553032,22.164994805197896,22.324247820607994,22.2676159401217,123.11516895547652,122.39718575719073,124.33350244824223,51.89821182291238,50.40941789102854,52.73945114080404,48.25470998188983,51.721637627505494,42.04670777747405,40.13667702407508,43.274810269330736,33.69514121114146,44.87168319663894,46.005908190292466,46.16217052739525,8.032691775930039e-08,8.084991324422371e-08,7.969309381297564e-08
N0076,0.5,morning,False,False,True,1178.3021815812356,1203.823205304343,1190.09291554441,1042.0811052753656,1069.1290563762936,1046.0575208284083,1038.6754222011755,1063.5853704198914,1057.2179687365654,589.3120848701902,620.2611419977399,597.5599702623639,536.7694801079363,556.0991319729355,534.1088827644325,126.12305641415159,126.51625049853507,128.64488114975615,18.74669856428306,18.753202057293468,18.755139171184133,195.46441014795298,190.71100446689667,193.01890677039805,195.99742930042925,190.8488593114713,192.53690473848695,126.92538799747724,122.32866562499709,124.71358098891628,127.78038902204479,124.24020146649694,126.6119923925286,12.739244570738023,12.85612754814564,15.613260727968694,5.666131365367877,5.744011984908227,5.679265072567693,15.108848482199758,15.020364568634214,14.993096137863686,129.15227080982686,129.0864530738777,128.44752979577265,57.283255341149584,55.729434511617754,57.336791442909586,32.773755535095205,35.252790111237,28.513090691266314,27.06200859868754,29.29127251479955,22.802879789899055,37.47443753935178,37.38851404724682,37.825031568576335,8.223841220650782e-08,8.256881228052071e-08,8.177839034728174e-08
N0077,0.5,morning,False,False,True,1181.2245378265748,1205.7861703061199,1191.4571361202377,1042.3404352220182,1059.7261905326386,1047.9459896336,1037.0884853825871,1066.6265737686986,1050.0940547868574,590.3455744014354,618.9809371164888,599.8401706112624,534.104066755649,554.8958586939048,534.2546460412777,125.83343786667797,127.16403731541891,129.00879198558658,18.67694876550616,18.82024713769046,18.619513104631594,196.31971775598427,191.10497322361584,193.55405257872843,195.54347465281768,189.8183737003029,194.45797765220107,127.34025272430445,122.67664143033173,125.40748126217883,128.93865184299497,123.99199274785371,126.80073750424052,12.756497339641191,12.882377756649845,15.720422606217936,5.660042589803764,5.755169188414248,5.672948206197048,15.038535929650148,15.047424290314666,14.944521129221158,129.18558666346985,128.21517777171988,128.94557575486238,57.322375990191574,55.516786187420486,57.33874901876555,32.6911228664744,35.20270422137639,28.455182153585802,27.109772218260964,29.38044123574638,22.663466553071576,37.161851168981265,37.454394880153416,37.782540221155244,8.265373537340653e-08,8.253725997661679e-08,8.202223755346254e-08
N0078,1.0,peak,True,True,True,971.6636022558131,1023.6197255051733,993.538889765204,830.3606161683294,880.067941784421,854.2059223483644,828.8781404963748,881.9235176196786,852.4557807132271,408.10814065077744,462.98102336384756,428.99016075261625,370.08765905046437,408.76562493320483,371.60533839391735,117.43991687487443,118.3754984458373,122.48948023958137,36.60365937908485,36.78794706566537,36.54269660315752,185.3413555988943,173.32148752077222,180.03389017225211,189.99976590700697,179.64578814747898,184.90113706447084,120.64424258375612,111.58639591527418,116.3600931382506,123.55251728660312,114.42682096092368,118.8875229389817,24.964456056109746,25.08498483241162,30.622701168281154,11.102976963239604,11.127177381146677,11.05292772971754,29.404745616205982,29.55735291153475,29.396876277525486,118.25368599281067,118.17992464222579,118.80035463734949,47.80887365614078,45.800851870998194,48.38678449557053,63.92230953620767,68.05075764856383,55.682255085396456,52.96542589796113,56.914065362183514,44.428710485471775,75.98917429995632,78.77413597478974,77.97050016422779,7.834985198574751e-08,7.906313824189692e-08,7.669863341577035e-08
N0079,0.2,overnight,False,False,True,1291.4276328889164,1307.9481521645403,1295.0601271476646,1155.647517789563,1165.89874881025,1159.4838205206827,1151.2374359798255,1167.2074409076934,1158.019975647316,678.695983967269,690.6840620866449,682.1454726140928,618.5592968124479,624.1556937580679,613.2886644477389,132.18507687330188,132.15053931606946,132.61289313479642,7.880161122007459,7.5065133446308625,7.6619836827798755,199.23429733183977,195.8733032211159,197.40700724884752,199.34394587389247,197.7359935906736,196.98191227260946,130.98789850447943,128.89443019592275,130.46915641035542,131.40471501220628,129.9146496705648,130.26055931842959,5.0851671470211635,5.147643011561082,6.22633511102405,2.263119687154246,2.3263641820796392,2.274939017395325,6.268325522349042,6.251536226861138,6.272087689782258,135.35629705445217,135.58858242797734,134.9596060481606,63.81555222316366,62.76861714384776,63.46237089248749,13.007329285892435,13.940253025447332,11.349372472448765,10.818274980963732,11.7294068122021,9.118979704493599,50.339322582794274,50.516648753528806,50.521212742339685,8.549460531352356e-08,8.584633747844052e-08,8.471132180681627e-08
N0080,0.5,morning,False,False,True,1177.61371941599,1205.195450447463,1195.689356718198,1038.642106657429,1066.1290627744509,1052.9885782951696,1042.3515460147369,1063.8545148844842,1050.0248527421847,588.6371397333963,620.3278054534464,596.7695724788025,536.7847377063068,557.8155875738373,537.8856485200034,127.17196739224825,126.68692608322169,129.22234716347174,18.703284695141615,18.738778964366666,18.741151794975714,196.37765367374627,189.23280192823765,193.2592075482203,195.73823354706406,189.7918126671936,193.72987253776435,126.86421413849585,122.1199796795933,124.54347903120002,128.70667227579688,123.99589011308132,125.70125604708737,12.774514626251735,12.874224583830713,15.745339137614684,5.69495016597707,5.772908332489666,5.692636880602157,15.070490444176746,15.045768242624884,15.036255562378079,129.01562456781306,128.19186789688536,129.01255592222103,57.10889542149269,55.981132887990995,57.47430134166373,32.64549153653362,34.955834970697964,28.511758295118415,27.07289619131602,29.311758341807327,22.78062391182727,36.973679843514226,37.52620114459805,37.80855926023718,8.283328758857661e-08,8.242919938570104e-08,8.173949677598866e-08
N0081,0.5,morning,False,False,True,1176.7966980269932,1208.4153192392894,1195.2621527060119,1038.4991150694393,1070.4124520174641,1053.6027900626666,1041.1181753084645,1066.2426937757698,1050.602262765436,590.064879094935,620.2175722844408,595.197724537747,537.6318306795446,553.7802842891563,536.2757425064116,126.16498999799958,127.1746281812425,129.49377708401866,18.683731425347368,18.741667449401294,18.7700317799192,195.62853175683102,190.50084080381973,192.64516681046754,194.70883308660095,189.61975177217883,193.7176533505364,127.28832695634597,122.40508493507207,124.78613877041046,129.20402980717242,123.37293941450629,125.0199533938489,12.754556747515432,12.851856401920482,15.626927479719061,5.656928239949537,5.755242164696976,5.665812436482935,15.093201010296609,15.117029276948081,15.025370141575998,128.74618999632216,128.66639636205753,129.009632922927,57.02822163268853,55.88617926637493,57.41380084400069,32.714109010036694,35.036835242191984,28.53168851035783,27.126507048918388,29.214319603089265,22.83137970263843,37.0458551275468,37.64567457059553,37.854809291765235,8.160299052962695e-08,8.31379673442708e-08,8.197792289405037e-08
N0082,0.75,afternoon,False,True,True,1073.6323211029344,1110.7009653658556,1089.8233865810994,933.9720999132684,970.7502434714537,950.9517603292416,927.2992585544704,974.0228971678922,947.1259400858271,497.90380508654107,539.2381518699029,508.1313980168578,449.473879238931,481.4499605937299,449.6667260009869,121.57719353576377,122.08389284367593,125.22983040703583,27.629036827059327,27.838193428866976,27.654867780300393,189.4916188558735,180.66706006128288,185.4646356962391,191.10449696083765,184.19922691415843,188.1627931879411,123.1344783280879,117.47479562336194,119.99100849077462,125.92854102149789,118.15563219554582,122.41691851570913,18.928453954833145,18.978139807196246,23.063185848399538,8.406238328538082,8.495921716678142,8.403418939750427,22.39220276888382,22.24473206066519,22.23177452401259,122.5913456019595,123.19915450901787,123.23902705756552,51.854314042765004,49.888961147993854,52.40926204352544,48.20205722896011,51.97038899920587,42.123957044778706,39.99528962631312,43.149653583892764,33.744157965070485,45.07176478114954,46.45781778380627,45.92962926913331,8.020652619709943e-08,8.133966067581482e-08,7.973401385786635e-08
N0083,0.5,morning,False,False,True,1179.475903221114,1205.2247698038275,1193.7377007505995,1043.7819913698177,1064.034562248453,1048.0860831131329,1041.948296640792,1064.9173679507846,1054.7630745247523,585.9088932141786,618.8911978798697,596.0625993573096,535.2769913226199,556.7118367314899,537.2129828525021,126.41921365661658,126.5896103438337,129.38027004945812,18.829700562294917,18.817228069775446,18.66473296134062,194.71011146764957,189.73896088144605,193.02683047580325,194.60790061464024,189.76498260834242,192.54188922956547,127.50431196900712,122.48487660743372,125.16877868177501,128.91263375527532,124.17305638160367,126.28081113182057,12.785824432175579,12.87410069109203,15.678562557667547,5.707513334082799,5.7488633753538245,5.688687493872875,15.092478848878354,15.039601673800018,15.033604705766551,129.00569600075855,128.48724509099563,129.35681756497382,56.981572389590646,55.77357158559945,57.25328226702827,32.88322851185569,34.837449728345305,28.504332011076286,27.01310267225582,29.351177069654426,22.851958221415902,36.95511220830375,37.49011749274829,37.9082738852859,8.259432332305766e-08,8.278917893439026e-08,8.192637434087161e-08
N0084,0.5,morning,False,False,True,1184.6807007503457,1206.868346107151,1191.0840976023355,1037.6882971744496,1071.5871319541518,1054.321517161541,1035.2225719405942,1067.3452733333368,1051.2009697614797,587.360581477339,616.5645924813834,596.2250376435884,533.1187795625647,554.426313970905,535.6790290356236,126.74279528229627,127.6079320122156,128.97888909824704,18.735042136708305,18.84022231226956,18.78395560038156,195.82060526323005,190.56565520346632,193.8749202356654,196.50709545657713,189.93437011507456,193.10235598261414,128.26879203227364,122.83867783927347,125.24928544607921,128.47554122204707,124.06510443495017,126.46138712386842,12.715294073941138,12.798589719122564,15.654813207144116,5.672601373844095,5.73073384042972,5.686052351549472,15.033523025065469,15.08154523434446,14.977830446625772,129.85310099498432,128.01647282109985,128.7810539369636,57.26570979046531,55.993012952252705,57.46673416667519,32.85003775199438,35.02067302502498,28.579760881521903,26.955181817083492,29.318404818137424,22.75134830810996,37.21122903883867,37.41531941496437,37.77418579602055,8.219256509066771e-08,8.284858611094969e-08,8.17297592496953e-08
N0085,0.2,overnight,False,False,True,1295.7782941235062,1305.20326379371,1299.0310297558826,1151.7417044825204,1171.8903190056171,1166.3500312730575,1156.9256953926895,1165.1719325338033,1162.4547386438487,680.0298826486359,691.2078021865356,684.0701227017768,618.9341232286779,625.48532047198,613.2039850228077,131.33388881737372,131.48124815670602,132.03640762517816,7.814430407229266,7.803783551444618,7.831339534472582,198.73092138763596,196.4993136676473,196.82992976953724,199.51318612101855,197.09520338300234,198.05313555415734,131.48261804704325,129.72768605586103,130.1425430413825,131.8374876278583,129.44697862313365,130.7192843364798,5.0773392049981005,5.1418445055872395,6.216388384599769,2.264290762476824,2.325500299305123,2.254068904770217,6.263959605484481,6.25371010453439,6.254606355381486,134.88637876495898,135.66544371234343,135.34121145255688,63.38867098989824,62.569134301640055,63.389904338507506,12.973436557688125,13.958352705109528,11.332394700202673,10.813158433873898,11.746991708566629,9.088949216150654,50.3805043267484,50.28423198675538,50.10606451043734,8.567185135028166e-08,8.6131732364583e-08,8.528355099918512e-08
N0086,0.5,morning,False,False,True,1188.9741138158854,1209.6330601407824,1192.9847679696254,1046.289780457666,1062.861257143771,1047.7281983488617,1046.069615006049,1072.069678341786,1053.1397737384602,586.7820659477911,617.1337202943232,595.818582053351,540.3374534653067,556.1179767852533,537.6186940056347,126.67853328714511,127.34845363111937,128.50924722315168,18.75485830558739,18.789459249033975,18.752474392491006,196.38025596184903,190.5681422172651,192.77883209245908,195.43479380846156,190.50219454496428,193.58794105827863,127.1335848977813,122.81351721818726,125.5247277758024,129.08346638109472,123.9353758452454,126.49729851070066,12.835822622553687,12.889656380715856,15.61656606569099,5.660407474804134,5.767146720323423,5.659933533249143,15.039335796249183,15.06924629037846,15.096496189993712,129.08430270190212,128.47240708947382,128.80625098013655,57.17404673594299,55.96693245119053,57.292467065833435,32.72297819774167,35.107026118591904,28.508444863480992,27.163285070782745,29.22908135750861,22.83597661503744,37.32025553142403,37.48150050131342,37.770023351515604,8.209677571931948e-08,8.297378627207048e-08,8.148371815457233e-08
N0087,0.2,overnight,False,False,True,1294.9795781143525,1300.5616882967322,1300.1648179241417,1147.7130539749223,1165.7412462457546,1155.4236928497853,1153.8859460268895,1168.5514067777315,1157.7129729683272,676.5787298036305,691.9812324087471,682.5225158672062,615.7288793129009,628.8310946079392,613.5597362170226,131.3397051992983,132.11255757475286,132.62381510732882,7.837020930039629,7.818112887335916,7.847700998751564,199.30174998649153,195.28623467939596,198.71423706599558,198.29811792865817,197.23618707094084,197.50353944442236,131.0742484803478,129.25733950928782,131.1063593381156,130.67200341980052,129.75272289976454,130.44872503651473,5.088101062452036,5.143360699477055,6.254243464541171,2.271463092348644,2.3210429408854765,2.2656218393626606,6.249693503984553,6.3029218386046955,6.2745720980079165,134.8606617577649,134.91775372870453,135.79823927331717,63.275876541243974,62.77139828907744,63.44297516929737,12.982176067873432,14.022116521421518,11.351704565624845,10.83048499647569,11.70301485368876,9.102454582534495,50.39106215684253,50.24959092347782,50.301240001261704,8.569307861171787e-08,8.6230057740767e-08,8.548518156889199e-08
N0088,0.75,afternoon,False,True,True,1066.3515055485618,1108.796035045923,1090.6440033829697,932.895667430038,967.2302062661122,952.9868140526912,935.0839238531962,971.8109265802394,947.9442334435329,495.3309794163937,540.2204204017075,510.2773224725725,450.72743110293254,479.0993338835731,450.6174095799768,121.11291531772397,121.80170866481684,125.82481523229083,27.731449964349018,27.772868405434643,27.799347122592682,189.05168335888737,180.43702554856122,184.77995885843458,191.32949021736525,184.66794350223373,188.45689804292718,123.80512458381821,116.00976643311596,120.3711074696603,125.87676597494452,118.23360713212494,121.9756901086594,19.022251822876584,19.098713230068352,23.21394949718681,8.362179048440298,8.446432032089431,8.398062054577537,22.247302056189632,22.28398133305239,22.41489515408689,123.89544632291692,122.51962433753361,123.54085412216335,52.12865200680358,50.12795022744985,52.70446028309095,48.355969621755044,51.64618786744891,41.92762209318058,39.88211758438684,43.36404223310377,33.672992170786564,44.9975399226511,46.18915466405082,45.738040930365386,8.051379638881436e-08,8.088774872368607e-08,7.981210099388646e-08
N0089,0.5,morning,False,False,True,1177.2632204578867,1203.3877363248077,1197.0698235067475,1041.3323256470173,1066.5981732194375,1047.6012970307615,1040.47675164317,1068.6114378600253,1054.2900832176024,588.5629865869545,617.7326829587652,595.910218739852,535.7798529206827,555.378918560012,535.9887519508738,126.88299683436361,127.1505921321123,129.29864219669022,18.75542880394743,18.70016852278637,18.66397459013151,194.58097731088458,190.2296668084513,193.51377078688742,196.100250259698,191.08558039745012,192.5032861750888,127.27725667722508,121.73460184370971,124.86254376300592,128.91644391384608,123.42358365031797,125.84702563370617,12.795969996408447,12.922642187497916,15.632681637091057,5.658029391515009,5.731379847753709,5.644787620965847,15.044388004777035,15.101020263696851,15.053242024527261,128.78993400428175,128.42490763002962,129.4485656051025,57.28094637182469,55.69996397372003,57.13142896754781,32.77687982785984,34.92199610251343,28.44920594913535,27.0305113962814,29.196646816056163,22.824839046753695,37.235502098407494,37.374250827839155,37.747798764913384,8.228465715823696e-08,8.304792084298216e-08,8.186189896015234e-08
N0090,0.2,overnight,False,False,True,1291.3105601991522,1310.0547382980737,1297.9698475426671,1158.0020209563747,1164.6807012740417,1154.7258738806327,1152.8464249163255,1172.935111300526,1164.2274724804008,677.9984130487953,691.2513285092809,679.0914819772136,616.343543086683,622.953582202902,614.9448387475069,131.73984552075623,132.59237124353282,133.00167203154678,7.844640189748577,7.820176945191289,7.8468843897961555,200.3064320470244,196.4142948029874,196.9352573955398,198.83046295994924,196.36549940283555,197.59467679377724,131.25033605722592,129.7183536287544,129.81710753473575,131.65705895184752,130.28945504501826,130.23247203810465,5.0922396895883395,5.153832720808311,6.240578935823633,2.26567900843743,2.3142119636424225,2.2490386860687934,6.272067475785948,6.2527833885395845,6.255769658600199,135.5096389886752,135.04454084154463,135.13724880939617,63.75479680959254,62.827123608971156,63.6306327010611,13.009795465583133,13.869028959113953,11.390510323853665,10.713734930387615,11.723240713969249,9.058271153964684,50.317033402930186,50.27297791526662,50.66929831385258,8.59614508203155e-08,8.613396158440526e-08,8.483293840334076e-08
N0091,0.75,afternoon,False,True,True,1069.4112877982386,1107.4413191009198,1088.5157214890182,931.9891862286966,966.086565946448,945.6734191219773,933.6710313344427,971.8561707609219,948.2426950615546,494.49018618248067,539.4193760619111,510.747762990651,449.8546363227954,476.888814262227,451.5086749192727,120.6935462103164,121.83477057996674,125.2836664427981,27.860032114462356,27.837218158671117,27.664378990938477,189.42470205438354,180.40670968846348,184.31533258644367,191.17812058431986,184.48569347514587,188.6283294500689,123.3760126371262,116.30267771209824,120.56659732816166,126.03725054410268,118.33603904073226,121.89922416857692,18.97618391162992,19.080861141603705,23.174038015106976,8.402860010510308,8.492982025448217,8.407502409937715,22.240357839518225,22.37705222823242,22.279239377379685,122.94561548821778,122.76029739468733,123.83663040285407,52.0778479220874,50.28059393466297,52.3542310396494,48.33131293215484,51.99213284138389,42.19013347557308,40.0344043949794,43.52278558482609,33.68051977428508,44.92917755308231,46.35104922320374,45.90109123378252,8.016335081209914e-08,8.130505070519869e-08,7.948910758543723e-08
N0092,0.5,morning,False,False,True,1185.5135499407156,1207.3697324147874,1196.281655634829,1040.619930567703,1066.695981319598,1050.7934273916724,1045.6438494148626,1067.2974629022608,1051.4196609895814,590.1511827261437,616.3859979607982,596.5920491963365,535.2839638390938,558.2965814266938,532.988663181266,126.89442027113846,126.91717286986558,129.08552767592033,18.679562946824635,18.796515026018508,18.769055885872305,195.83717583948996,190.51068620992876,193.90435590460592,195.7444204447389,191.22090008263618,193.4939688683611,127.27586621080992,122.96897639113979,124.67342950794645,129.308770954543,123.85266428739766,127.0973109735696,12.822255474744336,12.830543442614555,15.662157656500934,5.6896149681665396,5.731297432950053,5.673775992688386,15.013537655929332,15.082047430354576,15.03268604063163,128.6505034888308,127.79472976146998,128.7155387155746,57.27700098381005,55.64611423542758,57.1295669881303,32.66376133862343,35.01126028963085,28.238068745012384,26.97086360162109,29.456667995129123,22.756783876339515,37.20602273802741,37.35933010983036,37.475883580648265,8.27389069134993e-08,8.296497465422143e-08,8.194264949777558e-08
N0093,0.5,morning,False,False,True,1180.577055713865,1210.4142437314028,1188.391007829079,1043.1173905881678,1069.2621854556985,1061.3341096646554,1046.105244488714,1064.9455536000523,1055.0922876987852,589.261965946377,620.2341141701093,598.797267843583,537.8093467474782,555.068807279186,534.7084539157886,126.71452170098843,127.05797145431153,128.91660581395746,18.767666635606442,18.841711216064326,18.704343283187495,195.18184335148203,189.30679396783015,193.19717227915365,195.19532087807,190.05277952561218,193.36404298270304,127.06938400286606,122.8253512895224,125.56441666815493,128.68880676279554,123.38658880519384,126.28050532274804,12.812661650607566,12.93097492091495,15.654896354286684,5.657032481629792,5.72640452939589,5.695328177250606,15.047516782155927,15.082226951325923,15.07459539867013,128.79182756242835,128.4995675534248,129.3774833056092,57.020678046150465,55.946130924877274,57.58460829940251,32.68111658254562,35.000538264998674,28.429775432144638,26.98759900351547,29.231548284857258,22.77308104250811,37.094071545026615,37.505581075977105,37.70392440624539,8.223485618567039e-08,8.255904172938355e-08,8.22402731584474e-08
N0094,0.75,afternoon,False,True,True,1072.608047295561,1112.3024196672,1090.8100749422688,929.0042429507303,968.5464305267283,946.4033745303827,931.5801581597495,972.8693708882935,948.915935797751,499.2213160848154,537.0938196266907,507.75299266828955,451.7338519439466,479.3349921990556,448.06254797499787,121.49129593334173,121.86095083078493,124.71092642586362,27.583772105822625,27.88875546798664,27.666220652707988,188.70866758690565,180.96628907092202,184.37119029611253,191.84327893750665,183.81141820872827,188.73773122639255,123.63858935037125,116.21048450405571,120.20109005697883,125.7803232729322,118.73059540283059,121.90376882733652,18.965831414720483,18.921374560336172,23.044899050141197,8.406862937254141,8.45492331787568,8.431055386167767,22.262046534532338,22.31335081016331,22.202011997860154,123.14928777076796,122.60687236425991,123.06262437412163,52.197216934373095,50.057369854375104,52.185862471449745,48.45210351967522,52.02571274689616,42.06727572364107,40.06436602506951,43.2482586705074,33.98547733677567,45.05418682294038,46.348347267926,45.9259825715313,8.000547617688142e-08,8.093816149766838e-08,7.977421610705984e-08
N0095,0.75,afternoon,False,True,True,1070.6291731718675,1110.6267313791627,1083.9599039533014,933.8844073780126,973.576578587823,950.2338218546856,937.8332163991586,968.3640343993251,946.8373148897614,494.6495980391159,539.1086257821954,507.13890945819776,450.1123826072634,479.6100078222051,449.1065714203391,121.4415934577853,121.97935673387036,125.86709580014565,27.74279297044902,27.639969823052276,27.863126269551024,188.99570604050348,180.25752860602643,184.34692509799189,190.8197158496028,184.26471775106648,188.5116296123061,123.61928910895885,116.01971871558793,119.86793048190674,125.29798628268544,118.08645583874791,121.73145756315331,19.053220223764093,19.02693051853441,23.220571795497357,8.377237403653659,8.514319721185023,8.408454642645916,22.30072623797154,22.314422578239235,22.258792357342873,123.77152889153696,122.9118499589536,123.3249901295616,52.16863755495244,50.34049014942928,52.64739264727291,48.19299419440345,51.84523034322137,42.156459870290384,40.163003125427934,43.44900498227072,33.64121926196979,45.31505307523186,46.39498884388656,45.86433925164391,8.02418488797332e-08,8.12408894375968e-08,7.96524173094195e-08
N0096,0.2,overnight,False,False,True,1294.6807328765774,1304.6586403290353,1295.2612686073455,1149.3691626923126,1160.8562269143918,1154.7924864943266,1156.6952988601226,1166.0365335475951,1157.2055144566561,681.0927899767449,687.0971525368585,683.2109604739077,616.11432124403,624.3350598118261,616.3631321658345,130.90998983590768,132.25054826524894,133.3234601010309,7.8252196425589435,7.588097275138336,7.69491566533756,199.6274799915835,196.14001531067086,197.94221660684906,199.76539756739623,196.99617024677252,197.60215176043195,131.16482808633617,128.5340991539,129.62472043538025,132.20155010417187,130.4105407968898,130.95671970524978,5.102078096982222,5.138624970901513,6.22939600122595,2.259200525863766,2.3299313024705195,2.2619173327100515,6.244348238681375,6.312276817163446,6.251691935592323,135.61444085790566,135.21897351892895,135.2301520010726,63.245909428910814,62.66506951622077,63.13883368519083,12.98345611600163,13.989994151260273,11.35861950454789,10.781229439327372,11.727361498737238,9.106979798062119,50.389530477428224,50.309686491647426,50.60913683783609,8.570825179937137e-08,8.616703463678157e-08,8.487670989576047e-08
N0097,0.2,overnight,False,False,True,1292.9726245379932,1309.0577977052928,1294.9005198993143,1151.1827472267098,1163.771621445458,1155.2705655557575,1153.1817019549292,1170.3180227246319,1158.3188918173307,680.2006234690559,689.076521228148,680.249476871689,615.526159526112,625.7699742709551,616.6241519090007,132.37943659441746,131.70762030897032,133.16994242831083,7.830869352475796,7.545288459064021,7.645746745501551,199.52748292379277,197.52717442788062,196.86059062687727,199.07413078195958,196.649964879967,198.9870366366842,131.15452762536012,128.34286538348297,129.89136133739242,131.98127561039794,129.7373384876759,131.11332122297333,5.09884884093519,5.185829650508585,6.227424181649408,2.263583625162585,2.313616494010942,2.252150753169016,6.279633303839982,6.2614625694938395,6.248822553460223,134.99266298408773,135.2154343354269,134.81472561472484,63.67664971043516,63.1768102654086,63.50820554243128,13.047435986985445,13.96246504659826,11.452937658197422,10.851457839783853,11.734805047392173,9.095690311259041,50.426081986310464,50.417055173500536,50.3786936016234,8.560098826638772e-08,8.593169349402346e-08,8.497071983167226e-08
N0098,0.75,afternoon,False,True,True,1069.561370809781,1116.8190946551886,1090.923565040866,936.3917686123771,970.0924203641913,954.0416739462922,930.268142866066,972.9282195007787,953.5241500602773,494.2304730342489,540.1325080962529,510.6233361915159,451.3764792904489,477.37792780129956,450.3910326139275,121.83675453170106,121.77182645059845,125.45293473153811,27.77903632881254,27.819071477704536,27.648721044906353,188.53397061856475,179.82364406654037,185.01778034095764,191.80860427013428,183.59464704427788,187.97949014252927,123.67454104053449,116.31487795378463,120.1613146677021,125.84351467421166,118.22015347831201,122.13078454244874,18.91889411455529,19.021829552243496,23.153369522569268,8.39350096293314,8.48421590482741,8.39845273335915,22.331803054173275,22.274878506114522,22.155116473937873,123.25308854033251,123.19457034632227,123.27477148053933,52.26807033470625,50.28885859969967,52.55085481823045,48.318409943246174,51.53438348881308,42.257242939915486,39.92059027452583,43.272816409372936,33.59207503247266,44.99040991258311,46.37369484987309,45.84667488683634,8.04522304535688e-08,8.160790737298334e-08,7.944840737655264e-08
N0099,1.0,peak,True,True,True,972.9366129730785,1017.9458740793885,995.324260394151,826.7256399023815,884.685912539861,852.1355114495791,828.2072475950935,879.140875034825,856.7844501071964,409.0576759583982,463.08268822160886,427.4656262127849,368.3557130473523,405.8374730142152,371.05961835201134,117.53878850916136,118.58488883774251,122.49377811319371,36.563820792371644,36.54682814931281,36.35868599507182,185.19981967156352,173.23954625528947,179.88448466715215,189.36299755065494,180.05849873464143,185.95150644380217,121.56736805953317,111.39005193878486,117.0157660414773,123.28511297134749,114.0487440757735,119.21176901121791,25.01610723104814,24.965551641366588,30.67005146510565,11.007194308204925,11.167003625067327,11.065797410439918,29.403180249953248,29.637418193996098,29.468874559580986,118.49924824903393,118.56032238208164,118.9351610435105,47.71654880278617,45.638880593297564,48.524690336301816,63.78470737400312,67.88863221350437,55.6575904713503,52.86593232898935,57.02478048856549,44.6488062245965,76.35319862153321,79.01157770984283,77.69507829020596,7.81798333906901e-08,7.939161957682203e-08,7.70467011795414e-08
N0100,0.75,afternoon,False,True,True,1069.2053709373324,1116.505978474523,1095.5165510578775,931.6307573495851,967.3569599557435,951.5961474041569,935.527942998045,980.0461821109682,951.6799788004545,494.8694259650559,537.9727260237634,509.4380607369339,450.3082323216856,480.117241787858,448.163287957576,121.22026178932188,122.31375658158693,125.03994066913857,27.867489538672682,27.837047757938066,27.637343907293513,189.72145490645917,181.3909373239867,184.2426036958686,191.9346237062784,184.02940566566656,188.35962239209874,123.92501807901871,116.6896763249786,119.83408915765148,125.54071315246512,117.78952392551065,121.63258086022795,19.01124039290785,18.950595537095104,23.131404654537178,8.394165518457402,8.496255348515035,8.426161325591343,22.156702327711415,22.258338563335293,22.34795730414987,122.42701516536353,122.81024355843928,122.79316574080057,52.103982068602626,50.051184351529756,52.8539656876531,48.26995935694699,51.71276762845518,42.011524071868365,40.14590409624037,43.45626322961391,33.71764247656856,45.082662999519414,46.13145687150934,46.0053553592455,8.045022624267107e-08,8.131804337085007e-08,8.018374035388976e-08
N0101,0.5,morning,False,False,True,1176.7330478662086,1213.2697799726861,1188.789018471966,1039.0385139382593,1065.0951890457432,1051.7049136429557,1044.9780805389985,1066.9416548806628,1053.0966643795655,591.3115029445404,617.109014453854,596.866855056391,535.5646864053443,557.6417585883113,532.8606747627433,126.20726133176042,126.4930721974122,129.24452824948736,18.717846515593937,18.72405505707871,18.77441096253892,195.3632744694047,191.28471870877326,193.91821632151107,196.06809020185284,190.8737203475687,193.34697195372536,127.28036484919676,122.41607304338807,124.12512842939104,128.65540783672404,123.95724464980107,126.6426467355727,12.775354997150364,12.883024272452243,15.670973122357543,5.664649932049302,5.743134297152949,5.7115030263736575,15.029096425252249,14.995493805520631,15.100172434513821,128.50781181019684,128.78598960268096,129.68728325169042,56.92550262891606,55.65221652784857,57.31134857971933,32.77187257836793,35.3055329066114,28.478219430347284,27.200414316750585,29.37376224853958,22.81564930711418,37.07602847847069,37.357381805531176,37.701278054278724,8.272165344965186e-08,8.261237278889313e-08,8.173501584903818e-08
N0102,0.75,afternoon,False,True,True,1072.2340429870592,1108.6559072868356,1085.6667997240884,934.6572832054304,973.7370146236636,951.3084101818047,930.2191645157097,972.0940315743266,953.7434872718512,496.73053570304927,538.0567004362622,507.8578583374558,449.6711065957318,476.2978806347617,450.23037629660496,121.37051898422183,121.73227954454694,125.64869711527169,27.72648137808676,27.898930280239746,27.59334302588958,188.63290114969905,181.39344532592224,184.6782683655644,191.63082777374362,183.92666138104371,187.78108538675846,122.98716678856454,115.81758157367688,120.80128787003586,125.03635510847447,117.9248672225419,122.45991911806732,19.022958599955118,18.952929726166673,23.121652339163603,8.40289869636085,8.458446113613823,8.425640038058829,22.295769553320337,22.282321766645552,22.360714962317182,123.26820288008425,122.7186621874597,123.8131774410373,52.044665974686886,50.10202260668148,52.2874539842211,48.54771446274561,51.937954908964485,42.07060452531654,40.01860128555519,43.1915480619665,33.67178527813873,44.94663601612682,46.36038269518186,45.885953531291996,8.04081841764827e-08,8.094485094835499e-08,7.931319280530338e-08
N0103,0.2,overnight,False,False,True,1294.512336148205,1303.9866541566919,1295.5786856222087,1156.5034411541164,1158.0300868103661,1154.6177958598985,1150.8924373448228,1161.9565050698309,1160.0527861793378,678.5046274180708,689.0316513256752,680.289002867964,616.4382856990528,624.6297820276993,615.3043589530484,131.65941763926926,130.78968884249267,132.78992129990542,7.856863992467507,7.520290495672609,7.69981320953215,199.88444876909196,196.57161908398493,197.92401550671562,197.6365377117223,196.72248897769808,197.718809113869,132.19330829724854,129.41926360994356,130.39669532257412,131.29591255484115,129.49619850492107,130.5035145280268,5.076885038182815,5.16989369459279,6.260476124064187,2.255455742826272,2.316184305955218,2.2426737600109385,6.263721501105419,6.250221094932219,6.258288130233416,135.26055292954265,135.85772992869764,134.66232178987084,63.321271014648055,62.57464067969757,63.28322045379716,13.035284812699961,14.059850042466561,11.366757061471745,10.784799263859528,11.664622828930082,9.09091903153941,50.435334371017504,50.443404039307964,50.76528743070423,8.558303478306241e-08,8.575047327496614e-08,8.478539147138085e-08
N0104,0.5,morning,False,False,True,1177.7257611523037,1204.1304052893227,1196.8903258475984,1036.3576148289083,1072.9759998896332,1055.2519917165444,1040.3299070907165,1067.1215551851626,1052.8664990733973,590.8447894024192,616.8008682305122,597.487290935217,539.1104402765527,553.3599725765254,536.4338652094032,126.46512065462649,126.97693417438855,129.09699828623437,18.72743638520137,18.813264068289865,18.684079780173764,195.02405337818516,190.31459757178104,194.1905471766245,196.2335226090465,190.44808276676008,193.9021303874783,126.99799605708421,122.3577688341637,125.75346029148854,129.13905212409918,123.72184515314979,126.54275707311163,12.782175068290819,12.841854829462513,15.736374427590329,5.661452755317036,5.753062896242948,5.675539823390084,14.977750606014533,14.921300931142,15.083500417599883,129.2283289436078,128.3224339857664,128.62472415183004,57.20427119556133,55.58096246299794,57.66034732732932,32.63501041226879,34.977785961055844,28.29140920840687,27.106229049370576,29.465522350234966,22.752360960308398,37.15302714215283,37.39853297661538,37.48220414341966,8.196901946283896e-08,8.380764228704136e-08,8.239073018457938e-08
N0105,0.5,morning,False,False,True,1179.413360240798,1208.3841836121,1184.9625562489673,1041.8975720189135,1068.0857702247147,1052.0380901839792,1032.0143776277005,1070.7459891085293,1054.952905409978,589.978608686821,618.0048043954786,593.6875549934416,533.4833012327742,552.8464732931438,536.5028260573408,125.63308461612604,126.62253145781897,128.6298061369367,18.741065123568443,18.719210885519953,18.719326466673298,196.11024826349725,190.60482027024952,193.3078713652571,196.02321777622376,190.05767585959168,193.74199641917096,127.50778949900854,123.01826131578375,125.14216979130539,128.87040657349078,123.65761002904837,126.18179242186218,12.754850321959372,12.883869153063394,15.675701133188916,5.689655673064739,5.784219019259959,5.700265050706044,15.060000885213281,15.059149899541506,15.060501386621743,128.74298397610133,128.1768819949067,128.98032315593986,57.17350684272323,56.022446859898714,57.21810494133836,32.75206620749107,35.0358771011891,28.36346305835386,27.09312697848862,29.09130623385297,22.871962602919094,37.225028100583586,37.313119899257934,37.57829693790094,8.217311371379541e-08,8.268749634104263e-08,8.203181565623275e-08
N0106,0.5,morning,False,False,True,1180.7188104922411,1207.6160070508254,1198.4970949608316,1043.0114078667543,1067.053575114343,1051.3067021719412,1039.8816410499574,1069.859494334221,1046.864985396083,587.4513109725134,619.2625790500269,595.7385291735865,537.4124762465322,554.0302022665068,534.1210752083156,126.51329735507612,127.19689571941115,129.37094720861776,18.71915158520619,18.753757131297142,18.67735902098607,195.05670715425174,191.52624562628435,192.85742629540314,195.04820034605154,191.36439961207935,193.68328697308448,127.66152839350231,122.5875827903785,125.65728715369481,128.64884407967145,123.75544907516465,126.46560171310136,12.81507010091721,12.89956476242485,15.656165508709163,5.696580917816536,5.767892768552936,5.69659789470934,15.048674700504309,15.084139713251728,14.983129803466541,128.92852051121505,128.26441002981295,129.04468907370145,57.31115072222301,55.62715539844526,57.195597511831146,32.73146332128552,35.05367640748534,28.64301007267742,27.020526371784424,29.291385595996235,22.801040769147107,37.14498573595583,37.239629064529574,37.71609852390363,8.236103686560358e-08,8.277307529498697e-08,8.206466649771384e-08
N0107,0.75,afternoon,False,True,True,1068.117358976627,1107.9543282436034,1089.1005448186604,926.7556899666387,972.6155817875783,949.1988491611072,930.3423113072607,972.0681623030173,947.5528208009806,494.7371426807258,539.0681471333595,509.8302998915638,450.29934570997904,480.7704236198356,448.9296798371368,121.04695507017124,122.24129861169743,125.70096242490938,27.742018609494508,27.824149547833066,27.79840275917769,189.02817980213942,180.25003099571637,185.04623572406226,192.39462788103802,183.47268506766548,187.98269886676707,123.51441218747946,116.44791459678964,120.4823933333337,125.1043532612764,118.47303342377653,121.43202965068748,18.88615047296517,19.050199327960502,23.188671877509478,8.41395805678436,8.471772894319223,8.409465950003211,22.313155972507637,22.274615170843393,22.20368758139246,123.59573785675069,122.61103510703107,122.94742868761942,51.65333477732981,50.123844505209355,52.49921574482864,48.390851736645125,51.575089623296755,42.1756337832904,39.93836341551879,43.18937180553618,33.658800747551844,44.95923569978162,46.160777239293694,46.13444115306788,8.033708403692709e-08,8.06742600291487e-08,7.93291994324769e-08
N0108,0.5,morning,False,False,True,1180.2509593591565,1210.9287055715993,1197.5905096694803,1045.0753788471377,1066.256238242222,1057.1455705360388,1039.1842843241668,1068.324362973351,1055.863953950247,588.3052773030125,616.8840304881041,600.2186987585405,534.0928579977789,557.939513713288,532.0097970238221,126.91544880428494,127.48332629136104,129.21065652775064,18.710710513032794,18.799258277215525,18.738741461830376,194.36229226648402,191.12134775106085,193.43886172586068,196.87441529873274,190.92501757115136,192.84147447561435,128.05316158810277,122.51193136155051,125.16485065666421,128.59906422826643,123.68391932294546,126.63086117180953,12.751402838409236,12.84151649348684,15.625281487189188,5.678466291777188,5.733424408274176,5.672352336798033,15.005370856429744,15.094001865452126,15.012435055616395,129.07256193014368,128.31911748465978,129.58490129565712,57.19810549405809,56.13200039738576,57.65369232761791,32.76884585165379,35.00492805497674,28.579605621836507,27.027624526819654,29.157006461119142,22.802564264547666,37.3211898599588,37.44222330716549,37.88359395227376,8.230765197540472e-08,8.323864268113704e-08,8.174587690391326e-08
N0109,1.0,peak,True,True,True,968.2947506917861,1018.162733447295,998.0637828710459,824.9176662884857,880.5467263830061,854.052739149642,829.149962703697,880.3053493535318,856.5692019218412,410.7456041583941,463.3744353516574,425.5360466996624,369.15951352244747,405.39210770083395,372.90783241170215,117.38316805516695,118.65325689590745,122.25469217912567,36.84564662503055,36.849744217529555,36.57132052362264,184.96472526617157,173.60149407077898,179.23017604404697,189.87989735617714,178.1738285707604,184.86588916180241,121.00300864352171,111.326679333505,116.74131386063843,123.9938353692129,114.79449067101281,118.99998860953929,25.046598266229758,25.15196967783545,30.721282492390475,11.099698389064155,11.147359569786195,11.142028588331918,29.51813499453647,29.439676649226698,29.571543378389805,118.31917075513849,118.47546685168493,118.92578491497945,47.83225521870877,45.81313921688245,48.84485442439308,63.85540260905375,68.26947542720923,55.6353872354558,52.742233121177605,56.8693032763478,44.56905654074438,76.2175598378256,79.08654773727014,77.4914971392362,7.79695565580875e-08,7.919592856159959e-08,7.675257889244402e-08
N0110,0.5,morning,False,False,True,1182.6344388608634,1211.9427053147615,1188.02422665339,1039.8856701607049,1066.1560525767213,1048.8648658666127,1048.095758732762,1067.165461862345,1051.0709182249632,590.4354407288745,618.3360679483267,601.2585346063518,539.9865861184726,553.4340935079659,532.6246024065925,126.54805576423509,126.9795042088894,129.3426905517586,18.736654060809595,18.85420818861528,18.700188687191496,196.14085850877018,190.24265237248477,192.72262059646457,196.81647223751804,190.05621880731738,192.97330292280958,127.32492639509466,122.75727827149962,124.67475701993392,128.83190822867488,123.8546051834484,126.14007756414205,12.807767009606073,12.88440785826819,15.687579453177792,5.65917511216532,5.738060952560009,5.673640717160431,15.025337745723284,15.046116024803794,14.962746332193822,128.68435195177713,128.94179661191868,130.1102032247536,56.692079952689234,55.84117135689759,57.33177860640361,32.69961787999396,34.90912679418774,28.474496882763237,27.13363864858892,29.36540931856788,22.851641985836192,36.83384506207883,37.72582848125301,37.75862896134138,8.244766035404951e-08,8.276517811900115e-08,8.169844717831504e-08
N0111,0.2,overnight,False,False,True,1289.958862095851,1308.778257300502,1298.6106417682422,1157.6304448636226,1165.0721105229427,1159.1100247731895,1149.7134539402375,1162.9076097000154,1158.684348947302,678.9704658126573,689.5956568481632,681.7985860177669,616.4879932735572,627.4083239641312,613.7031884216443,132.25471008833128,131.9526544685424,132.87602398599515,7.8766290886184755,7.865310060985971,7.791147233155386,199.36084516764245,197.28892203765693,198.62352412896675,199.10441049143813,196.1329195117619,197.320203157091,130.96497659051252,128.00349880432336,130.05048647208596,132.22488022249752,129.57893922435085,130.48867084529363,5.095821567437942,5.1530225882024,6.256621607995023,2.2726644480336646,2.3280656788579637,2.253718468068773,6.292519045319709,6.246532936157645,6.253960237602973,134.75824757395887,134.7714613168313,135.60961380620995,63.586818527228125,63.113628917476554,63.91156542795657,12.982323781118238,13.956925551974251,11.395519353128453,10.780002953307273,11.753269623341817,9.100877717359921,50.45351728657274,50.39487332640392,50.25866381094121,8.541946813628933e-08,8.602019881826035e-08,8.491772541739603e-08
N0112,0.75,afternoon,False,True,True,1076.6604253638573,1116.2547160551321,1093.4512615831675,927.8777226041954,972.8033130927288,948.8371794869737,933.8013823542128,972.4290606173282,949.421357189606,499.3165206671565,539.0001462015933,505.1285624288955,450.4925290835538,474.93816933412586,452.84927427032216,121.22777282175832,122.20341798660618,125.21121630423337,27.691126344323703,27.792663611414923,27.63169145134739,187.7926378012297,179.92579283792878,185.956481247248,191.74904412643227,183.5116615406737,188.2018018669381,124.00429996868857,116.97504197493802,120.27712449670864,125.43020472433241,118.55892222870735,121.86942367709774,18.978213551754592,19.081458468928748,23.122767641232308,8.379596659869259,8.46032385873028,8.385774919070284,22.320185179283836,22.34811739775904,22.22531139285874,123.33448657500244,122.54434271405788,123.15683994648546,52.092936735008806,50.18415947314403,52.35612430324356,48.22074795272715,51.50885892987646,41.95769657410244,40.00044835118411,43.21776316777189,33.76858553634299,44.975299046783164,46.185272958447655,46.070622477551325,8.006138144433833e-08,8.093001321835344e-08,8.008697786797571e-08
N0113,1.0,peak,True,True,True,966.4095966458834,1018.5386861819724,990.9184898369328,829.140577178213,882.1435227511879,853.2312094051993,824.9893830515576,880.5767913812307,854.3268325214975,411.16934885982147,464.1457127817645,428.87433112407064,371.74409688345855,406.4320412981987,372.0253740953311,117.10112934219157,118.24988749249863,122.74800479300058,36.73799856829156,36.656118782002025,36.47531053400116,184.86731205909467,172.8649717685428,179.39037142103854,189.70737135525948,180.24298279060397,185.42850384398997,120.61800047270076,111.95817591830321,117.22434419060214,123.5688910592383,114.02010649500606,119.49107743076485,25.03309438583723,25.131283352447564,30.542868935735,11.143131311697024,11.174615307951406,11.111234092448365,29.367850740386277,29.50113391141292,29.391768207357106,118.83414789730757,118.57200119718776,119.05237675265614,47.64468767957854,45.778891795891305,48.79961383008529,63.91519920205446,68.48355483707877,55.64989647312164,52.782840259457785,57.07882223781523,44.43146314922955,76.12185555494148,78.77775006643994,77.60278427108273,7.764778614247604e-08,7.849405608661797e-08,7.686737159417309e-08
N0114,0.75,afternoon,False,True,True,1071.3533209716284,1109.2401599870482,1093.236294050934,934.1952512903117,968.479941809857,946.4839672190925,927.7248036987706,974.3122838900736,947.9593513613079,497.6013069822439,539.6752981628788,507.7102551811749,452.6590658697596,479.5618843977078,451.3965129594484,121.21508332632872,121.8429892336447,124.98151726721446,27.55874419381501,27.80447239542718,27.93410724558029,188.82983479950784,180.07620970137492,185.55333738497828,191.9303930170413,184.6345350588504,188.19162928261176,123.95513871465573,115.88987463166556,120.76096561194782,125.54286278036543,118.1771784852026,121.48423235896792,18.978361181078746,18.977707611022883,23.16397943201994,8.396746313870088,8.505480657023584,8.375672024071777,22.292092073929375,22.276564276683427,22.275625147173812,122.94032599255041,122.41491286465713,123.21126790261432,51.99847470994046,50.23680164878521,52.415543806252536,48.36210126525984,51.47151662458901,42.08241783197319,40.038690696526814,43.06328553680942,33.61033180368301,45.138603234396406,46.23561827573697,45.83212897056692,8.064932747371999e-08,8.093910986887664e-08,7.925174027279082e-08
N0115,1.0,peak,True,True,True,972.1522621721113,1022.7430403204787,996.3127323196463,830.371400815565,877.8372494148193,857.3976902392453,829.6359643208134,888.415475493958,855.0287806092796,407.98733253292846,464.42869309663854,429.968171703482,370.1944762942174,405.11379114000187,370.33426108651,117.43621517645951,118.7840784914735,122.95632301071493,36.67288660810293,36.757348493818974,36.80959479934902,184.1821416376089,173.2134416532172,179.5885974308847,189.89926755624333,178.9620010902243,185.09231878900806,121.18578541832633,111.32235832927914,116.10472259980354,123.315754705793,113.76456503858311,119.38568339997629,24.900508654689595,25.157964415659404,30.55538843391504,11.098837447537393,11.175123017114942,11.116284971009385,29.412193471519842,29.564506068491173,29.383314572181362,118.9235084784775,118.55372200125355,119.57331331761229,47.688623750449835,45.676829871976594,48.53211185370164,63.74377512449634,68.33235805871195,55.27739561838469,52.90742089077752,57.04066465468388,44.596889843216225,76.05534033531372,78.53328157587036,77.93862513216766,7.778242889015159e-08,7.927509145295525e-08,7.673837921443152e-08
N0116,0.5,morning,False,False,True,1180.882882499299,1210.0913489476095,1187.6272668561203,1039.8254572256062,1066.8071763448486,1055.2409841395752,1043.9801615311856,1070.3057815996403,1045.9874889080088,591.8710848817886,615.6955940607393,597.0944354946882,536.9940010670371,555.5457694069355,534.8835757043669,126.08419177401954,126.95187734465584,128.4739190528756,18.791772168659538,18.76868574729951,18.765526508703903,195.84930141857365,188.6044634940644,194.1984833876921,195.8563657223262,190.1355043850238,194.31147410138604,127.49376282491802,122.62822240106726,125.62450150359751,128.35426494399184,124.10826642071284,126.26551466260739,12.774281986317403,12.874055221904134,15.657574245373054,5.686772178633254,5.703616175056743,5.676489144093877,15.004373494143632,15.017810855625937,15.003456359900179,128.45098960954547,128.28358992011198,128.51872806516283,57.204777297630905,55.9589909895418,57.3927273048772,32.59776480117345,34.998107280539216,28.57276085193556,27.107022136910363,29.251780439763067,22.612964635543463,37.05277519407247,37.51509510381064,37.72953143491498,8.270369670645481e-08,8.253981055743317e-08,8.180533550237295e-08
N0117,1.0,peak,True,True,True,971.5653792047696,1021.2601232559606,998.9807619646789,832.0477162286109,879.4562276264614,852.6551598710506,827.4547191429016,881.1495039339196,853.3168144322887,407.84497158829254,465.67737813055913,428.66301170630044,371.6484211416984,406.2430152073224,370.1596145113361,117.26154857064117,118.42403004627556,122.54575277395762,37.052881494331174,36.56368419518575,36.79324515378225,185.34904599908293,173.71262299854743,179.68642541867834,188.236288840521,179.08520354246573,185.5664325226193,120.788733679462,111.58378894970693,115.81505851896712,123.49641682572667,113.94916544925209,118.31288626559898,25.110043689481227,25.13807553172204,30.565619922361183,11.10622002475594,11.131422637031292,11.106960545868812,29.319440689134787,29.531493134734543,29.395075723494667,118.70124540989221,117.5207579307781,118.7106545545269,47.81244833032071,45.72267807728342,48.48441815884968,63.58523990679031,68.37301511942924,55.53447690446311,52.86958620864371,56.88522038500677,44.4561646051489,76.3018614029126,78.70162579552748,77.86538592098611,7.782042887239446e-08,7.877370701829214e-08,7.686833901840416e-08
N0118,0.2,overnight,False,False,True,1297.178298517617,1302.4481401799565,1302.1864138934864,1148.3481252961055,1166.5768820635503,1158.115662592842,1155.0300875603973,1174.4080248916455,1157.8759961331243,675.0737736845293,693.9873173386972,682.1813796671843,616.1751588742202,621.1023353009633,619.3151952790103,131.7379992926653,131.81312637479417,133.19938242626273,7.824082786879104,7.5099902393945355,7.673998582361228,198.27752473469974,196.21960379441276,198.3778001068484,198.99590970399618,196.83105839256731,198.22847904145482,131.6554530692001,129.00766097636998,130.29142327950902,131.42285614224537,129.80853958216747,131.2286354617786,5.0884839416433065,5.155943297774538,6.235676679899053,2.270869123814875,2.3258049107272387,2.250948886645739,6.25084409850722,6.264644635272029,6.266323386698489,134.97132738102442,134.90751929909743,135.18087161617717,63.20123048263173,62.34092108556667,63.33316743270269,13.017395245798602,14.041871572069043,11.411191651802609,10.747757036511679,11.70014092333375,9.058396609185655,50.06502216208451,50.341703265150585,50.51893532800335,8.551159861420633e-08,8.606952272199166e-08,8.48689043799395e-08
N0119,0.2,overnight,False,False,True,1295.0629035000964,1301.8036689182813,1303.342963478402,1153.7627744867177,1168.6789097420371,1160.2287948615992,1147.8874951417126,1171.7467051367964,1159.9850226408973,682.957106573824,692.7052723902432,681.7283264535955,614.9155443831859,625.0461350111982,611.7710155117587,131.69652256957409,131.81364138457863,133.2271147689367,7.839804810727881,7.5288263000364255,7.680948638029136,198.58944093839344,195.91644448531437,197.98435747468338,198.92367131594258,196.78827306149017,198.82289225687921,130.9537495556363,128.71862545028443,129.53385209464938,131.09013970442794,129.98102326206543,131.25564270703484,5.085937955877243,5.159225097370002,6.232410569840583,2.260602769137538,2.3285803168366943,2.2629094397689027,6.2309359097103245,6.2763340670486505,6.287301602625435,136.0788765612408,134.7119422380044,135.9822647480004,63.28380669596164,62.86449200399042,63.641246170345,13.015706438106372,14.080601525243397,11.35756675209773,10.770423026579781,11.743587177220581,9.056206714009507,50.830187653935155,50.35237673376121,50.59054724742027,8.549276070172926e-08,8.559076810479569e-08,8.47344767518623e-08
N0120,1.0,peak,True,True,True,964.7173041942796,1028.986241011734,993.2677309902181,831.5713107013174,886.1976682435854,846.0302302336147,828.5060093188316,886.4385552173339,849.1023695168996,408.85200584804255,468.4483749829629,424.5279433675617,370.1268184176853,410.7540161835346,364.72894010214674,117.54835031469649,118.32627524912434,122.78588197211836,36.665740544355565,36.696859545364404,36.75940946740544,184.22385277615788,172.3380424169768,180.13758483099792,188.9511098353602,178.68044440650144,186.0217788437768,120.85578892464326,111.08167268056857,116.16453615767712,122.65203123603328,113.6555147465899,119.22204040983118,25.122228944120124,25.052707070139924,30.467495555095066,11.086808137149056,11.21581148585449,11.041803899379714,29.515744307057897,29.47879527658481,29.462418585203988,119.21516828830777,118.41129007952864,118.85873795948383,47.55807187158128,45.55515874006202,48.6329305583361,63.9330257589563,68.0024089139945,55.697447602925436,52.90740374922566,57.14420483456938,44.16833900872012,75.94907216685054,71.87970230413937,70.30269225474393,7.779536032167353e-08,7.890727229768388e-08,7.678387715403984e-08
N0121,1.0,peak,True,True,True,974.5341654001642,1023.7366538701318,985.788628191843,827.6150031511993,886.4313244239905,849.7755711328954,827.9303091044596,887.7867396929205,842.9636392598757,409.9327659513304,466.9779331813393,423.028911219191,370.5349079439976,413.2425023804195,367.62896579497135,117.34056506619721,118.28410048599092,123.1408023431401,36.80134749547142,36.83605495904198,36.57377310105718,186.3269197295197,173.13141534264273,178.72092667935001,188.8716388264081,179.0514256212827,184.93973793826706,120.65241919127283,111.37806637193192,116.18932852056356,123.03690832866648,114.2975590704744,119.30550826382213,25.008166559477786,25.233985778189204,30.596566300068236,11.076656773153475,11.116995525780274,11.067983977796615,29.226731445981375,29.518736394662973,29.522218739998603,118.8765118438577,118.15972187871493,118.63615521154271,47.69541444059423,45.79841724605537,48.26167876585629,64.01999435422447,68.18133061015341,55.413369114151635,53.10748453654455,57.452384657630894,44.47357468312798,75.97995487715602,71.67618681100808,70.49656792117642,7.730548224085087e-08,7.889353969687105e-08,7.76029179456504e-08
N0122,0.75,afternoon,False,True,True,1070.7348151228678,1106.9611103923455,1089.4350046340571,933.4599993973616,971.5716251083884,950.7164624791703,932.7186750564526,976.575990597915,946.543477972065,495.9902147893363,535.9143696439578,509.99522004391264,451.2966023001384,479.5550492040794,447.9515081825031,121.63995210277793,121.94433891375107,125.40280864117307,27.74948370563898,27.74692814355864,27.669941979352767,189.61864820369436,180.5024210352679,185.04028536060463,192.02315976770058,182.08139430010917,188.47745696851672,123.75779767048769,116.74764400735482,119.6433593578437,125.50244859054197,118.25993907720152,121.96097094718803,18.873730177498846,19.079763601537234,23.106523309544823,8.394721262055649,8.54450652905242,8.436275522421578,22.275101853649993,22.324978314112883,22.367471370275535,122.74604804251493,122.8809761150889,122.69143571752893,52.12601176493625,50.10515679419765,52.60809220779561,48.62978213923451,51.56608537820264,42.03038614909104,40.11570582340388,43.51206814870047,33.63621693126869,44.94959325436148,46.20192849537187,46.0547406920461,8.03778837706796e-08,8.125226639245205e-08,7.945163796482313e-08
N0123,1.0,peak,True,True,True,971.082176367682,1019.7530268421422,1000.2109003872963,827.5416074361225,875.8407101288224,853.03712106275,824.8031683753721,877.2521765804761,854.4572413489112,409.86815100598307,461.5306517381803,429.2381483330623,369.2857177094566,407.2104124803922,370.9447603706786,117.83779759800305,117.92715426957957,122.10781436759954,36.69339536830385,36.66217015056637,36.490136174480135,185.33589311963414,173.56562462473758,180.76786785269417,189.72542455054713,179.14779459349535,184.63988626731725,120.86845269221963,111.72864358077257,116.14941886534959,123.06381800927338,113.99286128768323,118.71543581649198,25.04165434859183,25.01406200912013,30.552039906399813,11.087527267096116,11.107293903449088,11.121816700846507,29.573574540551363,29.499616249484433,29.348783838155125,118.40774091880408,118.08899283443618,118.93254913015843,47.68196666335724,45.99025118518366,48.730340146604604,63.84028901968152,68.44353445809799,55.6167830899885,52.72046430918492,57.11068622632113,44.39689708361991,76.0362123621633,79.17443266561315,78.10016919050615,7.78329977465888e-08,7.882714454198105e-08,7.690693898062443e-08
N0124,0.5,morning,False,False,True,1181.0330061100376,1209.3063834323293,1202.3092889648458,1039.654326963104,1066.4476285079065,1047.4498143904668,1040.534700076951,1070.1692213812908,1063.5623925094706,587.5405907832748,618.4260907809514,596.1460168204226,534.8102759757203,557.767285496063,536.1413299919709,126.50632174013322,126.89643694286329,130.00007168382044,18.7334548791398,18.880021779330228,18.71372560899518,195.23547512156807,191.1664042098897,194.19996592045095,195.44730969001077,191.0990733217873,193.2756063221055,127.56562989341606,122.80517516761303,125.53688205768374,129.17676765325095,124.2147401634864,126.40008826956036,12.722707366835252,12.844505359498106,15.624758865722479,5.673353347803631,5.773230886154703,5.660291491028369,14.984079221864718,15.054980463397088,15.046622743143196,128.8660643121295,127.43968410638722,129.54597066629057,57.073181253403376,55.906353371181034,57.61531935154979,32.765571893722324,34.967316837566955,28.47690959559565,27.029541853929008,29.3311635889172,22.72465144329553,37.24528726441788,37.280491023176324,37.7677558563801,8.21639158655868e-08,8.3181104314719e-08,8.170772880849324e-08
N0125,0.75,afternoon,False,True,True,1073.9651477576576,1114.8220953788382,1082.473701416737,926.0386883354929,970.1195348127459,951.8325129379244,933.9633455788711,971.6156051726141,950.6325988156228,499.78321029332386,540.5163852186452,511.14758717733025,449.3747527902023,477.2931404685369,450.7633441830573,122.02145254459413,121.68637849129543,125.03382612740408,27.70376001118946,27.788956388125776,27.81568445807675,189.169740765168,180.41892157412022,184.81160172423571,190.29555329661628,184.6066902002847,189.21356907258635,122.57407289803838,116.53583223490764,120.74958265919355,125.15536986152462,118.52034415244542,122.12047754729561,18.9183171032861,19.06443700153093,22.997766310938456,8.410649701232044,8.44169951123602,8.380857280526596,22.108984784010037,22.33760221772181,22.218638246248883,123.18083127976156,122.47229425874932,123.28828115123981,52.20261741152025,50.30837810372835,52.710968374362785,48.02520274479425,51.588325318049485,42.17975933041626,40.04318635525545,43.306099004129344,33.57882933301287,45.125291651975886,46.18235808781147,45.994351572484426,7.971192648770266e-08,8.135792560429154e-08,7.98313932839185e-08
N0126,0.5,morning,False,False,True,1182.6217106012227,1210.414586302842,1187.6835827861069,1038.9485682526347,1069.6959357882517,1053.7184386246226,1041.5796232951584,1065.8927649323819,1054.8703525199078,587.5381643500832,618.135379822368,596.8651840255235,536.0202082275503,554.3313090343495,534.4079208601447,126.14233299605365,126.77800956267707,129.5743529302074,18.753606729510654,18.767265505243902,18.672476377155885,196.18302609083509,190.11196154979797,194.0533226032791,196.05123278182649,190.2686197273873,192.82462575367794,127.47403518217327,122.03530151027589,124.90017034169264,129.1754942602968,124.08208660169369,126.54641200680055,12.804456909158889,12.869514121783867,15.610439471448611,5.667178991014473,5.719485138182871,5.666764772560948,15.05442658148343,15.0538235282903,15.020605235123355,129.24867885076793,129.51501240934118,129.1109986237915,57.10215799971193,55.88975182667691,57.021101898232196,32.82520800864683,35.137261568071835,28.466148420849056,27.110013374223055,29.41363208352787,22.77777987245378,37.251643991401856,37.5689134567304,37.639584374927445,8.224305472725837e-08,8.304466492986537e-08,8.192716900265101e-08
N0127,0.5,morning,False,False,True,1177.0016723789872,1209.9955864586093,1194.122568945164,1042.854541734008,1063.0396225662191,1043.7249893295907,1038.5188227128178,1069.4655946246294,1051.0929796556065,588.6137015537115,619.2147436871575,597.8808816415853,536.4532715019352,554.9508810744887,535.3687177655537,126.86395363591366,126.73269401333144,128.97336957651464,18.66375126523903,18.705166675955915,18.845327563793973,195.4196903790331,190.34291693017917,193.98567349465435,195.04603893518504,189.26927384385036,192.83144375045845,127.88894943444795,122.38785507181727,124.8395852077546,128.35047491660154,124.27087696776991,125.91414169400583,12.785668926638852,12.891303293635334,15.631889730525595,5.667557594715949,5.717730700488999,5.676978542418762,15.008199952883633,15.053246279315843,14.979477272504544,129.0243570975551,127.86090685268928,128.97749056458125,57.17657665481048,55.83655667578035,57.49263018735345,32.71987975844984,35.00023795257786,28.462774267695046,27.147855179037737,29.357533997382255,22.83037551029502,37.11283678471727,37.62917518881664,37.6655201209431,8.232953801565922e-08,8.338801213689544e-08,8.125930814055918e-08
N0128,0.2,overnight,False,False,True,1292.0294747018277,1307.8718364427348,1298.425309284005,1156.1936262561633,1165.2418371505742,1161.6955646813087,1151.6460360673489,1168.178030732488,1156.843874508712,679.4634565997587,689.138872035469,681.710829776921,613.2731362284557,625.5039649432765,615.2673429929267,131.51249773842528,130.87109518892012,133.01756513752255,7.827593229539585,7.855557446380869,7.842560630109956,198.3951375505481,196.27185666265154,198.07236954622476,198.41821761011698,197.1606888411017,198.28344928971597,131.45539596241588,129.10091945844272,130.26501702199445,131.98397963532244,130.42315003982344,130.72003330500448,5.0896510249202915,5.1537862334023945,6.241805345008333,2.2658619851342015,2.325576372306173,2.258289259846494,6.257739485717321,6.2502627294617135,6.286570985667867,136.20253096656384,135.39539381629703,134.83298574264754,63.06477124668324,62.483368609443694,63.30618964593371,13.097839309430265,14.026911866145129,11.351985052156598,10.787678555681554,11.725922821163895,9.041852164235022,50.21872383301901,50.1480019747671,50.18511931868543,8.608587397103629e-08,8.568247252790212e-08,8.514278507166216e-08
N0129,0.2,overnight,False,False,True,1291.4930950183546,1305.465460935391,1295.7606134265811,1147.426989763581,1159.715672263176,1159.9350740532484,1155.230907238566,1166.497948410856,1156.6901745030161,679.3007576221719,691.5539524514089,682.4904238488424,618.0454625737783,625.623811711231,618.8238150716318,131.5385437548868,131.8939763444501,133.09737601731243,7.8383896328393545,7.821282507485944,7.887791783983896,199.25982925294042,196.47360317335085,197.84770215304636,197.47012465907562,196.18000994579555,197.31872368665674,131.272163336769,128.37832455808342,130.1271994331113,132.70093018044042,129.88653107800263,130.94758644316377,5.081144970866838,5.1503658710642055,6.2559884749779116,2.2718263311335205,2.3176430183292185,2.250126656055514,6.245331000848204,6.263787340423529,6.25402012241378,135.76433659832156,135.31914694462657,135.19273612509096,63.41745632698315,62.59676923228493,62.94821479416578,13.060624178692805,13.959380891500476,11.383317487150238,10.841707491325119,11.672117885797597,9.098762586645316,50.28229814958913,50.38201308052919,50.76376857360203,8.538602533070663e-08,8.553766168310724e-08,8.516291985503077e-08
N0130,1.0,peak,True,True,True,971.399282321404,1024.7778360745688,992.5724499775604,827.5821513147253,884.9124013827048,852.8943203821854,833.0900395652809,885.7038274163476,848.5269606392844,407.3022702833995,468.04765745640566,423.56658419420324,370.309653832736,411.42472142234885,366.8745858559651,117.82026078778387,117.97265378443265,122.80377969620048,36.529610146370686,36.706545061730125,36.505790140492564,184.49128758847468,173.176381457108,179.550019509246,189.5194572248997,180.12748519088981,184.2762018932857,121.19976973746074,111.83170666603225,115.94200224114438,123.53313545326156,114.16606379501255,119.1205200084126,24.91806531759792,25.11346721774348,30.476765931996432,11.025624630987243,11.185747134834285,11.090263562746262,29.28749438958339,29.427852017792304,29.368343037491023,119.3055778614348,118.25469368550151,118.43123742397695,47.921081474677635,45.76753552450381,48.29075175851222,63.73036060935453,67.79095640958059,55.67272658996226,52.644301795284996,57.2719551605953,44.48922666661176,75.57128545400818,71.3791564101344,70.64387111896741,7.76757133896937e-08,7.894885145831323e-08,7.732467567553212e-08
N0131,0.5,morning,False,False,True,1183.9388919799017,1213.893521419576,1191.3225998331998,1039.6932925435133,1068.002614876283,1058.6864165383936,1039.5004277360588,1070.9032166891711,1055.1442815824173,586.6496872445738,614.1364347144925,601.510009956961,536.0133634831394,557.3822614991719,535.3427542559285,126.58994060115138,126.74015268063927,128.9344921523005,18.76586139220548,18.876168154831507,18.740269853839145,195.70832062912802,190.27691315675665,194.20500411803772,194.87417027688147,189.68159222928327,193.0746776096269,127.49428188490675,122.84694849166296,125.16422239222503,128.51513849611632,123.56231752788688,126.26409869824417,12.75526136113655,12.833170457658868,15.542361461513776,5.684622151863265,5.749618019480744,5.671291146024793,15.022468705806705,15.08515771222437,15.11100595468643,128.9855227719881,128.2491486666467,129.40508532895484,56.95721102797118,56.2472222692644,56.836884952389134,32.77971690766278,35.13163196751486,28.451452965518634,27.011531602723245,29.323990724611082,22.748734102679304,37.090043510048325,37.44726036463474,37.72937449128187,8.222694014431111e-08,8.318953232331871e-08,8.146851148050455e-08
N0132,1.0,peak,True,True,True,969.4689752285134,1024.1517479016366,993.8730657453347,827.9341546563214,879.900375450319,854.0626749709847,827.993730970198,883.4854761808482,852.2151152491542,409.7707361619791,461.31509879656915,428.3404159103278,373.0067899756992,405.5223229691734,372.02032849939985,116.8841234753505,117.68686151291516,122.52576199243688,36.74623678745558,36.85056027194876,36.65211488508578,184.09866772265593,172.98484036466638,179.91412342131332,190.8959639355241,180.31031685853736,185.51687172869995,120.84471209637043,111.6868035768243,117.08110020222635,123.16311873389046,113.88092731690017,118.97977707366714,24.911263524221543,25.128513629718753,30.534227237483083,11.111550309003539,11.215550760958337,11.142549265250487,29.5017216181977,29.664164697848566,29.397693460086604,118.60750925060462,118.40620372930093,118.43966594629859,47.80036121488485,45.649567430112114,48.515440612441274,63.83087709199121,68.41732291222282,55.7033193390958,52.76177730301696,57.10601313386541,44.60751025005074,76.18866076176342,78.7398618832303,78.15866972338547,7.78119912321099e-08,7.879539203710866e-08,7.738333481734539e-08
N0133,0.5,morning,False,False,True,1181.3798608187208,1205.011108097938,1194.427711421956,1043.745714897,1070.2855831802324,1053.4928089424454,1039.2685768539961,1068.8183500572056,1051.7571759237396,586.9719776617098,615.0339298919895,598.6145399997242,534.9502150092452,553.923711835504,537.062369351691,127.32440798332576,127.00292589880382,128.68753993120063,18.82766723737078,18.877849159950788,18.836679455985518,196.11607413276917,190.36781763983814,193.33239247443072,196.1825523145963,190.9254537444827,193.42642723119982,127.56137750003396,122.8935277877046,125.21637187630562,128.8381916506143,124.52090046696827,126.87268120881458,12.795456917691348,12.823986712178689,15.662408914209715,5.695608763876077,5.764218134406034,5.685338640166928,14.994607381658911,15.048806008048,15.015898181892773,127.8461860563869,129.42254130632531,129.5158445229691,57.20192135717887,55.63774308436524,57.47271665677614,32.79383298359129,34.75085858880874,28.44381282843029,27.021227164918667,29.189790335005107,22.855102094875992,37.098895795970556,37.390640811561944,37.794556237113376,8.245553615325062e-08,8.318298370876386e-08,8.203817128419065e-08
N0134,0.2,overnight,False,False,True,1299.283843891364,1306.215458982778,1297.6374346017792,1154.4803848312945,1161.5562012850053,1155.7887376405254,1148.4420303544357,1165.417759064513,1159.596514385875,675.2521207728472,693.590525759787,679.3703999919439,618.1203556346118,625.9356393122837,615.8291596589265,131.32147080641474,132.12019528681375,132.10499233140558,7.790333689832266,7.839938735352723,7.807887680392269,199.7266100874191,196.0957692611829,197.97544445470504,198.27515357660423,196.34020394807888,196.5180803154972,131.58878716693997,129.16627775208835,130.46950239441838,131.3226912544681,129.64489053721923,130.33035377512655,5.104159246165034,5.1196083915564286,6.2667483379626105,2.2622506888254414,2.322423252730155,2.261857580385454,6.255732412363832,6.271375102901249,6.264014251717037,135.6961634566582,135.524317304647,135.71224961579622,63.69714339226501,62.55769788412185,63.500722920879454,13.023372685012376,13.994712379308227,11.390755052137616,10.780557174984423,11.772090871381062,9.058591690514646,50.5019527380435,50.099625686469906,50.411951935418436,8.506436924033743e-08,8.646613523338607e-08,8.497779494417398e-08
N0135,0.5,morning,False,False,True,1189.2119629970512,1203.9691721847275,1189.5991297745481,1041.0181938006006,1067.0140424641338,1053.4939694924137,1041.7011936956,1073.530587795669,1056.8218560086254,590.6072243204733,620.5730403799121,598.346408948533,539.7617350765588,555.0483254709291,533.8021678803749,126.50949996922961,127.38239985364172,129.11175726215907,18.758844753061485,18.877757277943086,18.797036862591334,195.65425943494242,190.0383783427246,193.55730699768893,194.7675852083784,190.37780325360634,193.05432721944467,127.93064538425023,123.36201612867383,124.9781988979847,129.50528284488092,123.75395957922711,127.06011278358446,12.75828566377112,12.919650704175059,15.595838050797651,5.677209512944673,5.737899891997142,5.700220828434918,15.104100830955854,15.168315149552589,15.029996392746677,129.26372607146578,128.59529067949876,129.24345283428408,57.212096185788305,55.857683655755444,57.390116615400736,32.738647537303805,34.99063600986038,28.626204159648598,27.064703104316802,29.260772019183047,22.719344472922806,37.18431762856681,37.2692294446668,37.680860565781394,8.214293830059501e-08,8.322277425007572e-08,8.199839286106129e-08
N0136,0.5,morning,False,False,True,1179.4217339407137,1213.2142494156892,1193.8384239017685,1044.1893232794425,1064.7850972503725,1054.1512679421123,1042.792755139967,1069.195971314262,1055.6220595865088,588.5902767643013,616.182330124951,595.7305511420848,538.0891982075676,553.001542899646,534.7796016208816,126.20167623745432,127.27257977110425,129.07500838161,18.69215696457698,18.765748629851966,18.713814428808156,194.8155518522846,189.5456573004338,193.19234227272682,195.06204462857562,190.6747457826603,193.99004803109997,126.67499305253646,123.26731437629734,125.02870529235037,129.0984675399326,123.79608369147458,126.39271302937337,12.80072427750664,12.847564070549442,15.611824161008904,5.667650928038295,5.766882155980505,5.691010157795049,14.934928497764146,15.063599504919246,14.98384683563431,128.68546688776362,128.67561724877558,128.86259661430762,57.077646588741885,55.90228055661573,57.42349717638229,32.75338904112232,34.901951020785496,28.506258785544883,27.00448076042829,29.313215604759076,22.770454359143752,37.00076336069994,37.369591010894474,37.563628615818054,8.252130197433813e-08,8.229292847265276e-08,8.159761825677893e-08
N0137,0.75,afternoon,False,True,True,1071.9050559540613,1116.8334738937747,1093.3198014732384,931.9510744199097,973.4184584249489,952.1803584357192,931.5267132917226,970.9422115485157,950.6305363872825,494.9250727486798,536.8372936969703,509.9790441888488,450.30017218089813,479.1166429707304,449.97879203591714,121.50751616905617,122.35629034528219,124.83079917577861,27.752771836475894,27.938497053799342,27.540676595895278,188.44977714896362,179.67365378946053,185.1542537850321,191.60297614099932,184.1854293067235,187.82596045367498,123.12038946055631,116.40720306632606,120.12662960673056,125.34352022393566,118.74884276107802,122.32496623480023,18.802239719842884,19.0132934409055,23.191931067903774,8.418131572096176,8.446802056481646,8.439123109135247,22.212968558704354,22.315677604044104,22.319270507602763,123.14757627216434,121.90701069500237,123.60087116174897,52.019793529323266,50.30844639840852,52.34463595217091,48.52316264124386,51.85522908566541,42.24114265367193,39.86829869523794,43.367146164870825,33.74870853436608,44.899556374169705,46.34605134510157,45.936050718157055,8.019000522239604e-08,8.130674750370536e-08,7.978237717173137e-08
N0138,0.75,afternoon,False,True,True,1072.7985954494532,1113.5771392720899,1085.9726188368575,929.5864996805985,964.8497366194379,948.105601480954,930.3708295041542,968.4312739170824,954.0211187327621,495.93892989292226,540.1028985694961,511.18928134813984,449.5877267976676,480.12178042693154,448.9698074758767,121.10997057341218,122.99679161365871,125.91526943119803,27.756625523136254,27.71767902342359,27.785871727778492,188.77704819470185,180.32737470187456,185.83787569635305,192.52323953222282,184.93345910058991,188.8855258327369,123.95900273623988,116.23463174655393,119.8467911526579,125.14852376465355,119.11495810345465,121.32296344068394,18.893670106385287,19.052831254470224,22.99605919462918,8.407546836470699,8.541061212869556,8.427669422800722,22.117631511333833,22.17887605925359,22.19835156610055,122.66678739813445,122.74448340776665,123.39735526981632,52.1194573737435,50.159456584832185,52.24195078098882,48.48147766667828,51.58925013069582,41.94795245579691,40.19263218008493,43.46964803156614,33.48258150373846,45.03270169639198,46.19580856868316,45.779006622963216,8.050792197179461e-08,8.109001257684683e-08,7.970872432792754e-08
N0139,0.75,afternoon,False,True,True,1074.9769093384984,1112.788116894217,1089.5486805926691,933.8340577291996,973.6302902732745,949.7701115601507,930.8342001508524,976.1296290880463,947.3056869991105,495.5581974481434,538.9363214297229,511.92845334504176,449.1023112315627,481.3719556581627,451.48058473034786,121.32271856387077,122.01988091604144,124.78481056795721,27.64785905968924,27.809936978866983,27.62536834882294,188.89789209784212,180.4351763074951,184.1553041457593,192.46268702717572,183.84505874801576,187.43272504396552,123.7993064824329,115.94361568552692,120.13626674500834,124.55696725808426,117.58511005292668,122.23693014052479,18.975811769129596,19.079355230363653,23.183776493366413,8.388005597252379,8.45857135468806,8.426327170766436,22.274847475382046,22.249396019451705,22.278099121668074,123.36857191684118,122.63998777571148,123.03628572928498,52.11645154884734,50.401788464631814,52.358037591872026,48.141990332960766,51.75292784596403,42.1603565898853,40.12365919332254,43.04431133780181,33.69580837330579,45.216502720378635,46.166420584996835,45.99080867540677,8.047442951966957e-08,8.150260068828159e-08,7.954539828692291e-08
N0140,0.5,morning,False,False,True,1182.9016585810884,1204.4359529053215,1194.9517190843142,1035.4994829960465,1067.1252453583265,1057.2416500923425,1034.7259191718274,1063.5945522211837,1050.0404995674837,591.7485854762641,618.1993364504241,597.3355062044815,536.4097455247419,557.5066399202636,533.9706954564506,126.62848206931909,126.5682032051545,128.24567007623523,18.846503619625583,18.75637087475124,18.692362162591,195.3258821377962,190.99206043121436,193.81339329698037,195.87394945049098,190.7533922346796,193.14184896621742,127.9251651434517,122.50915170287682,125.41205255581733,129.02856486525863,123.8287126185909,125.71124015750458,12.785606861991983,12.918900480537493,15.60487578782071,5.692890969110511,5.719515927376157,5.671507952052699,15.095969983732385,14.996617293152697,15.036753991437829,129.016293371837,128.13826029591874,129.4322966033839,56.869696732722126,55.851434403560695,57.28610083637408,32.58234699447171,35.01260759866626,28.51394870507551,27.094671167162346,29.365838599105448,22.77938073630971,37.06393633475629,37.52113608886645,37.67348673768938,8.22246682746022e-08,8.322460122382353e-08,8.145036349371238e-08
N0141,0.5,morning,False,False,True,1175.8351116409112,1210.5203792935254,1191.265733541097,1037.8711172325452,1064.4724468470351,1057.890801777338,1039.130376554504,1070.7660411165937,1050.4317300901891,591.0908049169643,617.2185054797611,595.6508345754976,539.7712249973356,554.7019447451469,533.7959239823111,126.46625278241753,127.37447463512859,128.41203371777146,18.705187605115107,18.704991045654964,18.814537117808147,194.24816225057867,189.7577513068795,193.7321205506406,196.6254397356214,190.10809965066977,192.97925939967325,127.16947695202548,122.68754323906343,125.05633395913254,128.63243420202423,124.55018928282065,126.16067447586265,12.734333057309204,12.82088543458581,15.588767236244697,5.650853690321148,5.743334692712054,5.68164938060944,14.974142135215962,15.066344529658105,15.035767994799052,128.8192750114652,128.62451752755558,128.73101976112295,56.93139202490193,55.77351897804832,57.22576858249564,32.67906883844727,35.155571272568096,28.45611724425223,27.02695288906043,29.249569595003287,22.831265470753745,37.070728965221555,37.57433990016539,37.655735904765194,8.259408845317861e-08,8.292407282148281e-08,8.197156294309953e-08
N0142,0.75,afternoon,False,True,True,1074.8288336696226,1116.8769928800382,1090.9009448243842,932.6785094922872,968.5861286656863,953.6776278869224,932.9878059120164,967.2805138831659,950.6618885699457,495.39259597659907,539.304900826876,509.8400089499169,452.07172993919914,479.5627468891106,450.78640574099364,121.79450707385195,121.30419008396312,125.95370638964292,27.608804125736903,27.843716805520828,27.65656990966788,188.80764447893472,180.70105448205666,184.84189786892384,191.63077421543684,183.91366036731932,189.35775508577183,122.894816611205,116.65680073082596,120.38982151159755,125.69294496391258,118.64611350449357,121.44464478962776,18.952661703872963,19.08269021144923,23.032015715055483,8.396738664506199,8.474974765329378,8.40726327856183,22.207419227279527,22.291020649597606,22.236979488980197,123.26233191316615,123.28501675127879,123.60596218793408,51.971440384781324,50.1940205109311,52.48567418749907,48.24884870924997,51.877550849596744,41.921455579489006,39.965561002506156,43.56059820128083,33.8489925620952,45.12105305540442,46.42150879279253,45.879153441345096,8.016725180588631e-08,8.135133595796456e-08,7.933031853911999e-08
N0143,0.75,afternoon,False,True,True,1073.7644223750924,1117.5776252966589,1091.0854218688582,932.3013564967933,970.3875000203532,947.1358813268254,929.9501633980684,975.4751869072683,949.6065756961774,496.6665456268494,541.522478335031,508.2832143776567,451.8139484456603,480.59832070340207,447.3496287284234,122.00502188690535,122.00703411668991,124.74001455551941,27.576931061757755,27.836018279718587,27.784213001323558,189.60276549143245,179.68089380802755,183.92231896519255,191.94029822828867,184.5464332380767,188.4315975933454,123.29429763675597,116.29052042923871,119.88225119712408,125.51562400396622,118.11911024623319,122.28262860987834,18.96560172946258,18.9161974854626,23.17529176415697,8.37299950472309,8.446925140470258,8.424403367146706,22.357977738247904,22.252114746128786,22.26177023853684,122.33294253008009,123.46015742897107,123.86849150417204,52.08757966851287,50.05572117822357,52.38229389794693,48.1930763694944,51.61794715690719,42.156042336723814,39.95140381668985,43.43865600368612,33.683868599109125,45.14705652145764,46.20158895718047,45.90164278687339,8.059373931068256e-08,8.143301108179736e-08,7.996155065646734e-08
N0144,0.5,morning,False,False,True,1181.2159450371287,1206.7118275916469,1195.1369390207806,1038.9516598780644,1072.076864438823,1054.1034568126006,1040.7580528939056,1061.6644956125026,1052.0903224078238,591.359234553131,620.7924728293376,597.460904001651,534.41315929554,552.8954147191598,536.7647030146138,125.82766356270646,127.13682440955066,128.96293586168008,18.771907706573433,18.824040566376606,18.78035567155261,196.33777484377867,190.03516891957238,192.64017620364487,196.3014622724419,191.2262049695567,192.93003810986067,127.05236441213742,123.09520005488908,125.10581277976917,128.68740091775726,123.99397445031724,126.81154036413109,12.814768850787143,12.846175566500373,15.73212048060948,5.687025084524561,5.707929451440209,5.686326347343224,15.025421368969386,15.085138287872512,14.97815438777066,128.74001635368919,128.69384349909447,128.75497699275687,56.79379079393351,55.50780032740494,57.26082144881135,32.62301624477076,35.01245862881077,28.511430928359353,27.05830024006434,29.389340762124743,22.67009440273466,37.147773747486156,37.356324339061786,37.522364465333744,8.251179733605795e-08,8.282170130830599e-08,8.154382320010797e-08
N0145,0.2,overnight,False,False,True,1296.3735976698138,1311.4309452104767,1303.4466688267948,1153.6375311746183,1163.523941313057,1153.2896676554067,1153.5705773219347,1157.705373174199,1149.9280306742094,681.2915940114045,692.2229324564099,679.9097032548506,619.9946139124984,626.215707952562,615.1370489265936,131.76549866325107,131.89553943835537,133.36454525556186,7.8306474329425475,7.834689413460394,7.8146447017800105,197.92704132944385,197.3914954373078,197.3895530166184,198.423111049766,196.1402244032563,197.4189134410012,131.34886839949903,128.65339671546292,129.90976840997203,132.4528329382502,129.29443031864108,130.87714695852313,5.077797799555599,5.159287152431525,6.260083853833247,2.254983470590682,2.3263618413070795,2.2615817855917055,6.27345675202617,6.266512716779654,6.229479090361708,135.47362874159543,135.37178521483133,135.8404755752837,63.523418897069796,63.242543967772114,63.368470877380325,12.953752778019485,14.018459723743662,11.376381928797523,10.777979245996388,11.837983615126562,9.080217800920732,50.30633635376081,50.52900116623077,50.327614567754225,8.561618318497026e-08,8.63967245940701e-08,8.51599721768769e-08
N0146,1.0,peak,True,True,True,965.2565380462631,1025.1206193487487,994.6397261875243,832.7529442577242,889.7189846287633,847.4578688455076,828.0066430980149,884.9293144296695,852.733301593225,410.5226539928756,466.70790932025886,424.2076523598911,369.1207671972635,410.91838521197894,364.05642388296525,118.02560381785102,117.90239696375855,122.5183895788286,36.53674329798744,36.67351277583256,36.75514046627838,185.9131580350245,173.06612256778604,178.89175131759725,190.31090083073886,178.58802456850276,185.3984473117016,120.73512640019828,111.61904998371172,115.94411802082364,123.378957250473,113.45125436729757,119.03458287198355,24.92389329016037,25.051092710599583,30.659771170390165,11.095117530601485,11.183090052284008,11.132666477126369,29.372244897800766,29.357574023251733,29.454059271917988,118.90626002391691,118.37559446408386,119.40664301477057,47.894348831583976,45.720010634464735,48.38826280775727,64.2153295907668,68.75801486278735,55.673692600932085,53.058228262606924,57.038173219190135,44.1806438164859,76.05927300655684,71.78787475277261,70.71896951110753,7.815048806737875e-08,7.940542518381631e-08,7.73089271587444e-08
N0147,0.75,afternoon,False,True,True,1072.4530260371118,1115.4568867879557,1093.1144665119525,933.4487248130575,969.7304433509998,953.388084515406,931.1470878578369,972.6750699624176,950.9264099547754,495.31455587938115,538.9727955175442,509.4211758872901,451.47482083903947,478.83051949232635,449.28083893621965,121.80972760371898,122.60743575317665,124.7675213351451,27.8486270029545,27.774907785210686,27.74826785467141,189.80299411857405,180.27243290193988,185.41067178796797,191.0252841787774,183.57967773592677,188.73564706162196,124.10792725113292,116.7269876199247,120.00322442839695,125.34353017007464,117.85611073976112,122.41438150261276,18.931546768295263,19.119426167823114,23.160694573297654,8.435812241841056,8.452376389129093,8.396076617413032,22.166448696318835,22.22953194113092,22.2547028085139,122.96877216816443,123.46668447700212,123.32044855587412,52.08504756434631,50.07264600806503,52.59019098544742,48.292572859650726,52.07585189846852,41.93034942683362,40.02567129317323,43.426821300164406,33.5647563710158,44.840694585797806,46.33077437794458,45.74454716298862,8.067606368250514e-08,8.136031707212435e-08,7.956583447282228e-08
N0148,1.0,peak,True,True,True,969.5516595881478,1022.0446073653892,1000.6105737781869,831.2498041167485,879.1050809080925,853.5520839157882,834.3654650286711,878.3371118306376,856.1924218725665,408.33217631488594,463.5774895210742,429.3853344872983,368.6840310454618,409.46522856641496,371.3200978792786,117.30109588955618,118.22312667215013,122.64589985231675,36.60601479329416,36.663098593451885,36.59644725154231,184.42226477326534,172.64575741450577,181.01904954319227,188.82760648269885,179.04417674648752,184.81626587558057,120.66676943756947,111.6555224614946,116.21331722130988,124.02740337178234,115.07967106935033,118.4002339351294,24.99797395536308,25.166752026106025,30.651058571950166,11.129239797438563,11.186543683110507,11.10051133818196,29.399328348314707,29.50708550600934,29.4747352818346,118.76242137544018,118.25318449313778,118.62955703521173,47.86286254723195,45.79014603625034,48.61665361188156,63.381764244268496,68.22471783624019,55.736358905269284,52.97110587874823,56.918824342454236,44.44774909612569,76.27168602420623,78.97844325525624,77.95458700222177,7.780479995516587e-08,7.868301265478096e-08,7.733499377487687e-08
N0149,1.0,peak,True,True,True,967.1421259046805,1022.5626932961728,993.9662447236727,821.695270115154,879.4851160756928,852.9630061880658,825.0177492309701,876.3602059542297,855.8906097903271,409.9582025664952,461.0216859232522,428.74941980779784,368.12826285201214,405.66205124268896,369.7577998931897,117.85721921107621,117.63192240289855,122.78531823169398,36.86134821357657,36.7335975014731,36.4833880204517,185.59252461804684,173.04794098322182,179.96746423310887,189.22580688166929,179.2493434621033,185.387344659489,120.50204027847252,111.7234374242622,116.06990220652332,123.14650113693294,113.87081337406062,118.55897084083105,25.074353983218145,25.089074193428168,30.50777299707472,11.096280950725307,11.196795813284094,11.064727128713304,29.343657782789066,29.419704014687756,29.34627054204409,118.32077267156036,117.84366311247982,119.41619090244409,47.6444347913299,45.638674601663624,48.77756729590501,63.7200254075459,67.9532123678868,55.37337252213584,52.691700260690865,57.25901721518893,44.38405287718899,76.38541246795752,79.27750311562376,77.67401636135004,7.828704925060418e-08,7.921844247697199e-08,7.69726127826323e-08
N0150,1.0,peak,True,True,True,973.3597045610379,1017.4237964793342,993.1923741002821,829.3840194980264,883.304329522938,854.3411654026866,830.8948671930596,881.0464600996698,855.9965135550377,410.8267631733514,462.77892376060566,427.24702565382455,370.11389522752086,407.56334213059785,370.82657267262687,117.95400774016656,118.27990753383713,122.81345581273757,36.51891801476237,36.85792902458107,36.51473677970804,185.53441057077697,172.81913390920025,180.6465472779456,189.43234397381764,178.59811648955278,185.42921198812334,120.24673198221794,111.61893416195151,116.75185918674845,123.52330130968116,113.26404169210397,119.43040986249952,25.099983921492257,25.012967565237258,30.470800637542528,11.064493616793667,11.236590326899575,11.11066569368009,29.475443525141458,29.56464011727823,29.449117377554956,118.82836361325475,117.96227764305699,118.59109415679227,47.54556941532264,45.73528414502952,48.35511645899631,63.812397226368404,68.06197246628263,55.377230197168466,52.777384731774355,56.861862817553,44.40475462393388,75.96428477620341,78.97357740498516,77.4062475296329,7.826119969423515e-08,7.925065678039758e-08,7.71144655810907e-08
N0151,1.0,peak,True,True,True,971.2389989238387,1022.5952455544744,996.6590609571333,833.5553700161444,880.815209136157,855.0612841940118,828.3580560132621,883.6215403958755,848.0368093514248,408.37943862245237,462.9029098529767,426.53483234331685,369.48518635481423,406.91451776533773,370.27610665858884,118.47174279187162,118.72062456134981,122.88314707100103,36.71351167778805,36.892806824195446,36.5460359265197,185.21843700992497,172.08324928613294,179.52284159050282,190.00702830214001,178.88639259243877,185.0118191489108,121.25835095800579,111.95158689427008,116.60927694221368,123.97709445575975,114.25596086017957,119.45806800914416,24.675943961037834,25.155746231886464,30.610935580671466,11.123621538502729,11.183746341810172,11.069460009459858,29.39670158137918,29.416871098243142,29.293827581083157,118.05097466013173,117.79540719696769,118.5433746468766,47.81882539139904,45.91808050186682,48.5578213500845,63.66337883206484,67.94004780792146,55.66484756609576,52.79982317828988,56.814743548488345,44.44891539413085,76.19676146046994,79.16643798107664,77.86911075108124,7.814441084567348e-08,7.908263651150388e-08,7.778664004001987e-08
N0152,0.75,afternoon,False,True,True,1066.8948399953601,1112.2102537229096,1086.9263858524002,929.3712076346974,972.3330099493288,950.5888889178714,930.8771419865205,968.2354031127267,947.49393038783,494.2447241315991,538.3499903397486,509.8571418814443,451.2184132497582,480.12078727319545,450.6031417126341,121.8794105020766,122.44353505058857,125.12223991698819,27.55850596481045,27.88120749426014,27.67472161606637,189.77451352424444,179.5072739571821,184.94347518600432,191.66528255312323,183.623538321046,188.01349628959585,123.18698322793,116.05098303285784,120.46274423354147,126.0822150929466,118.76079372346018,122.71907276428398,19.023465791918873,19.094004714844164,23.19479796824921,8.454884356125826,8.518037716091577,8.418630737644206,22.22310197222699,22.33517746692936,22.323576601666474,123.1543314211151,123.08899073918047,123.17894592200358,52.30648680870528,50.032778546452626,52.32493723631349,48.44745280642662,51.72665815584518,41.90020074759767,39.81384430434473,43.26652243408301,33.64527056911378,45.0001066467251,46.29825022903519,45.79185130045707,8.030948662997535e-08,8.100043036205138e-08,7.988892006161139e-08
N0153,0.5,morning,False,False,True,1183.8175519573172,1207.206168398993,1193.9543284478143,1041.487241078406,1069.3090596455938,1052.4770229101719,1043.2306003746899,1068.421449329459,1053.3150683890437,588.3192422854526,619.9635357691017,596.1327464807279,537.3468412583928,554.2540220295956,535.0318710751893,126.15046132282298,127.14364696255089,129.00899580310508,18.79084511990084,18.76959296665366,18.84623196614311,195.9702262156056,191.09474321098568,192.03410062225873,196.32576443651087,190.39938985455504,193.91086698489792,127.23456747237447,122.34118465532548,124.78774579142986,129.20409353734306,123.73697583459793,126.72238330458626,12.815745870221674,12.778589041343565,15.726337639362187,5.685924390316647,5.737609961521926,5.692785536557424,15.105347474114694,15.048562372661308,14.923897066831282,128.99167409422827,128.57981675068424,128.92133074870813,57.2024379396257,55.93403840588798,57.365097848110594,32.75281763096517,35.09824716221536,28.490558193230274,27.02192812728638,29.161285726332522,22.80201301559572,37.061364663231984,37.53866095866731,37.81897662624404,8.285935588807748e-08,8.296161915861675e-08,8.187982072114601e-08
N0154,0.2,overnight,False,False,True,1290.8692078550787,1304.6303235468774,1299.5526794176299,1147.044873039712,1168.753836114715,1157.9684305109056,1148.7695574855977,1165.436982495858,1155.6917821040724,680.2394102872946,689.8078530133205,680.2306772980692,615.7590067463566,625.7134018980333,613.8222910985957,132.4288541632856,132.06449796039243,132.52039578286585,7.854372394144269,7.842828049636568,7.8236266864945305,198.9199426990277,196.42688114431377,198.6858248810023,199.34368257606133,196.58660380863546,198.8913585608894,131.79847643434846,129.1706035845059,130.68283463120278,131.6377684175257,129.6054319861391,131.0970747350762,5.0915857516928344,5.169100406682776,6.272051031394867,2.2614899959750767,2.3338981147752236,2.2422320523581756,6.274781045711749,6.233455930931929,6.230392271801503,135.34833538203893,135.1984148661309,134.83303302874947,63.41747456463122,62.5341414456081,63.4974821714637,13.035946074675685,14.051280495471138,11.326831977303316,10.8643410416376,11.709999481278961,9.05543556931803,50.31260794415492,50.31410467016931,49.971289763288226,8.608603387947309e-08,8.624055816667167e-08,8.546782642465584e-08
N0155,0.2,overnight,False,False,True,1292.6850022354354,1305.2496755449338,1300.461556080009,1148.5684925076405,1163.8613975596954,1160.4005096471276,1159.686903498781,1163.7674145260287,1150.8109820049272,675.7217822836216,689.6860638579969,677.7861744227058,614.9331466830099,627.1716696926892,617.6147383072195,131.5618403993412,132.21430613591417,132.60132057093298,7.826301435611094,7.862225279101281,7.816889247189745,198.78210550700854,196.91412867722332,198.0869831525021,199.2786093919849,196.7763898871017,198.17180559572782,131.4437575616158,129.57607797999276,130.1312423596848,131.87303072294736,130.23141413589582,130.3946974963816,5.106138490440027,5.177228739879331,6.2432685161039325,2.253752718530937,2.318307200231541,2.26601530179667,6.259299575336608,6.231889089557324,6.266108409868799,135.48640069004443,134.98595398409674,135.31606989023112,63.5262236749269,62.51951200786135,63.08768730672714,13.005137810779479,14.029001219946654,11.41469773779289,10.75520299462729,11.72489226964322,9.110678620290473,50.65287058013929,50.55838203099849,50.45256487600243,8.52995433056699e-08,8.594363837285058e-08,8.485672950228084e-08
N0156,1.0,peak,True,True,True,966.2103648864289,1025.2398509948355,986.0947340327771,830.0048109086861,874.1047033390678,851.2919624473224,829.8131861666797,882.4391345550015,851.5168890595284,407.9441430167678,468.72948921249906,422.89868262284125,370.26323944375594,413.0053949328066,365.6661452929458,117.40239548015651,117.60402258675084,122.19312227234072,36.548657148432596,36.85642139860716,36.644583356158144,183.61531474500643,172.89339309350322,179.41215057475276,188.97831548367358,178.35915807774114,184.9475513829212,121.00304344663348,111.5387053941068,116.45707784020752,123.26783942745017,113.90495887622212,118.34149272893218,24.988072886070622,25.130556971388078,30.620570380815938,11.080806180232836,11.208401651465168,11.13551409076107,29.440985313273103,29.454809869480503,29.436325747793408,118.64058247505665,117.96954649928617,118.12305833758379,47.71610066167702,45.82615447938202,48.47628387742688,64.29957336156366,68.86733893681698,55.51227724813649,52.761201988572054,56.994857460823255,44.296088864700884,75.61823119567269,71.7134509824125,70.25053529132977,7.782287353718022e-08,7.877907312046118e-08,7.674438456244203e-08
N0157,0.5,morning,False,False,True,1180.752273531733,1208.926624556127,1194.2760928279774,1032.0599973475662,1070.9297113341518,1049.5978406478368,1038.033303622582,1066.5158762734363,1051.5103512219523,589.7093353826986,618.1805288433488,600.2827641427854,536.8693767081375,555.8346532771264,535.9716110924599,126.44101235307444,126.78203334563142,128.91342641086405,18.72364158638892,18.84096503401555,18.692881202433416,196.87725259168772,190.6266147668208,193.4601594402127,196.32655232994014,190.58228995276994,194.20795917679513,127.32270172214952,122.64641079320116,125.0781144883124,128.11218557302928,123.61968381205702,126.87210998047559,12.789452561139328,12.861830553128813,15.584450208973859,5.691607046076035,5.7709650834150485,5.668797455331588,15.049828183902875,15.020253129055634,14.9960721004795,128.7873403474197,128.9037337480445,128.67127042250664,56.844422251619584,55.68162540091452,57.67383954697501,32.72724732131681,34.97976732940974,28.486602388705712,27.087575530235846,29.319077695613128,22.785879478436026,37.09813707327985,37.31109112569867,37.800545395991314,8.226163096868038e-08,8.264878669549876e-08,8.203849480892887e-08
N0158,0.2,overnight,False,False,True,1291.1207464021647,1300.883509031504,1295.8035755850221,1154.722944498251,1165.8394056830912,1157.7850670526109,1152.8633510422608,1162.2969185517134,1157.3067879478426,679.4140524412542,691.769966287515,681.3118351441008,615.8529290491895,621.6699771232437,609.6966638218559,131.9845075291519,131.6203187610527,132.47696543608754,7.785914247370426,7.810080631333488,7.84074608354923,199.1772894479502,196.76718707118303,197.42533598993657,198.56961877325855,195.78546615174304,197.99830915674963,131.37685849620465,128.90712947522454,129.95073993220538,132.15656852023517,129.18507680348142,131.43692433729822,5.097918627471684,5.155669615889437,6.230230705083208,2.268347127267382,2.3158351762139673,2.2554333539599996,6.274824429461371,6.26225558821114,6.247858251016407,135.86253156343992,134.89945770809246,135.34052160082368,63.783026271126396,62.38124609266187,63.4696133472958,13.06819709277664,14.061334415883097,11.38289937441922,10.752654111808116,11.749781332929729,9.065214921118125,50.526410033132436,50.39741366076512,50.30642552146034,8.5472223434412e-08,8.583408811037108e-08,8.514805815195894e-08
N0159,0.2,overnight,False,False,True,1295.6165025260912,1308.8538045078926,1301.468062295508,1154.0979989787133,1165.828669686566,1156.4104705559182,1148.3734072804725,1160.3293927387533,1156.426800401421,680.8599030482512,694.8040385781417,686.132120392737,615.7426328085261,623.3759627322157,614.9148650852359,131.8178051774286,130.9043625449861,132.70396482259227,7.845501696069578,7.8009538548274895,7.809176652030968,199.61444737387882,197.40066456066083,199.4655148283518,199.30901634626366,196.0686106087108,198.2677008155373,130.71186801449582,129.46225992199933,130.07584629409988,131.95181929336943,130.20675803186228,131.28818648234977,5.072675712662593,5.171872654171962,6.258423217661329,2.25260475111413,2.336769538859388,2.2697558532511546,6.243164203132073,6.2593254620620495,6.294884520824171,135.0538710269911,135.51847018894745,135.16669494827943,63.349714307454214,63.212676287345126,63.47645111222677,13.065565800111424,13.958288722566582,11.28648746179136,10.808621983103272,11.733332022370051,9.040723189743343,50.48575839482914,50.24053644317839,50.257911032396066,8.534766528277682e-08,8.583266203688454e-08,8.503528154723823e-08
N0160,0.5,morning,False,False,True,1176.2758104357702,1212.8492474680106,1193.2428555649972,1044.708682548101,1064.4693267859593,1049.7429364655536,1038.4535072944084,1068.972709498904,1047.0545184341797,587.7575053581891,617.7982318154709,598.4613498711183,534.1165056680867,557.8192075953943,538.2762053436135,126.6286669533957,126.89302976757529,129.40985306464015,18.80469023650738,18.873960433841763,18.810038462214152,195.79403745587746,190.1383159091237,192.871183020453,196.1927410482807,191.00953453812474,194.8814619834201,127.38765842812803,123.05357470257186,124.55527016411729,128.77929394214013,124.30308786934799,125.7563514160123,12.775651528372826,12.92058376115534,15.653185315933394,5.667321614129566,5.764779288823518,5.664454646128408,15.074887592924071,14.998827865802879,15.070544482475096,129.0907537061245,128.52544303717357,128.51576921336553,57.187217230215225,55.89367813646425,57.449072003094464,32.70658069283863,35.13288374563459,28.46845943609553,27.24443816207766,29.41797956588123,22.7520605181475,37.01423465138848,37.495740668541266,37.80187192382285,8.221225801980072e-08,8.315994575181743e-08,8.16750835647219e-08
N0161,1.0,peak,True,True,True,967.1927122085298,1017.7512709618018,995.6975689147886,829.1869837036194,873.3204753674528,858.75809501646,827.6383668714001,878.5272138485394,853.815389808315,409.276796452283,462.2205440461243,427.1248388824379,368.72310444274655,405.98996411940396,371.1959176317859,117.12231195540423,118.30823413715142,122.68367161706773,36.70904704692979,36.64533709656467,36.83089509250497,184.25625346864987,173.25663516520322,178.84187694800883,189.60167840724765,179.2264050045182,184.89263528949084,120.6407402885636,111.29781800747874,116.1622459009781,123.69254922344888,114.26645972321852,118.30016525055979,24.831697523430254,25.126185071104825,30.628219325766107,11.085724938117886,11.183113392273137,11.105117051607088,29.431900742766096,29.32505388072977,29.396390311538745,118.93313715446521,118.1901284099476,119.11717728309605,47.58932008719669,45.62689484395337,48.55439125489458,63.799061573100715,68.45552862127258,55.67889002187841,53.08491489326054,56.939769406122,44.46342522698374,76.12331735539185,78.77173095127918,77.86063560575913,7.786563623592278e-08,7.871664515792387e-08,7.735166260980012e-08
N0162,0.5,morning,False,False,True,1178.2773241451619,1212.2185395851354,1193.4062838445348,1033.3460869220348,1065.1775979723946,1045.6060274271904,1044.4434521066896,1071.6938260683187,1054.4641132803847,592.264672815505,617.5326488655455,599.0608752678437,534.897403356659,553.271076402058,533.0036180923055,126.06186147142552,126.82665725135527,128.80016886530876,18.784377682161228,18.793613436085945,18.74983773503111,195.19096037949512,189.84694828573413,193.2295015817983,195.5341879432689,191.2120769633417,193.03782254210816,128.27458101285583,122.33643760621106,124.62387935881267,128.38120416674303,123.62048160851938,126.74073329108045,12.814989315930294,12.855355775457353,15.647885088290789,5.6835212756309526,5.779699197250683,5.669510363270584,15.019251887888007,15.054086455488088,15.007023143476165,129.15163944196823,128.47008411012567,128.61226337267422,57.08988781513057,55.79183718152716,57.32511989051969,32.59310156648938,34.92297561209667,28.560889341538097,27.020166384854818,29.40491416715795,22.752777735505965,37.187661519756794,37.39049091450726,37.70539901792853,8.245605179868189e-08,8.333979901100399e-08,8.13117029959137e-08
N0163,0.2,overnight,False,False,True,1290.9224634652492,1306.6259043864707,1293.005492862557,1153.324671176664,1167.2023967666323,1163.219426830693,1150.8855459033484,1161.6947157979703,1153.583949188709,682.887044365489,691.9345050854481,680.7760706873538,614.7194973989236,624.2180276703078,615.0318847170807,131.50793146665777,131.56806052487644,132.64874198612418,7.819326328128084,7.8358889256904645,7.786980295927224,199.74473446388384,196.43609982498367,197.75618779489022,198.5612607633128,196.78739186701347,198.95876246090447,131.21873088950204,129.16023551501172,130.39470015190182,131.60451415811448,129.93858287636357,130.7489579235285,5.092184360622722,5.1577333165078825,6.214514462615948,2.2579576224037754,2.319262785808665,2.262399757998113,6.252615922134212,6.254808598053966,6.291574594090566,135.39778469969346,135.56065256126183,135.77259225588185,63.11934849509745,63.05375862814824,63.3416316604857,12.976797455211301,13.940162012749655,11.372213288832821,10.810750821759958,11.718105567716945,9.132647021738029,50.274741986744836,50.75394830804807,50.31176354595446,8.520796882832237e-08,8.562709755182286e-08,8.518802285776973e-08
N0164,0.75,afternoon,False,True,True,1067.452094428766,1113.3185479175315,1092.3186481055154,931.3792183383857,974.9197737824176,950.902489574325,929.8704996689295,970.852771710651,947.3098600334018,495.36067750871456,540.182284685295,508.55898187149097,450.40506617651835,478.30642695738715,450.2288005851634,121.25503260664682,121.95091449378958,125.81634365106504,27.714872371700185,27.816651401649825,27.8354214143961,187.59020694619852,180.62945466157868,184.8041879297891,192.58913943530797,182.84789470637463,188.51106541443446,123.8762867981263,116.32535149212002,119.94968075646902,126.03697291397539,118.68236955653425,121.61337210992613,19.0845137111204,18.908595145613422,23.08999497114941,8.385025374607975,8.470542385425821,8.406931101878408,22.220923711905783,22.181701783515976,22.332652178610314,123.34202404342403,123.23563455768702,123.5732361352081,51.82273878787841,50.58896655427738,52.53127061431234,48.504286579961025,51.72987977869958,42.32620091035723,40.25669051059917,43.34603864787105,33.55331712405061,45.30196895606396,46.31814067676567,45.81565041325809,8.096373746087746e-08,8.066654755741836e-08,7.969681567458696e-08
N0165,0.2,overnight,False,False,True,1291.7480674292387,1306.5569423045602,1305.6721605113557,1153.4306932064883,1160.4745179163774,1155.0995175626417,1154.8690072505262,1160.4105183987338,1160.349343113147,681.4489121414636,690.828863125672,683.3086530078417,616.4357661054785,628.5624789789155,613.1247766967109,132.21620072274374,131.75047845632923,133.1349377079189,7.83787951102276,7.501901769355823,7.714028641121424,199.57118224678672,196.87661213655147,198.51821412413437,198.45337113545142,196.83725474301795,198.4111208500763,131.45335330028945,129.26921073363238,130.06073764715578,131.71533469882522,130.19293940558768,130.64136064256508,5.0774445826069545,5.137928240335762,6.261125024264175,2.247230881454906,2.3215147090308403,2.2577003169332417,6.2243584670354775,6.277473536997406,6.245065591878509,134.7131781365476,136.2296496401478,134.4291581044628,63.63491966315966,62.846671153036866,63.432331700966714,13.002909408258821,14.046668501281877,11.343182348503108,10.755752605491606,11.72770039868714,9.095589669532954,50.25800475207323,50.26693610955716,50.43032279122022,8.558376972012616e-08,8.616312788693941e-08,8.5279568365204e-08
N0166,0.5,morning,False,False,True,1181.4474523705117,1204.2748133933903,1194.327134904861,1039.7411448339572,1071.3426679385807,1049.5961061761345,1042.7907759030688,1068.447299537295,1055.755853211432,590.5134210161604,617.5885488368673,600.8999933016731,535.6921334956301,554.0003778766408,536.140144366417,125.93841437212014,126.77630523104047,128.92189059604743,18.76146743580391,18.681078132979184,18.81220812759505,195.7127961426353,190.70248822009256,193.86261553571993,195.72748462135561,190.8587358378228,192.33298357281862,127.84025839986542,122.32755452631392,125.05557172179427,128.75248455308193,124.12670565206243,126.40005164164909,12.82110369345483,12.821381166242107,15.636757602220722,5.67096426805502,5.723528140132387,5.69437496692633,15.025538340658587,15.005585032081122,15.020929316398748,128.98446130062243,127.8348515339297,128.6290558473969,57.22567431531499,55.976120539720355,57.411975985374326,32.83273451249013,34.91779552760916,28.48708052687204,26.954017384959112,29.387212072295565,22.821537933090607,37.0169188200131,37.468181564818074,37.66453770382048,8.197803945532972e-08,8.307264383144112e-08,8.161429910156356e-08
N0167,0.2,overnight,False,False,True,1296.7478663671257,1305.0529245341133,1295.2716443928123,1151.7660108509508,1160.7943665016267,1158.8736176686007,1155.7382803205223,1162.4754425872652,1157.0006904391919,679.9678251636207,692.4048368882275,678.6473146835177,617.1539563502678,625.4998074820771,616.0022816989062,132.3917408898,132.18313857938145,133.16709601574894,7.839465683630277,7.874049253572223,7.836176820985281,199.31679691206526,197.29819317192536,197.87617646304682,199.31782034408917,197.11956235961836,197.7632640177962,131.0986168861929,128.75991525725402,130.54618989571853,131.90847552792113,129.55585012140864,130.78789748453434,5.116244730205297,5.175983178206254,6.24546639110671,2.2481706533652486,2.321815069432291,2.2643955764899557,6.266830373821953,6.290007242244113,6.2567179221143805,135.54324961777084,134.52869211172109,134.8595743923424,63.1556747055718,62.76500003358944,63.36359121206506,13.00338128668614,14.054452885716113,11.346342897489285,10.810619435784584,11.696133215944917,9.136207707224877,50.65652200730036,50.288402095475185,50.322034962343594,8.567302046969682e-08,8.606406661723317e-08,8.538150905973251e-08
N0168,0.2,overnight,False,False,True,1288.1433526543124,1315.9930324639822,1294.032442077294,1151.7294508838704,1163.219364327377,1158.1189847187986,1154.7694573353936,1165.4857553212466,1156.9396757788747,676.7346896877108,691.615555109783,682.0075164240205,615.1359006565941,623.3225105162484,615.230785892236,132.07422459578748,131.4416444737073,132.89094390941287,7.847019043003606,7.844380754240746,7.829475649114563,199.10853548834456,196.7985262744092,199.52300696484943,199.43114008712922,196.54368191741307,197.59260338837552,131.11071781310395,129.43726912155302,129.89002230099172,131.8619669541145,130.53497148674876,130.96669314923093,5.097237203299435,5.1747201640361205,6.246449803021701,2.251771665768549,2.3409243638979493,2.27814682644422,6.249134976666112,6.273246296984315,6.292605119139795,136.1174460088067,134.4219000979024,135.15974748483086,63.262393310132374,62.86720196437176,63.41992865027317,13.03437596454581,14.046307429463269,11.41819224616598,10.809908112100507,11.695122555145327,9.099759628485005,50.4024897676006,50.52467354520787,50.49193357185605,8.557985035093356e-08,8.553029881319824e-08,8.473096837966756e-08
N0169,0.5,morning,False,False,True,1177.657685832217,1213.4200078669262,1197.3853752631012,1043.4967698862445,1066.1037803168915,1051.4463435360972,1039.6671817948354,1068.259174107319,1050.5876348291629,588.6254720633558,616.4462260665281,598.7645456627303,538.6958359968907,553.3950013036059,535.9121820750868,126.62428531323627,127.35698017640466,129.8124187355599,18.688721795549665,18.68508120174719,18.779924549191936,195.50932277189455,190.52750980420615,193.61835436210322,194.93190537338634,190.72310592626772,193.88695771462787,127.46219691373061,122.5855446810099,124.18736583294117,128.86371678712982,124.2616391919109,126.967350871584,12.702743443941447,12.851100069619573,15.618525250270611,5.691336454768771,5.740482692973443,5.668473827471947,15.043842090740231,15.000349028971101,15.010330669451687,128.6832825820834,129.01925908276758,130.06223566269958,57.00871466920583,55.726690515543886,57.35769866034109,32.726020684234754,34.93883608962783,28.44624792961096,27.005095741047732,29.330574838606474,22.8079404486763,37.00670274844668,37.49246613435831,37.78153748957923,8.240520602557433e-08,8.31997999610414e-08,8.183568369265543e-08
N0170,0.2,overnight,False,False,True,1296.5123769785282,1310.0694905339697,1304.3917548767445,1150.9536241044373,1159.1535607893247,1156.108493959657,1153.1531799351906,1164.566100830134,1159.5743991880029,680.3579416552996,691.0275253278528,682.6751888705311,617.4457531712928,627.2083446173832,616.2775173068324,132.093560347464,130.85599468308567,133.10248713926083,7.820668053976215,7.868789792156097,7.798679940527978,197.83901947115345,196.60043958706893,197.20701804355386,198.706719321199,197.07146986525078,198.44366975789487,130.81341520657958,128.68407762111806,129.3811785152169,131.87714720196456,130.0234916787893,130.20057606626946,5.09654206460894,5.157566040121463,6.2252768650540675,2.2569277522862032,2.3262552468659767,2.262601198458473,6.267387528229201,6.27083316025938,6.270379487893872,134.84116795862354,135.25389780287628,135.30538259369717,63.0171508998812,62.4856238242285,63.51235004779517,12.969681946211042,13.993553859524893,11.376437357468179,10.747391212458819,11.738098333314072,9.089810400485531,50.49508153698579,50.36261705047256,50.2555488457503,8.573249661515421e-08,8.619091051757906e-08,8.517182270093684e-08
N0171,1.0,peak,True,True,True,966.5261427383211,1024.9193701027853,993.1927633338125,829.4052957639656,887.9494694294066,850.6615229236983,829.4694959489156,885.9136456508393,850.8475856322083,409.5100991780136,466.00919036494565,424.57515292935153,369.1934131825607,411.38824587774064,366.59879093777175,118.07723505271308,118.01738787816272,122.90859002651881,36.5321691014886,36.78410046686343,36.475252771614954,184.92971215456484,172.59818963949888,179.47704291743472,188.9035942844128,178.19726033235847,185.17296032896513,120.21479294816947,110.91062964437882,116.45302635531368,123.19790626937049,114.16233985310211,118.33575735704896,25.008869804832383,24.981804416627902,30.588786261209556,11.061634575590077,11.182573562302737,11.074418392117728,29.421963005774675,29.518892394475436,29.524108945371047,118.5189648810343,118.11187105192194,118.77716572524032,47.94136389178371,45.73638471721887,48.35151802040121,63.723283437498345,68.25057048970555,55.68983387190434,52.837814146803424,57.265376868411984,44.5971497177631,75.88003252984954,71.3277450689402,71.09705677126152,7.778460913196856e-08,7.906325408508877e-08,7.731784363673622e-08
N0172,0.75,afternoon,False,True,True,1069.9076162109611,1107.8195950470529,1091.8752526613819,930.2305303367477,967.1094019044242,950.3600763565254,928.3393137248493,972.4049869578187,946.6280262652939,496.7698374259619,538.3699534057355,509.239230621329,450.9430712944584,479.535559556543,449.25065240448174,121.67846112260563,122.50609302192497,125.68524408107788,27.751873227633524,27.755660950992823,27.736308232615308,188.78512314488674,180.33547756470583,184.29460059750554,191.8540158473759,182.48334854164176,188.7324165326884,123.89107080587414,116.84878770866769,120.2748322027986,125.37759737790421,118.61122968726315,122.1176668823291,18.84837371533035,19.077259312776498,23.14379048086906,8.418909302737545,8.465693207870665,8.380663258420206,22.19909661930462,22.402199492248894,22.338416332578408,123.30473988083881,122.50934302984027,123.74479001008326,52.04243584589824,50.28168432413652,52.68915196978077,48.57527271337234,51.785862887121034,42.16302672225046,39.929051050799494,43.287347762051176,33.719611496919214,45.05731347966977,46.303254320192934,45.91743080596709,8.014881096870002e-08,8.113413354164638e-08,8.007885742909438e-08
N0173,1.0,peak,True,True,True,968.624382242168,1019.7127946967294,993.1455559898843,829.8008504169213,878.2830422681864,857.9030081541389,828.4894840037069,880.161523016973,849.3423615284559,411.35776476209134,460.7354768334034,427.3860509598916,367.7190328251353,407.7258811668072,371.809643134023,117.45130140000175,118.4796079083558,122.95636988061082,36.949103710161616,36.79633181682347,36.54530465400334,183.94431626910446,173.8190916279855,179.4580120123238,189.6305280952396,178.53086009476706,186.03769577967168,121.22667297516516,111.67058073275209,117.17195859369446,123.56950791625954,113.5507247472696,119.60938051464859,25.04639288968482,25.204505200030265,30.567739767488412,11.08307924408149,11.152364165338144,11.105360643488817,29.358927391303826,29.47395887863447,29.439138861732815,118.49385198671295,118.45531688202,118.91932085610412,47.74915020507283,45.82756678507918,48.325957619657615,63.55407491932269,68.18797793650539,55.57986883390287,52.81075504415788,57.02156057261855,44.507187756011184,76.69525412435563,78.69013015678208,78.150106739014,7.817311398903156e-08,7.870997434798543e-08,7.717661204880543e-08
N0174,0.5,morning,False,False,True,1183.383925332503,1205.938538205721,1188.5670387777502,1041.4424523281698,1065.5839868514834,1049.547153526216,1040.080211758913,1070.9570924969169,1049.1967103030318,586.988791494395,618.7561183326983,599.2900178273992,537.0146511740544,557.0501165880338,535.0811518351655,125.85568044936491,127.16477834862283,129.45389554563425,18.70002006377356,18.883498982628094,18.69115396845831,196.83956093530165,190.14195198242373,194.19416869516115,195.9370293731276,189.00867588522058,192.2421051759741,127.2420141257806,122.52438031982037,124.91855928590391,128.67284393031812,123.02282513652948,126.49531857247575,12.799144871646073,12.87553164191245,15.684294218920483,5.631036277175753,5.77142485040423,5.6916724148126825,15.000288150548242,14.989248310441571,15.081103956409612,128.69091821812012,128.57703464494202,129.0577216031465,57.14986711297427,56.02531757724317,57.080009531569054,32.67870856687942,35.05234273248288,28.51659430231094,27.043059834664465,29.149982139759697,22.92226509278933,37.01305707161541,37.4564336128257,37.73115670620296,8.292959691391004e-08,8.30921099636543e-08,8.229644549481333e-08
N0175,0.75,afternoon,False,True,True,1071.2757995141797,1107.4990107277758,1095.3396743546955,929.6750719060951,972.568640743263,948.8914701807723,931.1268535672053,972.7141844382223,951.5594746796471,496.9948010881888,537.0766037548992,508.81593589861313,450.89635647061846,478.66927231810456,451.4958968572936,121.00719323540231,122.2189253292612,125.37530229382901,27.768646111097887,27.691088306494496,27.718825274555897,189.69103635424463,180.03896069741603,185.19323297186023,192.03838929811567,183.99744414681936,187.76787528940915,123.3621505583394,115.911283605379,120.942074552954,125.1687283447743,119.02548458547507,122.33974744205406,18.895960236728335,19.047585376072355,23.097118703001502,8.39045525454158,8.453538286029458,8.397334410537793,22.24507296792794,22.357560594568053,22.288563987944038,123.59358747005626,122.42834185681443,123.52409222219495,52.119639845164336,50.4275929538522,52.48871003099573,48.40162813995945,51.237378685214004,41.79082656132132,39.86351662927697,43.38590847018904,33.71620772438532,45.18760184768517,46.20741902702759,45.81554366392993,7.999567233276908e-08,8.124544828622397e-08,7.983043999668526e-08
N0176,0.75,afternoon,False,True,True,1065.9645975269214,1113.8062496088173,1090.7352494704778,930.1818018617523,975.727571113053,944.9301491606274,932.6811765445098,972.8818482802042,947.108041506963,494.03718198393017,538.2338625243668,510.4017045489103,447.1762958781804,477.64746192665666,449.2522660176257,122.41302715278303,122.17302452839962,125.34403571118746,27.64198892737751,27.790710196548623,27.714287405868248,188.9418769575857,179.64917248338577,185.86542785053913,191.45054118555277,184.2653303003313,188.98197245307205,123.28696810629616,116.23485425378445,120.5016272842015,125.57384679445558,118.86561769565479,122.17711847779383,18.92847984761647,19.076604430666155,23.026845970350273,8.381058150342584,8.443782371194283,8.441941264788776,22.21515759795775,22.170776121910208,22.24621268767216,123.65922193697583,122.68181256309619,123.5888166595322,51.74854957607629,50.172607300411464,52.42072866868109,48.460042330220006,51.73057198634182,42.06158271764108,40.13895114106576,43.27314913839889,33.624320435317905,44.816458689750306,46.00249976368287,45.9814537510267,8.004528831506806e-08,8.118133191920393e-08,7.971524324660069e-08
N0177,0.5,morning,False,False,True,1183.3502873154957,1202.4946443090462,1196.3739529710156,1041.6992831522734,1070.2470679342632,1055.7454939443674,1042.199206570773,1062.5938002075377,1051.6855959851778,588.9070965832773,619.6225964701744,600.6926144375644,538.3186219215895,556.8916508601114,536.0812615043294,126.41999722038045,126.82141593572916,129.13103011026524,18.69294443184667,18.81601874597808,18.706897282138552,195.70221063588443,190.8832524001743,192.6003818038199,194.69847588804302,190.50834988291174,193.00425252959033,128.41415416955093,122.24860568012716,125.19578626350605,128.4707833069419,124.61620183415614,126.33020202552466,12.817617887924616,12.827781478403335,15.667990198202359,5.702132314205052,5.716108526503274,5.686978762155948,15.029333856534473,15.022585624513505,15.057681628481157,128.69508735853861,128.90069240541612,128.9514516758565,57.17779385691534,56.003393559435985,57.499010238881326,32.73586144964364,34.950668514420954,28.38318118694747,26.94764832268244,29.30978471402893,22.695629981454072,37.25208834167883,37.48462985648992,37.737842837084656,8.272253433508967e-08,8.363114041975818e-08,8.184810123973772e-08
N0178,0.75,afternoon,False,True,True,1067.9091687606601,1111.3981281063482,1088.271270595481,933.5991292436692,969.6829816345615,949.2920749098283,931.0176063711658,973.1041218339308,941.9310946726996,496.51808998754433,538.9083124624424,509.232229072162,448.988033452168,476.3303771329357,448.4537580376239,121.71207088747882,121.87742024573186,125.45246835970684,27.692498825667275,27.932791734435494,27.756160632393037,189.45367354722225,180.0643905413457,185.58988729888958,190.85010398547368,183.50817323946475,187.84855387065582,123.35556073221187,116.21905345027852,120.0420014496189,125.49842602900628,118.89695931470592,121.70055118211982,18.929032990956188,19.06731570882803,23.20096389751638,8.428451173518086,8.466482479596989,8.422637608411009,22.321055330741576,22.368844703869975,22.328665273750964,122.96118304840876,122.86592498942254,123.3871000772091,52.13989408937978,50.38841007293227,52.711475252517225,48.30254907616851,51.51747636575931,42.17730966146136,39.94447672368233,43.52896631542098,33.62282686044616,45.0970808023077,46.070655049515,45.97693285449204,8.073360924193376e-08,8.095809399059158e-08,7.96221117926744e-08
N0179,0.75,afternoon,False,True,True,1078.5821316791144,1109.3799101192903,1088.4518456621154,928.2754988353114,973.6188186900021,949.8977918974842,937.0637572489175,975.4943217810223,944.6052320491764,496.624192803226,539.5788115584493,509.2262844675226,449.9378603752853,481.5536062102409,450.7329038416222,121.69446195376514,122.04177065573411,125.02366368979587,27.779539449197273,27.788327977530148,27.706982851919296,190.02425651684703,180.8729334201093,184.15706004061946,190.77095555526355,183.63432668622903,188.04550483304132,123.88585203376837,116.53948527445499,120.14417441892753,125.13567442053383,118.12528821814371,121.64449417573645,18.853541018195806,18.989085005966086,23.171181431785822,8.402566634799827,8.534238444611395,8.384087781059714,22.237882724907482,22.320152682818094,22.307652660799533,122.45536042558032,122.90541091202367,123.86504417771795,52.11533772382737,50.11798687899292,52.285853526565944,48.324079415792724,51.389922271437065,41.875021195150744,39.915338711871215,42.907615361512285,33.56746089939532,45.18071169415463,46.06942127796751,45.94815881543629,8.023817469204452e-08,8.054220462153959e-08,7.94147454471774e-08
N0180,1.0,peak,True,True,True,972.1063288457844,1023.6941951841653,995.8671589112276,829.003428448328,880.2868250699768,853.8198269161818,830.7170659614953,885.4405164596744,858.0766852090765,411.1672355840023,464.7740345597857,425.8376318869868,370.5771268512714,407.0559468061629,371.7159270850337,117.58430657417082,118.12426136896156,123.41006053873649,36.50837385729252,36.84812639209722,36.43465097464915,184.21926988465717,172.78641456868243,180.5597010940326,189.00587206758885,179.83689104403797,186.07148349995416,120.73781802276194,111.15629341107497,116.70924054578455,123.46079125109125,113.67586767903639,118.39476079178324,24.83844530038621,25.12330402729795,30.54970836179407,11.068007629101725,11.174601049038076,11.043902507349078,29.48576257361628,29.407721981569676,29.57250682939707,118.61485249771043,118.8600334377139,119.10221610076589,47.78344130641184,45.80239268391551,48.5847772470992,64.01960673050178,67.99389397686129,55.58702131778305,53.128852507311514,57.28867978284142,44.628587670778366,76.30504006016332,78.30314189250522,77.89134808888917,7.790773324352398e-08,7.908859298045117e-08,7.706691500651368e-08
N0181,0.5,morning,False,False,True,1182.5622505989786,1211.1439249993573,1196.0433546079864,1041.5932375994068,1061.9550494130128,1052.6924176596533,1038.1849079079116,1070.7733297683017,1046.768623405969,590.3181970236826,616.3407025257457,597.6790187136232,535.9409774428258,558.1119188283224,533.1953637769356,126.57548324412045,126.28694724766206,129.74505085744437,18.724162478358064,18.81398181305643,18.759867274924478,195.98513291760182,190.7981753506008,192.6837186903674,195.91107073983883,191.45802808224076,192.5763343307675,127.37198349688116,122.62520484336285,125.25457479512542,128.17554092205788,124.36237038889453,126.64465183402659,12.788648211033685,12.920152538074724,15.662881273667704,5.676623554689685,5.775034006977502,5.672304626776434,15.024718541871863,15.022989044668911,14.983162208989253,129.4430022842558,127.75995736170776,129.39257885169525,57.05820012237861,56.03748029960188,57.54332221499232,32.77246599981392,34.939939006854054,28.425615999792477,27.030707955893696,29.174021506067124,22.74443770501107,37.1172120849947,37.33585917255075,37.55184290540253,8.285928443922647e-08,8.309010394788047e-08,8.159760424229136e-08
N0182,1.0,peak,True,True,True,969.76364504053,1021.468616785243,992.0504475690077,828.5909714184606,877.6770283342734,855.7006599164029,827.3710792454444,882.8299855015064,859.0062683027428,411.18833489573,462.6732597532581,427.49394077746416,368.4165697861821,405.7119874737562,371.1566150774939,117.43040186515864,118.21506012091015,123.08902976750754,36.60367555795435,36.92810714316996,36.678131677667864,186.07123825919464,173.60330438983613,180.5888036033658,188.92243226116437,178.54802436386888,185.6537950823184,120.11656680531378,111.62564992591422,116.93095943203357,123.4959390094055,113.8664739084885,118.73589788284946,24.847679881061875,25.176657676589038,30.50666565764384,11.129464104441773,11.164099114588788,11.183049297559513,29.395010992629675,29.54179950247045,29.450248494978826,119.08002410757656,118.89005692194748,118.91803502451474,47.60532116637331,45.562713411804076,48.70103679901242,63.768220820997385,68.203558794594,55.419264797514685,52.94308153324602,56.961076028033794,44.371422695488384,75.85130834417396,78.66558438798901,77.90031099263418,7.720064068944593e-08,7.893137208013982e-08,7.689622984689428e-08
N0183,0.2,overnight,False,False,True,1293.7415854478934,1305.041847381898,1297.5549914414821,1155.6045862225476,1160.307251243959,1156.8985486013141,1149.526029623649,1173.1178376805153,1157.172396136143,677.6933074752438,694.9396098832474,680.2294528778895,617.8761081180902,620.4640841197673,616.7208019853638,131.22833454974383,132.68207150438226,133.57330271386536,7.87718635073337,7.51286991588537,7.672796426315285,199.64697028326054,197.38254019726347,197.4967372421063,198.40876362645355,196.8951335404732,197.78434806680147,130.96134651491363,129.57398694910088,130.69586736167636,131.73880095956966,130.18044653456096,130.26900690394808,5.11546316311662,5.1624564756482565,6.215440634829005,2.2669870945484143,2.3158453440219384,2.2679807543773753,6.229977149192216,6.284518698612619,6.254283869177577,133.91992842397786,134.88588038421358,135.24076279945325,62.98124705989989,62.741364483024114,63.28970011930659,13.039535405517407,13.934948065547339,11.390637871068092,10.845905974095043,11.720929750950885,9.090479615185833,50.338789611054224,50.506807930748835,50.236126999735355,8.58943286806398e-08,8.600950406914873e-08,8.420557232066186e-08
N0184,0.2,overnight,False,False,True,1296.6939003867487,1304.9947247651432,1297.7571016481631,1148.2358392221681,1168.3657546575305,1156.8940545437738,1147.464414337425,1162.9600849869353,1163.6037701907703,680.2613947461049,690.2660175183497,680.7277433456431,613.5589663886454,623.1983194316622,613.1500117802831,131.93702466497177,131.68300348220467,133.4141344049925,7.796577830909119,7.52835761557277,7.678009889746413,198.7161858794326,196.2780819457362,198.11338715265947,199.33090392073055,197.6234486758516,197.7348373324074,131.11054322780748,129.2162625805926,129.93212118453272,131.26242783533007,129.8357552308709,131.24898579070228,5.079970203239801,5.136999368434454,6.260932605686365,2.253130154182141,2.3086057787170984,2.263122710151576,6.259567143786508,6.275474056752305,6.250418990476161,135.1692467320369,135.44891497827214,135.94715479380775,63.11970619646024,62.731769622668715,63.36443764725196,12.984919574776463,13.965235376421688,11.374716419318796,10.807845552478364,11.75890536086453,9.083840749657966,50.43621008882543,50.34305414032799,50.4728617315587,8.578821683598399e-08,8.56352323165709e-08,8.51418756272025e-08
N0185,0.5,morning,False,False,True,1177.2893113017433,1204.7830186596682,1194.586767711758,1033.9760477572795,1067.6073180260114,1054.2772657429816,1043.9815824390648,1072.416208268113,1052.2683490041252,590.6355742981743,617.7361270777346,600.0285735192991,535.3645568583225,555.1804702221834,536.3744477965108,125.99926214285641,126.0569181685079,129.22740248314946,18.74485598081528,18.803640454830564,18.69844299259774,196.32294176235644,190.5110180317283,194.15243585175023,195.42976067545638,189.87073929935826,193.58430195379862,127.93063162263357,122.59572152415684,124.98746524599576,128.62408784473385,123.05873276154186,126.19966615892534,12.894748683646146,12.88779578442512,15.674373346630851,5.694240360076005,5.752471623226604,5.69908155571716,15.029909432964121,15.015117028695789,15.017111375588732,128.80178328433894,127.80901803157835,129.02671225817946,57.262960526567845,55.76239354431284,57.48474786298545,32.629632416047706,34.81667312727967,28.298228824259386,27.06451107848827,29.17995545815375,22.703104241810248,37.38985829976484,37.518467765987715,37.70823396763047,8.245475928319189e-08,8.31082728496964e-08,8.184681925948989e-08
N0186,1.0,peak,True,True,True,969.1009081249612,1023.402196324084,993.5198988217481,831.7080516128108,876.0935740789554,856.4131595045969,827.7843359181205,877.6286120096493,855.6712868412232,410.3079046165362,463.38759912202664,427.2773763804667,368.92272252288336,403.8974886029357,371.593462649665,117.68273838171667,118.18019276194376,123.09126480754132,36.64120099275396,36.941570785728224,36.69734824992813,184.26686139667913,173.0493902163615,179.6968519028176,190.2978662417356,178.77042318298942,185.58496862526883,120.43131194816182,111.41320456788962,116.47903431108641,122.99556441757684,114.50171428456136,118.84859249652176,24.940916435996378,25.042224850285177,30.62534498688176,11.06821228067276,11.168644648441912,11.024900134373514,29.422960594749064,29.49268916684121,29.394842455237956,118.78599101807659,117.62243000947022,118.49869785410051,47.6506003523701,45.60170816978449,48.625698992758245,63.95832760660543,68.25179204671433,55.12387322815754,53.02691183790736,57.08023500445784,44.56311876268257,75.97055025190458,78.41383024814515,77.62736535111846,7.790041331764929e-08,7.904440467322486e-08,7.750601239723028e-08
N0187,0.2,overnight,False,False,True,1293.2155444194143,1307.372390907198,1302.0182393131288,1147.6513399773455,1165.1108824640785,1158.2407638907225,1157.6834542853874,1176.1092879531395,1151.9387557097432,677.4255904838478,694.1260920915511,682.9096687919302,618.5838318894171,625.480018806261,612.8498791045,132.21012234620508,131.26884502645052,132.3698999294595,7.84259237319961,7.537424004329532,7.727669718745854,198.38675032307754,196.69176040270955,198.89019889716513,199.52562255189457,196.87005890980768,197.11216297427475,131.74698860134055,129.18933687543313,130.93803007819366,131.3488304380204,129.5147801890839,131.01004066885832,5.074574945495989,5.192403801083762,6.1971094811647305,2.258411209298017,2.3164123875021843,2.2536864988561414,6.306203290695456,6.269485132716462,6.265305814431017,135.61837058584194,135.15620323880123,134.40320300528373,63.62288843134618,62.26016712070901,63.66289404680929,12.96927536094464,14.04008858255739,11.37391092754873,10.796615704633837,11.816695407459477,9.092781454530426,50.42473901148546,50.24489576184275,50.680893801694864,8.543431806650093e-08,8.590332496123817e-08,8.489494175913957e-08
N0188,1.0,peak,True,True,True,969.4253155520594,1027.4105393171144,997.9716753633396,827.2329372224984,887.1990637206519,848.2249394285413,833.0244139191177,883.3287157061923,849.4652654900735,410.03177116623493,470.7695944246995,424.12202534972886,370.5309197812851,411.8680345313762,365.3531160954714,118.5791702741875,117.94509942327518,122.57086728805983,36.41888900931469,36.84552710970532,36.577948894753696,184.8036031975058,173.33035103437004,179.54054911271544,188.65309948822087,179.36810178661992,184.90380018046116,120.68378018341959,111.288881038005,116.77289606037365,123.75843487897464,113.72082762953201,118.496171104748,24.99756504109324,25.09654571517425,30.63188078686831,11.101745968836505,11.131528667717923,11.07151827199792,29.397991897334123,29.68744216512518,29.295078349435855,118.53711994459474,118.33369354918308,119.01886555497298,47.89531565759876,45.854731184719185,48.52045592073184,63.77084773469389,68.40338849946853,55.593499703737336,52.89986734559859,57.059506073227794,44.48659415372984,75.97493565027963,71.62015239392638,70.77553084982164,7.776497423422427e-08,7.845983343297616e-08,7.727480934516073e-08
N0189,0.75,afternoon,False,True,True,1071.0750622305893,1117.2567257187186,1088.8118197171136,932.9862996944338,972.2882779996809,952.2257732142949,929.9671588559402,972.0600406036137,947.1230477583226,498.94323470649084,536.0951450965825,510.30757916151265,451.7859041073169,480.73904114374085,449.4053845528683,121.73091861438333,122.35020459623159,124.98626338059717,27.64605520775178,27.7348135966003,27.579270970114127,188.8960238848765,178.683511130105,184.9385694853117,192.46059360674064,183.87899246762368,188.71712374079496,123.21503018891673,116.42347774478465,120.58336324799056,125.74418018549383,119.25934642331667,121.57633467738927,18.79514668547641,18.900137336963816,23.158625928871512,8.364289630202718,8.449526680385702,8.386018774748681,22.362713067140472,22.17723168191551,22.319949330841002,122.70966847201898,123.83932343600027,123.70507619302072,51.9132705361074,50.275693796536885,52.43059703886624,48.347604820845206,51.51813693149698,41.895777473938416,39.8842224796189,43.187118400244465,33.728673303119194,45.279639764659265,46.15256660688934,46.02865843033382,8.034625403512735e-08,8.112402867386523e-08,7.988185883441355e-08
N0190,0.75,afternoon,False,True,True,1067.6133013316057,1107.5391208264177,1089.3617694292402,933.1190493852713,970.4197782812298,952.7461745396809,929.0416470371229,965.8425486393709,951.4754888519092,495.98818114826673,539.4363509493915,511.27803810717006,451.7193306261272,479.7687827055606,450.47141997913985,121.68206486891548,121.82645345376706,126.02010295445127,27.653302640546187,27.810477557943287,27.716212289837756,188.49833378144126,180.38686925554953,185.24045034200267,191.22245597949058,183.82171813877312,189.4411836927115,124.02966530232266,116.35441861950503,120.45447103501044,125.19171400397937,117.93421835656167,122.27878129018471,18.846702846019017,19.011082421201067,23.068944533596472,8.441480540757372,8.46094243691161,8.41703546878848,22.21618273495982,22.352417652802128,22.332210297707768,123.54882988445758,123.55549185306391,123.39863274853285,52.040336401564396,50.19003017760123,52.483012504134514,48.248306870557755,51.73350602930617,41.95155164511119,39.85794347482105,43.53665027221153,33.50006538002619,45.16348811249521,46.213771336340564,45.981186223975605,8.105976993261896e-08,8.104440696726618e-08,7.964383247483268e-08
N0191,0.2,overnight,False,False,True,1294.7896844457973,1316.4322114257648,1303.642672050176,1151.9193026817463,1166.2394207804793,1157.1661642056717,1155.0390507239601,1166.4095925737688,1156.5302922648123,677.9182869051305,691.245880662373,684.3069930848293,617.0772803658007,623.4030850310145,615.162915301287,132.63625687345933,132.038897353472,132.994387688562,7.823073898213628,7.5147666179772665,7.695020632316772,198.54662184437598,196.1746365967498,196.9620917301424,198.11374510084454,196.45407954309036,198.34602914543123,131.31666613330057,129.45090762522793,130.63583995801125,131.6418259623487,129.43094942889834,130.95254003908937,5.107241837117231,5.154159626637322,6.245052681444664,2.25637254917393,2.32958221651228,2.2487546295512035,6.253740464705153,6.287504834561255,6.255401012061067,134.24616942238546,134.90826507514228,134.78099090762916,63.49884774762149,62.78419019421243,63.55015788971276,13.018511785009668,13.985073477121771,11.296481487886581,10.792600943693728,11.771149299467321,9.133188348642868,50.551544963691256,50.27164435780208,50.694934944699824,8.52643543696727e-08,8.599707577553919e-08,8.509904474949456e-08
N0192,0.75,afternoon,False,True,True,1074.0258586010407,1118.862803013863,1093.334171177447,930.1976070077967,968.0319692149797,949.4287517607298,930.2818113041944,968.8989521651744,946.4614228712828,496.3594187632097,540.2851376943264,509.3175959539111,450.8657633227735,479.6536941359316,451.10709861679663,121.6569260337452,122.37357431299885,124.46261113151498,27.72047282697889,27.82230612474392,27.588011265412767,188.33359737897007,180.2906541297859,185.41847278890523,191.37817802137533,183.56278558751038,188.35246698075275,124.15023485322136,116.23576562731377,120.29467716100015,126.20196693294118,118.62407671177606,122.25553456930942,18.950736607515285,19.099932320869378,23.15044047694876,8.409388282954676,8.500442525216084,8.415067506116808,22.251948798942504,22.264663668898933,22.24878351518754,123.68210259067078,122.67128727178475,123.3167500078336,51.920405634011644,50.30086827873667,52.27817565123524,48.04349841288426,51.72508638471421,42.06961948985924,39.89516688917803,43.27826434046531,33.745649138104454,45.222400609164886,46.17132617823298,45.62027140702246,8.01035860188737e-08,8.148035110703045e-08,7.985525538452259e-08
N0193,0.2,overnight,False,False,True,1295.7746403683968,1300.262358628227,1297.0237247151078,1155.0858742902376,1165.902141959203,1154.9784194035656,1157.4043928202666,1167.3188965079232,1155.7238294554022,682.3468044869188,692.3339460992054,685.2751874888295,615.8038544652559,624.9832866292911,615.2006808203,132.07340326739197,132.1743308005395,132.36043737318957,7.824788231444349,7.53490912891335,7.6838962019819155,198.82239647168944,197.10626004529263,198.05886006195126,198.940650386047,196.8456507263892,197.4260602045469,131.66412957379018,128.96915944099138,130.10809085350658,131.5688171817239,129.53870028372123,130.3339508461435,5.070242460085502,5.164841541414865,6.279762736871199,2.2620066797440557,2.329392723201434,2.260885858362732,6.217915913338872,6.269238514705069,6.289685764216914,135.58800909281356,134.73354257303237,135.24580595903356,63.42936990595785,62.747133220814966,63.532250628290406,12.999757086654192,13.973825222244647,11.340713033300874,10.808321295254979,11.728750675059388,9.083958374457549,50.51443655052052,50.13152760538834,50.667282153207125,8.578192465832942e-08,8.600678706555701e-08,8.482802987166352e-08
N0194,0.75,afternoon,False,True,True,1072.092372101711,1116.248625870467,1093.3874514313409,925.868870544701,969.1989452226907,953.1151628685371,928.9679116913728,972.0074388005271,949.5361131059697,495.6584007151561,537.8514817259897,510.7038106172472,450.78070162301236,479.5754344725638,451.1751188949611,121.47341465947397,122.34494124784308,125.66922962464872,27.68403271243685,27.90984300798255,27.54386156514652,189.49407091387314,180.16737392218963,185.2137285518562,192.2623055951516,183.51387753372293,188.73386187985813,123.17677143270086,116.17850882374714,120.17957481504081,125.07258849871562,118.21068055920597,122.36601651518771,18.994087704826956,18.91579814849617,23.220742396005882,8.445056731919143,8.39956147540322,8.392339751144949,22.16619152113052,22.364152593093866,22.23404911947104,123.71024145256074,123.11162306314776,123.30625377762843,51.89545408382431,50.067307847167214,52.16398135935456,48.31165997698958,51.798315019812485,42.17105260440872,39.97032977042095,43.26802112298957,33.791360547902165,45.308889052520804,46.34025112562319,45.99602245997675,8.004892753713584e-08,8.137013858317388e-08,7.987397468894938e-08
N0195,1.0,peak,True,True,True,959.7412468415561,1018.1943240790443,994.0556226220426,830.8771755913297,882.0685099198898,855.36937957402,827.872091338136,878.9075488161842,852.7608000917866,408.43945436611864,461.6021677725613,427.4027661740439,370.70248256022245,406.33909276790763,371.3587553007142,117.59431259985178,118.0322703686053,121.651673938339,36.77979451739547,36.77719030518166,36.53959545574023,185.47455499280449,172.34030663128323,180.06267492576237,189.24644622265203,179.41463946246324,184.14694601330712,120.98544424714551,111.50468370104207,116.40690117073903,123.47786416579335,114.80847496036728,119.04409749499759,25.046803519498035,25.147363933046698,30.521962052393604,11.133797936332122,11.166480840346948,11.105272728572997,29.37419643674319,29.412637365979972,29.337032810563766,118.70491014888721,118.22524979095921,118.10478850639882,47.93427077305087,45.79609185735432,48.5227574598846,63.41886512986623,67.93276839789547,55.53581451735397,52.80100660748431,57.075538282441414,44.4239334821781,76.2383558856977,79.02644372981553,77.90043574374468,7.775763041119324e-08,7.879213903861415e-08,7.707975176334993e-08
N0196,1.0,peak,True,True,True,967.9786510475722,1022.257339478226,995.2295798500672,830.6996832714742,880.2493262711072,849.2735111661589,828.7928826813409,881.0500423396796,851.9191082963517,408.9739423956006,462.3551157124388,428.29001209462183,368.04466999793357,407.79095847032215,371.2491680337803,117.23893439302341,118.40239666969649,122.18442258018152,36.58845747576411,36.79762447717144,36.70440217834764,184.40601301691996,173.56642046536072,179.63394476571474,189.386174025399,178.62055043848338,184.69176915206316,120.43702299272212,111.34714256056166,116.06274962885664,122.95610257110863,114.47012543867257,119.10473670489492,24.79894546263772,25.052337901586654,30.48470012886807,11.09250575924418,11.198086060339895,11.117828646982222,29.347977533711425,29.43897750781836,29.283301362312045,119.07806615330175,118.1138327404459,119.41581803180065,47.820885475600974,45.63792056237549,48.56132229050969,64.09000002116447,67.76836090156813,55.345055256969985,52.71865211717681,57.215476447457995,44.732664231824465,76.01523490749072,79.10837669733569,78.10902093195799,7.803377525997793e-08,7.9160221622506e-08,7.728484730021939e-08
N0197,1.0,peak,True,True,True,972.4179211998689,1017.5828718677408,995.6685265739258,827.6106331576897,876.4957804373582,849.968919889069,832.02467923167,879.7737064605176,857.5821065878838,409.7450998487564,464.54939188610575,428.5690734778165,369.7477816708865,408.6223303622807,370.4655501849518,117.98684768102373,118.83448764996083,123.02452452713563,36.58102219767588,36.82209637455076,36.44080183648075,184.64496508413794,173.17649934271716,179.7001963915874,189.2194781840083,178.17796828278128,185.39049294381925,121.17017435752571,111.44769374806359,116.15020432495938,123.41554009269771,114.49823097662544,119.66844163729472,25.010603235594246,25.049336803214565,30.563260564130292,11.047911656620531,11.176736308261058,11.13258081198051,29.383686864470427,29.58028514727446,29.39658411651567,118.3435017056002,118.19471864352752,119.18334539982641,47.91296902292396,45.790676755332626,48.45075230549527,63.829141233785826,68.39531259242682,55.31175282025522,52.86618728592775,57.30557650714156,44.577394044474694,75.83841563038852,79.1839032491269,77.54873952616084,7.778169245501773e-08,7.887403527934309e-08,7.701934161681502e-08
N0198,0.2,overnight,False,False,True,1296.4270089756262,1301.010995475512,1299.0655879267815,1163.713514144777,1163.4170195114916,1160.2902942892847,1145.2953783027722,1163.6676754332939,1159.7802999996861,679.3784648037591,690.8992827617711,681.0858619631373,617.3385121996023,622.6755072452221,611.2680147020465,131.47583289159644,131.8509916251871,132.3395647226852,7.816641869813811,7.506697246944431,7.662032689219898,199.29533421912535,196.2970702928999,198.02950696778936,198.7644092903767,195.91095560427053,197.97984148324278,131.09587352766874,130.11536968709544,130.14229668254438,131.7591820388388,130.32389153876332,130.62430675588195,5.099250622699138,5.163132896627336,6.235498909107871,2.274531027308636,2.3263043034213546,2.2455918598836373,6.244632286713031,6.244401481696522,6.272669460614805,135.29278939208683,135.29104879858212,135.8057158757856,63.27639304190662,62.59520400232035,63.47822535484606,12.892506272928905,14.010551840877767,11.39268755765825,10.793177198833757,11.71253730440155,9.057746449697602,50.5590429337646,50.36045318861942,50.78819724116091,8.572214882354856e-08,8.609133115624675e-08,8.512805800583135e-08
N0199,1.0,peak,True,True,True,968.4766650426724,1028.088076641318,993.1167701887227,830.6922288212561,886.076231166118,849.3650661263756,826.9684102461291,883.4803153271503,847.3000144175505,410.10808832684825,466.26493570441835,425.2915390159851,369.3925699437404,413.20259817806027,367.2271985635625,117.79683320109389,118.82148030444326,122.11588016288793,36.795640136171464,36.80354207959075,36.40553670532094,185.68319349231012,172.3013614521385,179.07140029998277,189.10911136497714,178.7101684846273,183.35325926645518,120.62019688627471,110.90252966913268,116.47384346092687,123.73752734031382,113.42129845025325,119.38975040366353,24.90037411245881,24.941968757244005,30.509715176954188,11.092608791893085,11.171221171844294,11.076104755616937,29.38965475177214,29.538171277139156,29.35544528977147,118.27921710654375,117.85990389084438,118.29475231802252,47.866953877570765,45.74151678597509,48.56459889042694,63.787442093263095,68.46673252119257,55.79684390582748,52.705684589810716,57.04539053528068,44.54902123536447,75.53957137789831,71.41794893468317,70.5439452260549,7.749952413415499e-08,7.919739585044204e-08,7.74159031202428e-08
N0200,0.75,afternoon,False,True,True,1072.8677735717272,1117.6028045058008,1086.848083447413,933.8243543783706,977.3099395242674,947.8222117675516,931.3197157793725,972.687038241077,944.7296374755159,498.4505816512827,539.2089445263498,510.33300968940114,447.33312380882467,478.0511053516709,451.67246468247146,122.31502465013753,121.91644461759313,125.79099581452547,27.72996449421553,27.84626572128826,27.605618589702825,188.59836214486074,180.41575020487133,185.05226524135563,192.34716390729338,183.95442195209404,187.8780189492857,123.78066112953226,116.88646991719297,119.44392343949382,125.55630714907132,117.89881070441048,121.79712715156175,18.99992703422253,19.196100384760342,23.228722274554194,8.44187302903622,8.445398290083347,8.417287414710817,22.141887690312892,22.320988368541265,22.31722942956491,123.66875240292084,122.60871185488158,123.26917756694378,52.01496162326406,50.146675979437425,52.349266880252735,48.240628857711215,51.60578839253632,42.24631839429309,39.76628259841266,43.31412851035759,33.84954490367752,45.160097369851286,46.26242418470778,45.83160662908375,8.028417458183522e-08,8.08190433439735e-08,7.95231023916063e-08
N0201,0.75,afternoon,False,True,True,1073.0264860119275,1110.8297304375374,1095.2994921401232,930.9786161082159,973.9985017432352,952.7768394552756,931.6423049519901,977.5742127293485,946.2189829555185,496.56160407789304,538.601053411755,508.512357882846,450.11311005788355,477.86856585782846,450.8772426740403,121.63648009543526,122.26704384745324,124.48742950981213,27.77903839222981,28.064613675879674,27.755498698226223,188.33537577107958,180.63971790482606,184.6412680364277,191.94883137807133,183.50265220489695,188.72053545555679,123.43950782523027,116.03850682925757,119.77128528206568,125.72296413742512,118.05001595746914,122.07714893923483,18.940900190402196,19.08373866034432,23.12357540574899,8.454457491723236,8.464093912624925,8.410142719191532,22.32521488126818,22.310904130492172,22.21380766999506,123.4239772099644,123.07789145967499,123.53577010832254,51.784679627401246,50.06823478219089,52.550780786124236,48.63198874361943,51.724303088240845,42.2857764335822,39.99300968196591,43.34043710026661,33.53791167340614,44.99329557447272,46.64701526302787,46.02020752627441,8.02415330775989e-08,8.175583731593895e-08,7.973370961334653e-08
N0202,1.0,peak,True,True,True,968.4626146474428,1020.9416537113269,994.4903925789993,828.5663036081735,870.7549525630025,856.4244343380736,832.5048996601289,882.973654570485,857.3995326017856,408.80555202943594,463.1625024987785,428.0595715977675,371.32763296185567,406.6382861807428,371.02838750636084,117.86495369685785,118.53194677903969,122.51984958494202,36.72686457251521,36.738080257014275,36.65984010934972,185.58610887470735,172.64401729439356,179.74362205733001,189.40095985178814,179.16468412405897,186.29832780511916,120.22830354181262,112.26456989256194,116.38064738303468,123.38187815331571,113.8711197558212,118.79899677892018,25.0204529590193,25.077775208449726,30.60883652433033,11.14414179356226,11.160900355906719,11.099401173410415,29.47499284369081,29.357610283233836,29.329952583387758,118.24673484855552,117.78180255840763,119.36974811679757,47.69515592120102,45.99059850916165,48.53988897720278,64.12637747011631,68.33192706882672,55.46906020944308,52.92921404406611,56.667673674781035,44.45114214484956,76.10308826003312,78.78154249974864,78.2694814527517,7.738702437095063e-08,7.883614631857407e-08,7.752089299427425e-08
N0203,0.5,morning,False,False,True,1179.379349427754,1210.6400809566467,1192.9210010647514,1036.9930940973259,1062.2765425146745,1055.1781682217857,1042.1647771781861,1071.3770012808172,1045.9876660612058,591.6683268027301,614.5667370052892,597.0741493635988,540.0105748404976,555.4691996275029,533.6783595769821,126.30100232125514,126.65224828185923,128.47032343729197,18.71445839811839,18.818023858191058,18.811707549454113,196.5858107276227,190.59405516827223,194.21893580964021,195.55466720110851,190.2774492481855,192.92360169710068,127.7239818595451,122.27442107742942,125.14900591784513,128.1425019581461,122.91954205713711,126.02722429779243,12.806731925562554,12.906985478796022,15.579947627041976,5.667269566684042,5.71846295017313,5.666500620112197,15.031360338085076,15.057800961468379,14.973261583555255,128.91522616371535,128.9576099693682,129.70644026281164,57.22048375949796,55.68595672449369,57.21977772616759,32.71726050895233,34.874656418181196,28.426205419835135,27.109750137419528,29.269695355847695,22.859547286914452,37.059344239804304,37.37772754301127,37.665335338336995,8.275032296933544e-08,8.335826419704788e-08,8.143901607633774e-08
N0204,0.2,overnight,False,False,True,1290.5544774616355,1298.4317828531716,1296.4874224080988,1150.8379167706837,1161.7976309663536,1159.8662259996522,1153.7569919934112,1159.004276524021,1164.3474271511268,684.1307815255092,695.7915366314982,682.1081656481414,617.105601377148,623.0849463949378,610.2042851499504,130.9911708127365,132.07795306308827,132.49404199354453,7.806832291776754,7.825045817079343,7.794097743022384,198.7467595684257,197.19006281477408,197.4564118720614,199.3762181461867,195.39578288724906,197.98353256490037,131.23207270609447,129.1763541988389,129.87404025830227,131.7501458271262,129.91634274383642,131.12646541018657,5.077080860767868,5.173974212757092,6.248716431353571,2.2584216828217745,2.32200247635537,2.256656231827687,6.2423569814141375,6.260742447354589,6.253941364254519,135.79963464250184,135.48073542974512,135.77934285576742,63.33652067454112,62.63116898239221,63.538562403756124,13.03678989602572,13.925714045864217,11.340884628213184,10.78704569624427,11.743968896386596,9.079189444155833,50.62387623299688,50.131181418851824,50.29993036672256,8.570484964952478e-08,8.583277171687776e-08,8.528491780567733e-08
N0205,1.0,peak,True,True,True,975.7785159339585,1028.595520906285,993.9197146418746,829.5819303520934,880.6284539954124,851.7964053326244,823.4683668946325,887.0035331761156,851.7479807561755,409.8489893504656,466.54619645997536,423.1879689519822,371.60331049615525,410.77084831024314,366.65568712714673,117.58679479226087,117.56880718051622,122.44707287349071,36.39135000317923,36.66830531522567,36.67215531749609,184.40550075508077,173.48622438834502,180.21236760166875,189.06769790744113,177.32774350032366,185.88295175278324,120.49347070059333,111.2677516551296,117.30713606320457,123.62086714805483,113.16324004260873,118.49948309423021,24.96122588885044,24.99622178243941,30.65237972458725,11.025007092457141,11.189872888528532,11.080862195936463,29.40568973708318,29.612454455690656,29.39912644833123,119.12597944321486,118.00434698651745,118.74661695821895,47.8809282333573,46.09748552279838,48.39814284754858,63.86713026238862,68.00241373032262,55.505021392169255,52.82583498867536,56.748878369619185,44.57133190426008,75.94878423671477,71.585294781275,70.87344451265511,7.81464362231342e-08,7.876847041958089e-08,7.709421248216635e-08
N0206,0.75,afternoon,False,True,True,1075.1734936563867,1108.9547150567398,1089.5314269109772,932.810606860539,973.0567280971792,951.7770123786523,930.1929204687443,971.6907473381375,946.0159384330308,496.96748682711006,537.1946167128559,508.99984022964446,449.1895481498228,478.9228160345363,448.94185044212725,121.2585959783613,122.16093143082404,125.61211346222433,27.626000836239157,27.866580422949493,27.77514711819246,189.00447884538264,181.66116304796455,185.05047093650575,192.02607047435467,183.68935967235564,188.3897104905321,123.79231955730731,115.58573041638812,120.46806875365095,125.16109731618582,117.97407017425552,122.42896263215509,18.98708231402105,18.994091765626862,23.15823532963035,8.376193880308117,8.48611792886581,8.38506546990071,22.47078245028628,22.228913726746054,22.22146194301287,123.60353619225883,123.14658835303963,123.87825722388426,51.890179926062075,50.22903582786698,52.48972827514135,48.65879592155355,51.842394518690064,42.02545132629979,39.81125293570677,43.30786490291406,33.78440215903503,44.888751377493115,46.367227336907526,46.00779820968884,8.050035687811253e-08,8.099809957788313e-08,7.949844829099688e-08
N0207,0.2,overnight,False,False,True,1295.1882465344152,1306.496183594337,1294.615095353304,1151.0970869801038,1163.9840513468387,1159.3018167537207,1155.7142064108698,1169.2635827076992,1161.1958689924409,677.3674638257313,691.0244493820492,684.6233534231579,616.394977507806,621.4456971069642,610.6841948274235,131.6737688454591,132.23273569918751,132.79756852423446,7.853052810266237,7.507469325794924,7.70349964679665,198.29295927126725,196.7248421760555,197.24832601082664,199.68338526388857,196.35859866434404,197.38631101871056,131.03071347373447,129.24403260259078,130.27698589588562,132.24680990124332,129.70528346846226,131.80611369448388,5.111332569031728,5.171623172760846,6.2226985531522665,2.2642964695950054,2.319497935959733,2.2478490209451087,6.280797933113641,6.238996437421206,6.289653362062687,134.9707683739724,135.5998785514475,135.82706548684223,63.70208768526846,62.68207890903062,63.33500506195181,12.959491628580572,13.957623849447739,11.261988504165714,10.852377232744136,11.730558473269799,9.101903861637314,50.60727826127923,50.47197407158558,50.28225349218271,8.511946801872822e-08,8.584289766243401e-08,8.517874457296343e-08
N0208,0.5,morning,False,False,True,1186.2013752724647,1208.8922195575487,1189.496573126552,1040.1856962413647,1070.9936574069382,1049.8991291344364,1041.9372953095155,1067.750768997731,1054.3488008451425,589.7972668292508,619.282992189053,595.7540117732176,536.8854394613504,558.4522044226447,534.3107892643997,126.55254241017893,127.03536877819828,128.4693103722723,18.717712233353176,18.7242202574737,18.865424491997988,195.75993308446087,191.12739463098336,193.54517798728455,195.9678249958977,190.92800517935996,193.82429061822626,127.28301254960057,122.77095865255458,124.82958317707858,128.41523279453574,124.02579572540165,126.64108178990463,12.78132971039204,12.810095423102696,15.506007088639693,5.673659515751113,5.74715405642524,5.684514314040953,15.035770146773215,15.024723013193842,14.95278870831167,128.93042357922008,128.6263182862362,128.9698424208415,57.002387676968844,55.86065353278765,57.642781858817195,32.62497159799715,34.87138194137518,28.515130032910623,26.956133679763465,29.354934088469488,22.80215195612175,37.35317300294137,37.36256594194354,37.629547720874974,8.24496075393999e-08,8.298391019519207e-08,8.153207739507575e-08
N0209,0.2,overnight,False,False,True,1299.71427887961,1306.6116987204875,1298.5828254303956,1154.6611323620739,1168.450265986645,1160.183790103733,1149.6177063360512,1163.3572988103172,1151.0360373952828,680.4945924197198,692.8372100044858,682.003030965595,618.1569889816404,624.152434917408,615.6409160949077,131.54917047044975,132.07775883368157,132.5319222465304,7.819469464183632,7.821689706935677,7.814417701266021,197.82367021901138,197.04659599952004,198.33128516671277,197.67966261443823,196.67536624443198,197.8399938676325,131.61616639372747,128.88936398431983,130.2333246308999,132.0629123978696,129.20145358032406,130.65006233871063,5.0712964845231765,5.163110804530809,6.239479729680619,2.2669697839189022,2.3134358090574025,2.25044059421959,6.290308716365704,6.2541467495048515,6.2680007243940405,135.61213385316378,134.54392018139154,134.90016114020324,63.492788128475965,63.07912268083099,63.19599482046387,12.999253222488333,13.994883795221638,11.349009835627102,10.856881607288415,11.69739929944239,9.03350468832948,50.64071321854902,50.09255774986465,50.59285100224988,8.563530907359799e-08,8.566031056820996e-08,8.455405276895649e-08
N0210,1.0,peak,True,True,True,971.0052821493713,1024.1731174638312,991.7442751132238,828.854355151705,884.1622480017012,851.064714000947,832.0485834890625,883.9746591828007,850.1064694077791,410.80035624340496,467.39866164675533,424.2456888094949,368.9114752343851,411.2777899281414,366.22786853096324,116.92525654855828,118.1630489400467,122.4333142400676,36.809451148648016,36.87037395718666,36.84470552304451,184.41364264862295,172.2428321564423,179.64119689600494,188.43446442102587,178.57034816876723,185.29670038077597,120.23328283911042,111.03110729441602,115.13684867910311,123.31708124639171,114.1413428243593,119.2363469714787,25.04768717085879,25.11101062374079,30.619304708422586,11.04415412809569,11.209890776446088,11.09489237710167,29.45477799389338,29.534178356665176,29.539462077263334,119.03138910740222,118.37786769535553,119.18084679438303,47.80968466614896,45.720414238437506,48.48348448994826,63.5719096335514,67.92936660342542,55.64983303560014,53.018272815427196,56.99061811032633,44.41535639782735,75.91713204597073,71.63281279985736,70.66044094210449,7.784004970819466e-08,7.898630996906353e-08,7.734651389242524e-08
N0211,0.5,morning,False,False,True,1184.0633520189738,1215.5281567259435,1194.8001920230106,1041.0833116848585,1067.5438523510234,1048.9145912670017,1043.4559582102415,1066.240452599846,1048.2047510529376,587.5345567950384,616.8981042502456,598.9175267242945,537.4488945683489,556.0327048713666,538.277618727705,127.09214603087072,126.36424308477659,128.61669571395237,18.651838132944498,18.724966889862856,18.650059005327762,195.72401174566005,190.65180922358797,193.01734243528836,194.95231209642654,190.38840738505732,192.55146165913285,126.73065286694877,122.53772814494228,124.31062356103916,128.43984079588273,124.02364173886298,126.52745378228907,12.843709556072692,12.821420419510114,15.732103314572566,5.682560887928085,5.776123655432737,5.67011767757617,15.00214108223549,15.032734400520198,15.125477767135894,129.25058373706455,128.59364056267026,128.44788788971152,57.03677301143187,55.77811165459368,57.367882545238054,32.722700425615116,34.9871762992681,28.37399526243562,27.138719090641754,29.239591337490808,22.7677354193489,36.98530322968296,37.55384684971512,37.808499897773046,8.212918180268136e-08,8.262731431241876e-08,8.148403372872812e-08
N0212,0.2,overnight,False,False,True,1284.6256278836765,1303.141981443791,1301.3140050994648,1155.0339455842186,1164.8582454938123,1159.5882095382276,1155.8486872161618,1164.0071433060114,1155.0628166147267,682.0535696763736,693.0109141126227,683.4318601548441,616.1371621794134,621.2970450180965,616.8160424174123,131.31298223424872,131.4395730727303,132.58488720344855,7.773999420108101,7.813090600589414,7.811497739160159,198.2468100528449,197.29007059055698,198.76608590550603,197.64662511747716,197.32412012073792,197.80059103491274,131.56212703005573,129.0393351598863,129.82434382214322,131.57544303714215,129.8964204264333,131.26480119301797,5.105818628184617,5.163269578982437,6.23334425422891,2.25294617631934,2.3189577726849975,2.2686832925859663,6.283592676533724,6.265324083973185,6.29029884581713,135.50166949337319,135.51370815096894,135.58211020322727,63.37781148771324,62.7166389520011,63.67513313525531,13.017793989458848,14.04815332639821,11.36270533316697,10.76115704932611,11.741444381012466,9.073688302225758,50.522240228512516,50.62500742313058,50.45154766633623,8.570379674326851e-08,8.586743067737476e-08,8.521887948285583e-08
N0213,0.5,morning,False,False,True,1182.3256029754061,1214.4712753718218,1191.8311772439808,1037.3767734403255,1070.1282686862605,1044.9604394595667,1039.802325267288,1065.768519343768,1055.4277914309735,588.2002196683537,619.1232071039823,597.7336980142142,535.2834558812043,553.3044975873087,532.2166903672958,126.3604477684855,126.3947394173357,128.66833077217308,18.69680809178732,18.831487311354906,18.67944821617545,194.2800799871955,190.20954150467216,192.1144419491912,195.590232858422,190.27285707647184,192.74286468234467,127.235804130731,122.73006628542126,125.07166973865718,128.5476549765112,124.13947892204166,126.74229208093777,12.799452729164287,12.859055686470427,15.576834014287972,5.68357837159205,5.728594700528353,5.689223035725939,15.016078844842864,15.020810998517925,15.071778775255584,128.68630357937474,128.48040647486314,128.61341849450352,57.24049913976395,56.163208275439956,57.37754560719369,32.66529559788504,34.93768282403262,28.44719192128316,27.172477555266244,29.290095404890188,22.801883753342878,36.93740488308813,37.492730539395616,37.70864033962718,8.245666229457278e-08,8.285071164452006e-08,8.161889734957033e-08
N0214,0.75,afternoon,False,True,True,1073.6843136512566,1117.996292093963,1090.1502096231345,931.0390383869355,967.5204790688666,949.5367892588268,930.3311742424803,971.2274645030233,947.0759180686717,493.6131168600115,537.9722740099728,505.67092444626275,451.46532908933966,478.11515806425587,449.47326959958167,121.33083417135234,122.46020281000337,124.70545685689072,27.57968596253287,27.704897390430204,27.75053786970513,188.02137012335243,181.00251817302868,185.71238254643126,191.6314649301221,183.64000255364954,188.7063036694023,123.1135612606898,116.6399204838821,120.82607442141516,125.51316544048073,118.50881540995174,122.38195207513927,18.99360062749806,18.99754644308629,23.14190317912545,8.386060025062795,8.500794801798234,8.409940174469755,22.294106962986888,22.345315924163664,22.23268088546664,123.2040425244814,122.67588005190895,122.76737738587056,52.07877077802026,50.184085360167714,52.57354546438644,48.46152768479144,51.80048784085567,42.225178835421616,39.89050082893239,43.356181025324275,33.90169954011492,45.21928717334012,46.23135339340739,45.73462362598395,8.01968715351144e-08,8.167621653828491e-08,7.934650991626298e-08
N0215,0.75,afternoon,False,True,True,1071.779350875663,1104.1531610879056,1095.3721430048902,930.3314222485627,975.0656390069869,946.4868559162448,927.5674211892748,975.6697869544856,948.4790036424293,493.6621983204127,538.6005127729704,507.4396416696106,452.62041678850926,479.62893739541784,449.5432867484246,121.20565034155557,121.72170809488311,125.76521473530492,27.908983560565254,27.763532308387664,27.71901873458111,189.1861847106946,180.6901911545387,184.48772802717426,191.72469161738587,183.9055683458476,188.14589966874107,123.80219521962404,116.69295708666392,120.10591143456676,125.90288219582312,118.39909909330424,122.15098415923568,18.9306957939061,19.046907252317524,23.07676127119578,8.413702238105763,8.452933751581321,8.451313069526671,22.298405446073286,22.177467395215896,22.162257063936572,123.96960611432638,122.14781638853488,123.70225840591884,51.983590668595795,50.27062855053185,52.68573497643264,48.416018680717514,51.768976819244735,42.073680830126804,39.962122122945296,43.46267006229851,33.740859170284686,45.17009489395549,46.136934976403154,45.98956344511928,8.017827113918008e-08,8.072611783757877e-08,8.049471839480412e-08
N0216,1.0,peak,True,True,True,961.3870521092854,1017.8614715271236,995.9951821002662,829.0004436450674,884.0853108439321,851.5673130971529,827.974631809935,883.510281054761,857.6475565410299,408.5701308030847,464.8972959709552,430.57536537172183,367.75187771504693,406.0447377287237,371.22233365233626,116.83579501575349,118.1954684186742,123.66440732330774,36.5268482080676,36.56122866363284,36.46363387554945,184.7881434090194,173.642242383589,179.32422536826348,189.6815839371125,178.8433393451751,185.9280376310995,120.46217260307286,111.31022747289035,117.02891360424842,123.28535039431996,113.86715001665598,118.39802414609592,25.043139008908774,25.07306940996933,30.353312293553607,11.081464298420272,11.154302169156598,11.072287719290676,29.42318152978307,29.535945139195533,29.48176740613509,118.82332229415694,118.29129374516857,119.13778133430587,47.861856906354255,46.07425346124578,48.34528036919074,63.92487574644578,68.21648066299986,55.698354248124375,52.81423992156288,57.11860546370354,44.415194018897346,75.73624691237508,78.744116067803,77.83877343250201,7.824205086948124e-08,7.91275776901421e-08,7.701647128054117e-08
N0217,0.5,morning,False,False,True,1186.5193193389694,1211.9569418485275,1187.8687854845598,1037.1984769541011,1065.1227969831616,1056.992184244353,1038.6970936730413,1070.4999205441138,1054.830561854121,588.1998085943068,617.9812159846715,601.832647092094,533.7433516376481,554.5910908391253,533.2120744912207,126.00719016056195,126.848998493078,129.2353445267799,18.794430269528785,18.7820175184232,18.620649810691088,194.8863180740854,189.61051850578207,194.1700178449987,196.55423599591376,189.86466095785414,192.90343812557978,128.00705393644486,122.72307478296634,124.63645715064281,128.9638205700434,123.84668614021533,126.7204258288671,12.788854193541138,12.868157078831066,15.661623871951463,5.702318381880075,5.735145461677284,5.714126022571249,14.971140209595056,15.034368527568848,15.034399386177048,128.6910641812105,128.1909053728847,129.20134979648185,57.08386321007782,55.71579972572921,57.45416298528899,32.668864274079894,34.805112511955315,28.510137420825096,27.14159490953757,29.346352668278694,22.755973039435588,37.067536030787906,37.258309631888054,37.73799877230961,8.210029449285693e-08,8.263253925290759e-08,8.19245965192691e-08
N0218,0.75,afternoon,False,True,True,1076.661326311564,1109.8488311556976,1093.410101586716,930.6741148814666,972.2995934205869,947.2984127472162,930.1171952459799,976.3399074189755,949.7528233490223,496.71594853038,539.2633287311849,508.7543910788892,450.15404838228653,474.17081059017005,449.0951944539853,121.57618897885982,121.37059337937586,124.57533778458686,27.80004824859928,27.929918735272725,27.486444410641933,189.1942405110371,180.05912625542226,185.14910123786865,192.1815629788306,183.6073144593928,188.10051656455917,124.00952290482914,116.92290160326596,121.0438328700953,124.96872831131942,118.11476398135149,122.34874053610542,18.854105660188946,18.893564881714106,23.05049259476703,8.39369977076464,8.50084888956715,8.423142386510591,22.336016648738436,22.32093599899341,22.18744377881769,123.08230604534589,122.99748835529505,122.80978902798536,51.99503607230924,50.17614662465483,52.452399148745066,48.37610590089416,51.70319769958537,42.23115129248758,40.06389453115081,43.29723067919307,33.661670761175024,45.23886250606648,46.41790451934585,46.08951685118617,8.07008956012615e-08,8.159818445655111e-08,7.936761159811999e-08
N0219,1.0,peak,True,True,True,971.4868631221757,1021.2987032007163,996.7359344539785,832.0962625150162,871.5426070984765,857.1376546657877,828.2410241608638,882.5078332834883,854.9510223738401,410.47918948979344,465.6267733146686,425.21680892804375,367.6840927502723,407.15837201372005,369.82292991584603,117.88008864631568,117.48327718081782,122.52430054861611,36.59449891861061,36.787757886735,36.59010426942713,185.15762445957142,173.2604414393722,179.7490707614526,189.72463964512116,179.1400187584955,185.06468815128628,121.26101390281431,111.58264038989186,116.7814181035237,123.3440791304192,114.18805293608703,119.19403873887956,24.95066425685412,25.085128811662074,30.58086278115219,11.015458505415658,11.145410221943774,11.090256943214342,29.40445188989744,29.50365632364673,29.47885664864104,119.21778356344662,118.38890201362678,118.97552017101378,48.12016320099133,45.676480130054834,48.60871814311787,63.822629404860834,68.07934538037834,55.47293103137317,52.8273289522968,56.58881805445575,44.520204325480144,76.16795323929092,78.59199764635545,78.04495580299243,7.781346244126241e-08,7.900121305935697e-08,7.71940433174902e-08
N0220,0.5,morning,False,False,True,1188.750282098162,1207.1221569158424,1189.6533522384527,1038.2095079769722,1065.6551568054738,1056.400077432743,1041.0497449674835,1069.67016141804,1058.1972695890504,588.2155342508815,616.515944158344,597.4404454920609,534.8109348780276,555.5772077281872,536.5360015053491,126.15705574380453,127.17693742591634,128.64724943306547,18.804245733588985,18.843470941618914,18.726012921328465,195.5525139187393,189.47676640078086,192.98437145519244,196.5218323368038,189.16305064096161,193.81413103066163,127.68318610030188,122.57982411096792,125.3669591763037,128.5749596018609,124.43358502711762,126.40799946860082,12.782420148809752,12.886391321855085,15.66967715853088,5.6662860965920885,5.746188593007141,5.657685767529807,15.151802545166241,15.051869511652574,14.994971390567068,128.52581239988152,128.49582234641252,129.4339230022364,57.310567986289676,55.780408977290826,57.16762379689582,32.64047659433796,34.77104899279939,28.478817205401572,26.97724258303478,29.424608582616898,22.666256264115084,37.046455871736924,37.59997115280444,37.637351905982605,8.28079184848756e-08,8.312802470548604e-08,8.187399929643648e-08
N0221,0.2,overnight,False,False,True,1296.4392244317119,1306.8179702604968,1298.9388920516942,1157.5664700406066,1167.8822275109267,1154.9163972680756,1150.6257860836017,1165.8927752194584,1156.3629163527316,678.6673866180392,693.7443811179003,681.6681147358319,616.3911388459131,627.1267441994738,618.7777845866405,131.10285436485884,131.7512372469414,132.49719017744556,7.851538314487321,7.815601484458283,7.782894648592954,198.62001425403875,197.8945068299268,198.95933060594527,199.16297105394153,196.215306774996,197.98683772648343,131.93048421018383,129.0653878140163,129.96760931742375,131.06545051235014,129.44444756468457,130.65196092034842,5.08676921122203,5.191383414826374,6.238542784205439,2.258984186892951,2.3289984609910444,2.2614709295205397,6.262283474286889,6.279334532678809,6.2603359084729,135.62639308546568,135.6187735857029,135.47795543444778,63.39092542315575,62.557821612336085,63.17840510883044,13.024276428790548,14.037281504454636,11.36846749106926,10.752242931898925,11.767667718756819,9.095542559483063,50.82946432553836,50.256352260679066,50.21774395873064,8.562919764827721e-08,8.591694675331742e-08,8.498632125201184e-08
N0222,0.75,afternoon,False,True,True,1071.980764675686,1112.2956655653452,1086.4554844680604,931.4394943738956,968.863330169653,948.8852562109629,926.0701175964641,970.4165120670838,946.282815658648,494.925183326827,539.0351407393855,506.5554632321716,448.3068973268365,477.73447385737376,446.8470708673663,122.04240640128539,121.81144712939064,125.0630727203677,27.77085527862332,27.832232377336318,27.8506761496168,189.11160067011534,180.12532815075357,183.8344342306802,190.66044750955896,184.1225412292887,187.09153229156925,123.24749965374284,116.34643986992009,119.69622492063347,125.03189286832777,117.76541480821844,123.07862133784434,18.958952172827797,18.985698887665315,23.04741653489929,8.435820063748128,8.449512337090434,8.3951467831255,22.351211461401107,22.231818453397715,22.316607386468995,123.58236937391464,123.31887926456557,123.69714808666903,52.016368582667944,50.283668530066365,52.76831650207498,48.23691758290637,51.64606488867702,42.117162701409484,39.962884774442735,43.11488223841605,33.684318231074265,45.32576049178079,46.013304065150834,46.04421178732436,7.980782171008058e-08,8.105547929753423e-08,7.96762013695466e-08
N0223,0.75,afternoon,False,True,True,1069.4538217503186,1116.9041457559954,1085.664815094505,936.2722059732973,971.4420917154181,947.4674160534222,930.829741140357,967.739020347562,946.7840381255551,494.7318548103035,540.7051578499288,507.95502014947056,452.3167196697024,478.28325770840075,449.6489742736985,122.03608230977048,122.919523746844,125.42423658556429,27.73243949717339,27.629412236521123,27.8080216635321,189.22582350345456,179.08990352025154,185.46852662100923,191.69592246545554,183.3202135403874,188.62607117919757,123.50366299814061,116.74034062205287,120.37411286934329,126.21954279059102,118.33858532048198,122.52798307519363,18.962748732837856,19.055085798436238,23.034499708417247,8.407874497170615,8.460154172213176,8.44545501930156,22.191597382223545,22.23902928833688,22.35224049081843,123.42432044147148,122.65443239767241,122.50507682385104,52.0678486114233,50.12593038292372,52.348169964783764,48.34956426346145,51.729338468117184,42.145510019998426,39.956567626265766,43.454957684769944,33.90742663294639,45.01857510049406,46.33174687509095,46.02163736663602,8.05649619856732e-08,8.149627341363865e-08,7.933576131903011e-08
N0224,0.5,morning,False,False,True,1185.461906922404,1206.807312650204,1190.6287457855055,1045.201441050891,1065.6804960735951,1057.7827103737347,1040.962627550677,1064.4769045378664,1052.012620234537,591.9941964965761,616.2724765753587,598.7245395931667,535.5918005488435,554.6044394668417,534.5715641904966,126.12749629118352,127.49916652355917,128.21532502349382,18.805958272971303,18.721506191550777,18.745992613067788,195.90798194728475,190.06624184666344,193.66374601970642,196.07952819204036,190.11798743402454,193.33765197823783,127.4051010325674,122.15931121905477,126.41548934513125,129.19064440589574,123.20784751625064,126.95879102016846,12.860330371998574,12.957940424223683,15.650279479972339,5.697496566677167,5.744953187385342,5.68247404609148,15.0134897559464,15.042760683316702,15.030903084132177,129.22075066021216,128.72472438243,129.02861273149847,57.02533497590291,55.71044691999125,57.22397601009688,32.612669805872464,34.84390450244167,28.674485145380935,27.12241127862525,29.424848439796943,22.824492054076206,37.05413646219983,37.28471356355098,37.78617687030423,8.217875218697304e-08,8.305724479369915e-08,8.162745132934642e-08
N0225,0.75,afternoon,False,True,True,1066.6734396863214,1111.3579089766927,1092.8047932418267,932.0869149158464,966.3688850935222,949.7185698815798,930.222170579075,975.0267402765753,952.3231572159199,494.12329431628274,538.2568766191105,509.2354909325355,451.1099117072131,478.53862845697904,448.711557653119,121.57113120926451,121.85264333621177,125.96196143809688,27.63644511247356,27.81433319067016,27.63842238354162,189.60771954572994,180.1436057154955,185.0231002467639,190.90012599919558,185.15364124426978,188.9745749704702,124.14721417436445,116.70592342724956,119.44552500734152,125.98210175472154,117.91564788017185,121.83194086389815,18.970064076995488,18.939852265814377,23.049604654954695,8.430099362485958,8.457602795417037,8.414400381116025,22.16361587358331,22.243095230014358,22.277827040077764,123.29970806970726,122.44880661012157,123.37750923461235,52.21423463349812,50.395204631741215,52.52997237754035,48.58587859989141,51.724397269377086,42.25369320219337,40.10859856807873,43.29222563949819,33.756274495735916,45.21710145615966,46.24804906388342,46.028312649490054,8.059136537964828e-08,8.112489469624777e-08,7.97762364860833e-08
N0226,0.75,afternoon,False,True,True,1070.7236260301281,1106.2681095331197,1094.2019454261103,930.9464713874088,970.7463202501807,954.1134598508263,929.5372263403772,972.3625320877353,945.0453194554348,498.2482883680494,539.8377153857715,508.03066273834366,450.52941965608056,476.9230408199534,446.5872642134187,121.32163341363471,122.55249494476996,125.19685191830573,27.790031454156253,27.932035272342883,27.607460011569355,188.8747530312895,180.08233457324604,185.05292448824932,192.2958237115639,184.48978858621467,187.66898094202952,123.78936648637823,117.24408496679212,120.07274951715522,125.89709088750999,118.38327548392732,122.96706189796494,18.857233210455796,19.07705284549124,23.230167494957403,8.43286929931732,8.477471258826938,8.423030015923954,22.22218658954171,22.31361896072067,22.231281140968726,123.26866651347423,122.80522133015432,123.62503348777263,52.02033495254744,50.457508252064876,52.36273236670053,48.54365799279647,51.93731249916401,42.114452465250714,39.943455649240306,43.45453538128168,33.541455284022696,45.15865057561417,46.34560257707633,45.6821459787897,8.040039140709448e-08,8.118467344099158e-08,7.93463666827493e-08
N0227,1.0,peak,True,True,True,967.7462684041507,1027.7731918868367,994.1091520242313,833.3423979370353,880.3496285642569,858.1122187447521,831.3525251111633,881.0346220419558,855.1117431338458,408.9926214262153,461.77969639187506,427.1204652136734,371.8468629618558,408.08538207443434,371.6453071143442,117.85045676084928,118.39725737332365,123.16676444214248,36.75415450190621,36.83192819956483,36.644930642973165,184.94246646749792,173.75260953198364,180.6090051325183,189.6373583488042,180.31351902635788,186.07682304295048,120.50518511322105,111.8476508363735,116.72134902973778,123.09152992495802,114.16274960989236,118.8644629233413,25.014103308973024,25.07389226170114,30.53174259983521,11.13642454557553,11.112069987418414,11.072990414012473,29.37775012254238,29.407717008135904,29.489910917696257,119.01293829280681,117.78020588917462,118.21991768023658,47.580864320344126,45.60191724436006,48.70077744153985,63.92206305453944,67.95211578186077,55.66716993999963,52.8075809316181,57.427362092303895,44.39392178208382,76.4707368565246,78.75746589891122,77.69206602788154,7.81206514459797e-08,7.913778284287343e-08,7.708376866561379e-08
N0228,0.2,overnight,False,False,True,1299.5142918791903,1302.5868068867867,1297.3807708903214,1152.4338515570291,1166.442480229598,1154.7257326699855,1156.6603713636216,1167.8766625978726,1152.1396808632917,682.3637253901375,693.6268471068349,686.3560960438163,614.7419503486556,624.6247952270389,613.804249723443,131.98612671572158,132.00946591934292,133.18325030162006,7.824545291073591,7.477947597301831,7.676891287395737,198.86436486002137,196.13767419688438,198.31513529222195,198.8001007538982,196.17248033985726,198.56937759401913,130.7492832465465,128.71584406412663,130.33529934229136,131.39094346522234,130.23704443156544,131.0534992309654,5.095975610073915,5.156536563913805,6.258759757600071,2.2632619629034405,2.3351357755959063,2.256849106568738,6.274312021823386,6.270146709789371,6.26478325098823,135.12776153572534,134.73305848401847,135.52794817466022,63.84261511322471,62.7899615459427,63.37349079242202,13.058091986181818,13.988015184873074,11.403134048696622,10.775371863023127,11.74190493595407,9.081749330352187,50.30581056180906,50.44394297946994,50.45476410910768,8.557442351564792e-08,8.58277335557095e-08,8.486274976631402e-08
N0229,0.5,morning,False,False,True,1177.8339087133927,1210.5416636943448,1191.8183432830363,1040.6901190325593,1064.1761530120316,1053.418205613948,1042.593512803729,1069.5905047728393,1056.1259327466944,588.141352649139,618.4139925989135,598.8846181237554,538.3486672971145,555.7506217675049,534.1882053666295,126.53427670752767,126.90893405766565,128.6863782831995,18.808761172899477,18.820717019185896,18.73666198811296,196.579948640522,191.67589041374796,193.14839639072633,196.10119935627057,190.8011139545499,193.98931286552894,126.90903236993704,122.49646989325666,124.76603862182161,128.74989662650964,123.81746695558164,126.8237317321917,12.87439768290172,12.829911977272937,15.622060732383114,5.665607256868319,5.7761482951254814,5.678034162728135,15.027225327170346,15.033531444881067,15.01344735281234,128.60883148675956,128.6144324716887,129.58189512793874,57.1750961948836,55.60781123802974,57.12351333474545,32.59461678760404,34.95691547453736,28.624545642621793,26.9871020084442,29.30161965175478,22.731961606776725,37.17299498193215,37.35860988996,37.395775699112455,8.219797557692803e-08,8.329369829331655e-08,8.159483601562725e-08
N0230,0.5,morning,False,False,True,1185.380685484765,1209.9360785806216,1197.9440927482333,1041.591253351864,1073.603761017247,1053.1355355494259,1043.8784006972196,1067.7032613125773,1050.1750389341314,586.0366397830826,617.138487779423,595.8587950008038,534.1430644953043,553.8098545120868,533.3841323880164,126.57241154956608,126.41980971349923,129.07380304940307,18.715965590817483,18.812349463533913,18.771187277887375,196.4201579643826,191.58377331886746,193.26268372201184,196.80617983501614,189.72152778840623,193.25307320971635,127.42019496065097,122.85594086940586,124.99765257842182,129.27134872874734,123.61626631921963,126.43749884067735,12.805919463045843,12.887741836791271,15.61825305849044,5.716355031877975,5.730525405727046,5.654360219959914,14.979745324108059,15.074773390494286,14.92975347103829,128.79502190128326,128.91624564057798,129.32643312827295,57.449580657966735,55.69262283797592,57.18621628596933,32.75711709492321,34.913818590898295,28.58995311324493,27.251645535186004,29.240674999627384,22.7890407894048,36.95821186271113,37.50008862837498,37.49495000128881,8.232904569248526e-08,8.333335858061223e-08,8.196970659248629e-08
N0231,0.5,morning,False,False,True,1185.3877125742354,1209.2291024275614,1195.9667022306453,1045.2516104545755,1067.8685261804624,1046.4437737066953,1040.2359155198103,1071.59665807476,1056.3562354299413,589.4739975221635,618.3461345198702,595.9068874328219,538.3198736068041,554.3387316232564,536.4579792664516,126.59863076318561,127.08895813223488,129.16624680145887,18.612930537606385,18.780692214935467,18.642233545879932,195.01299442701517,190.67302912893282,193.35976851168874,195.64905301894245,190.77766981358144,194.11895571663192,127.89404509121972,123.20068763424227,125.16063899392927,128.18762366665408,123.52259784879256,126.20695390827643,12.801028875817606,12.88637846018165,15.66713275640805,5.720792952554907,5.749492467367744,5.710858114390338,15.07908800542717,15.025896293742173,14.998576848313498,129.21924450366475,129.1618560182949,129.0390279044973,57.29105548846785,55.97562337428021,57.374728575824626,32.605307694237275,35.01425348175282,28.488536377810735,26.94105167501356,29.33543157583526,22.777283922442805,37.184973783727465,37.53108666631804,37.57462838825708,8.220057836307988e-08,8.304827561124098e-08,8.183230946771703e-08
N0232,0.2,overnight,False,False,True,1293.8760657332227,1306.8957507448858,1295.9002626357988,1151.8714768108152,1165.200558924773,1158.040302215534,1155.9956403121898,1166.8009290320163,1154.7991061592168,679.7284991760255,694.2129585472825,682.2976196438259,616.9015249431922,623.6442027321483,615.3806882910773,131.50188818326083,131.85528383600018,132.62083927764715,7.820157579369391,7.795256396785847,7.8882037572037715,199.9120215562393,197.12409449219166,198.13335335416318,199.79039231833082,197.775702835881,197.94825698763157,131.17497908784168,129.00274050316938,130.0165956132748,131.02054008989913,130.08074034192413,130.1678103374143,5.079525061225315,5.169776134148882,6.238689480430225,2.2688436844901005,2.333859486165247,2.2634730578743354,6.271613333298956,6.2662825898149945,6.272070577543534,135.28423184623136,134.99666312655125,135.14612346646672,63.819055652080564,62.65315288272346,63.489927865280094,13.024991648273703,13.97703331593731,11.351085382596636,10.756620741622141,11.73084635454619,9.044152520695587,50.76152296822619,50.425967077714695,50.08262355377635,8.589979292208476e-08,8.59532205628543e-08,8.53862609195736e-08
N0233,0.5,morning,False,False,True,1183.2505667455557,1204.776061874748,1190.9178394266914,1042.5270150805138,1069.4161807288733,1045.2383952150483,1040.5952277547783,1067.8072723381606,1056.5820827914006,589.3332625676468,616.6873343944299,599.0022122516568,535.7135847811187,552.2289681130733,535.5108301659196,126.2690485236264,127.13621768519097,129.14473051067182,18.79312201792695,18.844222494325095,18.776327798054762,195.55444379259998,190.38649171074516,193.87428753397955,194.9291218534332,189.70670168658117,193.393824814559,127.30157484827677,122.09038449318717,125.30078415915894,128.5461335680044,124.15231622420164,126.25330116386313,12.781739926710157,12.931905910610357,15.630842073215865,5.709085810365708,5.733522318905136,5.646697780074345,15.041544385953223,14.98493875733736,15.088179716403381,129.3471143857078,129.2955955440415,128.5156893467335,57.24308633483247,56.00832191750979,57.6319114055078,32.754376372379454,35.0312681550445,28.50806389017341,26.98094060496353,29.24276218407639,22.73494461165556,36.85944366254293,37.35842617633652,37.52889691139164,8.222077303991765e-08,8.260636095179785e-08,8.17902518299953e-08
N0234,0.2,overnight,False,False,True,1299.564115021238,1311.1432430372784,1292.4468366901178,1153.2276086621391,1165.6207780840014,1158.953843456495,1151.1895380826677,1161.91653547208,1155.1216980173322,677.0608880024092,693.9830002625413,681.7758835720854,616.6828086989806,623.8487967896217,615.4418696501232,131.98968017982767,132.19051317397847,132.58206478472124,7.808436464278682,7.874071202561976,7.798613824431181,198.70928997370876,197.00458840746268,197.68857166168763,198.15659066551834,197.1823524122024,197.80157779482957,131.1532428694167,128.8840244554724,130.01328706946418,132.08380134668522,129.62494455965063,131.23241940490703,5.10859855214491,5.1689781648501185,6.236188338807732,2.26260465947587,2.332830905288198,2.2685871655486007,6.2487469455547355,6.256317284451498,6.262766010948484,135.65144544262645,134.83353774368913,135.659996346582,63.426496360085096,62.642149826690904,63.39231386666016,13.015980489596233,14.009802086226124,11.488224742528034,10.719253767866991,11.686693548145213,9.070482273315111,50.75433478716946,50.388358866930474,50.326565228301085,8.556735656807823e-08,8.62183605854323e-08,8.508832088498996e-08
N0235,1.0,peak,True,True,True,970.9489951348203,1030.833781530874,988.2222958584529,826.764329736984,887.5250249115917,847.7612970817236,827.3795714122515,883.9169888087939,852.5333882219293,407.1156481461393,468.48498915631177,422.8451622904322,369.40997547652404,411.0520755124885,366.78075773026876,118.2968190081518,117.91926928381696,122.68103116298857,36.665106789143834,36.886263267416766,36.49650868262627,185.2598480052127,173.00943756512703,179.25681097350528,188.9236654834191,178.6428887561,184.8365438765379,121.39625206814446,111.10950079603664,116.3020615615951,123.27637570354015,113.62697555669794,119.27675261065289,25.026106948340715,25.18180387669602,30.635731250947465,11.057820453632784,11.153199843746405,11.079245207582298,29.276929578072096,29.46755983607526,29.50691699773955,118.64268212666741,118.11454868270953,118.83740201510862,47.88450067549563,45.93917209715508,48.64047013911065,64.02196240382507,68.21117115424497,55.510829828205054,52.597536553916115,57.101695053274646,44.47053980407592,75.61063390758478,71.47888712024042,70.78327092657808,7.807768121751785e-08,7.876301934144896e-08,7.726853152772799e-08
N0236,0.75,afternoon,False,True,True,1074.1376856067338,1111.0372109377192,1090.2812876680782,933.3237437812895,966.0945545760762,947.6313469359122,936.6604657514553,970.1662794324135,950.8551347547277,495.9614058428245,538.8077429671891,507.4096346836681,449.8865138241023,478.1980932734375,449.26309888216264,121.48840605202467,121.94755872236085,125.6900496549119,27.813004983412014,27.66110992002048,27.75554246822496,189.21651657100233,179.43550906564337,185.42851000177097,191.01750086560082,183.64325151001051,188.90441232020765,123.93076893143065,116.31629247363281,119.97902111332256,125.79214849781205,118.65028864829245,121.86777922880887,18.84656689707797,18.97564717845201,23.21684812854234,8.37228517323129,8.484634330720734,8.407852814827093,22.341715511181892,22.40406868388418,22.371975886318335,123.86586181589409,122.74811372789932,123.69712237642932,51.77475064074132,50.114743962431454,52.31192702780425,48.56416999935829,51.67984453751615,42.0364610869991,40.071447320496105,43.19821472480675,33.58655602338737,45.318014741053105,46.072299611101215,45.99834485237956,8.048038266626817e-08,8.121215740645142e-08,7.981153550183623e-08
N0237,0.5,morning,False,False,True,1188.214282299564,1203.3908813323724,1191.612085417064,1041.3791423579812,1066.4594465462271,1050.9220946830712,1040.996730416253,1069.8310313453244,1050.0619067333653,591.2283487147436,617.541534034014,596.8018361838363,534.3955816773772,554.4559802585096,535.2032970159006,126.81511605011741,127.26001776262953,129.38954589192616,18.760375188722282,18.774606405124462,18.82677664449922,195.53851584283933,189.72908322896686,193.4165760123224,196.4208458632524,190.7027416850124,193.97796428004588,126.99737636817379,123.49184824152381,126.15727947835691,128.7399257277103,123.58400536360622,126.68043047763848,12.938521929372227,12.865161084864585,15.738240326146842,5.6842123692710915,5.776347909592054,5.7115824627750325,14.950760042619414,14.992076720202991,15.046823262912227,129.04964347926077,128.09448977845432,128.43350692645325,57.21590364605653,55.63109816263963,57.2197446597482,32.76965102300174,34.97617724001478,28.510695883891763,27.04848167002463,29.38675571855168,22.802578659349006,37.239940584981596,37.33691488713405,37.73600167055137,8.262709593809701e-08,8.324891740523299e-08,8.153629833674779e-08
N0238,0.2,overnight,False,False,True,1294.9468669947296,1309.018322208891,1296.511275341397,1148.9568808561692,1171.5730377916832,1156.2953456819052,1150.0331881860961,1160.9321016451263,1153.7849879424061,679.5788060025468,691.392854567706,683.7582817108176,613.5290257926036,625.2498468859266,615.675185838478,132.5943167464427,132.51986759259907,133.16412765617628,7.861372803677943,7.780788571750723,7.831729298303024,199.34607768166725,195.94056876024152,198.1592237859342,198.4121369664534,196.4393706102838,197.91757307302925,131.7050324109438,128.63722056760315,130.530551546537,131.8149789738641,129.63835977774127,130.9343666399403,5.091295338070665,5.154380424197215,6.254992744078887,2.257143083790884,2.32925476583293,2.2657540830173946,6.245423050961307,6.282150019934253,6.243123745333967,135.92563062967713,134.9387367749374,135.28990210474095,63.1757046224079,62.83954846698903,63.40642322674961,12.975084290653442,13.969455010979319,11.286600638672093,10.787554669051602,11.756384529629534,9.094385737496873,50.63664389794163,50.42766375693033,49.98306787141513,8.542548990550117e-08,8.608878580643083e-08,8.464572117175698e-08
N0239,1.0,peak,True,True,True,968.1095779501883,1023.0141913663131,993.9585809661164,829.213791910708,885.0793490685674,851.7542272460552,831.93254160192,886.3030894019066,849.0175078459453,409.49284677513026,466.18394136980464,425.3470689371112,369.7348756727761,411.00179164996143,367.7048133620994,117.96715704523221,117.327908707771,122.35303537983171,36.62698171780864,37.04743340077499,36.533321846712745,184.9807011394542,172.5647746850364,179.56235714240566,188.93637736362177,179.7066825347826,186.8538692899022,120.72863145955725,111.63583719276326,116.28755716458176,123.85651589635698,113.63831330039585,119.04126972007033,25.019700267665044,25.18818236420925,30.529845601413054,11.060319599767611,11.16754714037124,11.04932600450104,29.411486913607845,29.505548280859365,29.430701748225037,118.5016320077928,117.63511681497717,119.35958191779409,47.569479179552445,45.654566247266935,48.521558402442395,63.7799662314061,67.96210961560912,55.61828744588185,52.75390775125559,57.20361332367366,44.3282736040574,76.04928299701334,71.40614049051551,70.76613517670557,7.838585257813118e-08,7.884057296951197e-08,7.702328000244754e-08
N0240,0.75,afternoon,False,True,True,1074.8731121210833,1114.658063793718,1091.8168840706714,931.2314162710595,970.306614289574,951.9554533716855,929.6862379308743,973.6744133334109,950.1260418803048,496.68473574724044,541.4358326413342,511.11875954339126,447.58670305117516,478.8166435967619,449.81455017015026,122.25308985015512,122.35338793682743,125.88170160458577,27.836211354159783,27.701883434320482,27.542831580758204,189.3364494381914,180.92296632350786,184.31837655060906,190.89655343844473,183.70701221618717,189.16308251567472,123.56467906467716,116.0742236463191,119.8474093909201,125.87277702645095,118.17251515037538,122.3390119551646,18.886228932118623,19.06920429496066,23.28175297942827,8.384276330035,8.501993570294328,8.423678935144787,22.307915856400573,22.37941109957355,22.246215093457586,123.35139327912655,122.78831378865014,123.52031883685407,51.90266826015849,50.34773043384076,52.811812899559406,48.08657758749112,51.60087241462614,42.101752696680215,39.90166531101579,43.285818207623244,33.5464537758035,45.31110524060254,46.247235417816356,45.9249165777744,8.005890279652096e-08,8.107400458489315e-08,8.011656033667772e-08
N0241,1.0,peak,True,True,True,967.6511341390142,1022.042005465618,995.6432621672104,832.223693532301,880.9523660341772,852.4326357057812,831.5855884371612,876.8328665794731,855.031732726651,409.19894119430666,461.1847736973584,429.06315811995853,370.3480696393522,408.38335091595087,370.31565676448554,117.62687608393355,118.29291625013978,123.21824679011678,36.5904837015717,36.79817175993978,36.48527794892543,184.93721232925682,173.41427672580875,180.05701847181015,189.77022285135143,178.7808691079508,185.75947720455687,120.96618726640706,111.44327254621328,116.52303608102596,123.0048145533598,113.958792814883,119.38366355469579,24.95357149890076,25.28841237495511,30.445465683618618,11.055325152741455,11.112487290820567,11.185889183783452,29.603941209828232,29.616664555310756,29.424208890665202,118.66451432681956,118.65424516112924,119.3208979948572,47.54120360074474,45.5339422554236,48.61058290774785,63.82565696152001,68.53365768063354,55.7864452902573,52.9975230541386,57.31492039609886,44.46386261970438,76.29429976429073,78.49195158536952,77.54682618951728,7.79883711320453e-08,7.871169479155585e-08,7.804220514105601e-08
N0242,0.75,afternoon,False,True,True,1074.999305956633,1114.5466189588158,1088.623752099921,938.2736854840184,972.3675150345327,944.3003955047891,932.5951432657339,974.1292351122751,949.6649168579969,495.146244042846,536.0019479094905,509.1586455307045,448.6680932709284,476.64626886904944,449.63763513678174,121.32577621229846,122.19403547465663,125.36691847690787,27.703824641232597,27.75247111144164,27.613322347728896,189.09735464763628,180.2441185008028,185.64328115728912,191.3686993646216,182.7485816285079,189.62799746614613,123.8130141026109,116.69902735043668,120.2501275252167,126.05453782433585,118.71660490266517,122.44464694611504,18.836159613141678,18.952330403511112,23.070166038977586,8.396897280245692,8.505921325463,8.38006384323401,22.169636773657285,22.2557948152457,22.3451834933248,123.67881216755379,123.09826442135311,123.60044175264281,52.131391771702674,50.17245149951974,52.5680143908107,48.40473158511463,51.723826538883834,42.21657766443759,40.05302176118154,43.315546143583155,33.58000156396108,44.882554740158184,46.23789336766573,46.10183235069035,8.063568412652077e-08,8.116437958617475e-08,7.934004751696023e-08
N0243,1.0,peak,True,True,True,970.8514704346624,1022.4389950601342,996.2166093046146,827.0943828570165,879.3781168852717,852.5719669700288,831.629672187177,883.8615501826865,852.9655829973203,410.40505522978475,467.6996676394166,426.3151263493013,368.3944044201981,407.8449708842694,372.9842069277499,118.00241430308202,117.94244293392659,123.08679356449508,36.75210012604303,36.77528167139673,36.396616125074736,185.11657606091057,173.06332189242897,180.32417610527273,189.34956603437743,178.1418646096553,186.31368937306732,120.50728732083998,111.59748193012578,116.39693395647922,123.7368506466738,113.3660119162194,118.64574224479871,25.011658449748687,25.057219539790754,30.417139747146464,11.136597606732733,11.162103946697854,11.131065544797362,29.447765120457465,29.513244915211335,29.522809244782763,118.50785409065466,118.12849306385876,119.23867597056265,47.933595310232356,45.68045126979883,48.43380661180592,63.90806892937823,68.23678167673513,55.428221399985176,52.991690668336744,56.95004132778478,44.54414547619846,76.01372021105985,78.9382859320948,77.87408556776043,7.831057335213282e-08,7.901118981590943e-08,7.706382661208436e-08
N0244,1.0,peak,True,True,True,971.0363315642429,1020.2902709919645,995.4979823810845,826.3014146526856,875.376344014667,856.307232649928,831.153267685641,879.0869423857102,857.936569694083,407.42716937396614,462.0252871237398,427.0431824821199,369.7372901836366,404.9887959098316,371.7191779524792,117.59288273363406,119.30397996513746,122.54125702202212,36.62519445517366,36.65278259732516,36.531155485568945,184.93361713227182,173.38551315393764,178.8658565692907,188.88566459181953,179.60635940681559,184.05953758947084,120.78508632265074,112.22641229063582,116.50517937286862,123.04489159746205,113.92402260133342,119.11965997272941,24.99887637142075,25.09005442829784,30.625804387387447,11.09159937425083,11.195625744325866,11.064857770811015,29.587636831935892,29.5110323363756,29.5035177433335,118.38098203704854,118.68704317958719,118.97926618525707,47.54687264589085,45.96641021825082,48.678945242275226,64.19587187685167,67.89484944093296,55.88020347199456,52.68894926568798,56.74722809459066,44.52490201835117,76.08898131319336,78.88699872758787,78.0969277677816,7.797338494184237e-08,7.897188338647762e-08,7.692026338944372e-08
N0245,0.75,afternoon,False,True,True,1068.843234574973,1118.4702509973595,1089.955493305315,928.5432469963712,972.7632858860795,948.9647558575011,930.8795256790793,971.2094789153398,950.2868590182239,498.76082486374094,540.5991779770322,508.4822520036917,450.3265432540113,480.27075939318166,450.612507793726,121.99305139954059,122.49465932761795,125.79260771981647,27.841128097093122,27.903149436619465,27.6382386824541,188.7690734692959,180.0727899209926,185.66989447727804,191.56938683075052,184.2458730315823,190.1792930258094,123.94304123339842,116.70744017699012,119.32159282749477,125.67283517436894,118.238832146123,122.16888875024215,18.961158251357624,18.984768175601353,23.103039610608555,8.385683946685223,8.512956972999065,8.413475517166837,22.34388649615778,22.232881421354065,22.40994081678725,122.76660487246828,123.01116334047265,123.39774659476578,52.334143542790926,50.30419436026971,52.418764658785456,48.51409122169357,51.65784426301999,41.93577573982464,40.04659941547052,43.12860610093125,33.751140219955374,45.068715940143555,46.45262288136849,45.919855794314174,8.069270446321393e-08,8.126343073840596e-08,7.985835517734911e-08
N0246,0.5,morning,False,False,True,1183.4807668399674,1208.0719733998158,1194.3634509620983,1039.0877524693706,1072.3361885293111,1054.7696596525054,1042.4179961563145,1069.477999912434,1057.6401012687509,588.9948357041706,617.9367301241452,598.2135431842862,537.6973748672846,554.1014066616572,536.4702889947733,126.41209621207298,126.55083054915725,129.55005162346154,18.75358258220902,18.714871767574813,18.720075563372294,195.3477445456623,189.922462199039,194.00329655836597,195.97359919479842,190.67159128624775,192.81729861120095,127.99805587528435,122.67616739365468,124.6986244899238,128.94874291184405,123.66771352161564,126.45631687132075,12.797998018085208,12.886251613243765,15.638112031249339,5.676782752790223,5.754099855188726,5.673771926043711,14.934073103722923,15.065222852107757,15.04030387589412,129.08690872595207,128.81409172145527,128.05814490940918,57.37714197629059,56.03136563913689,57.33078697102958,32.67406664591634,35.13773053378776,28.419065918383136,27.09598437530136,29.280603855195455,22.72888447309696,37.03069480978545,37.34782547292575,37.67424600473488,8.240749120381803e-08,8.277217811182252e-08,8.173354419538348e-08
N0247,1.0,peak,True,True,True,971.2130099998374,1018.8249909606302,1001.8818449582436,834.2840148265383,878.8920271628652,855.0674909613679,825.9993417423954,879.116405231467,855.5309708782116,409.91754071754326,463.54439810502146,429.63070861697634,368.0405259259495,407.58155296972564,370.10187999649037,117.7873143409677,118.56149606927782,122.85171183140555,36.77832691439514,36.83203370731422,36.784870677358924,184.90144768734632,173.58568855793922,180.08645869441074,189.99705434962408,179.36846925015507,186.2787695884496,121.10047762253376,111.19642596744859,116.47848613698017,122.95910039869686,114.30550864178296,119.84693838673799,24.961828717063074,25.09546097579361,30.469988179523455,11.08192444725314,11.225625148620072,11.112799785994893,29.274871532087793,29.52200334866978,29.468596939893484,119.04897674470588,118.60314895581499,118.66407520150462,47.4811950398643,45.65766134234469,48.726610144658096,63.82195642818453,68.33691022347948,55.703630661257115,52.84866000130719,57.23214299270094,44.325124078808116,76.1333196267008,78.63481655818005,77.20024603441864,7.78522903456321e-08,7.911738442757475e-08,7.71867165873298e-08
N0248,0.5,morning,False,False,True,1185.2584932030911,1210.193941331108,1198.6513775564042,1044.7712780167976,1062.3929652470922,1051.9284241683486,1043.9849471190905,1067.3591321222862,1052.2593398841316,592.3866632297353,617.5139490172803,595.9040255367108,535.6057350716842,555.2163169824485,535.4105389539054,126.10990293755853,127.05597665144488,128.86647369120686,18.85582026961545,18.930001126141896,18.73304456669508,195.32082103289633,190.23281149000547,193.60765026971978,196.00984873263292,191.13539226133614,193.21094901909103,127.09217923939838,122.8277036557381,124.3748104000605,128.22128838076188,123.48042253250983,126.09471553449559,12.763905151499243,12.8845456833396,15.614655455565812,5.660099276403958,5.745284797790106,5.666931866430048,15.01107716911175,15.05758095460943,14.998286506731938,128.69339275198814,128.96867467680758,129.30808966383705,57.19439397616483,55.78296156404163,57.178694005474604,32.611757339168115,34.971712548189615,28.49912298905696,27.092044419410954,29.34863861533837,22.66976175154431,37.14835512969364,37.51487082650909,37.656269638123305,8.201953543584188e-08,8.321179231048824e-08,8.204978227361996e-08
N0249,1.0,peak,True,True,True,970.4872329756439,1024.2103743183075,999.0005575894019,826.4777273525758,882.7481034485788,851.7862918511958,825.8180271478063,878.5426445831073,856.6657799127844,411.1863310211251,463.9253608403252,427.1021902591852,368.98614794782094,406.0766750760739,370.72628502868287,117.64643845766439,118.47281737347284,122.86890760546531,36.639846307351746,36.91866967601505,36.615667771172916,185.28400890897018,173.54016162202697,180.40310893085896,189.13306481241796,179.65128873241366,184.73069668154673,120.61851882753434,112.10065474753091,116.03062640627591,123.60908991746273,115.3157973234634,119.2562763177567,25.006542722942456,25.093245266953396,30.5393562765131,11.110373025019708,11.106061465280982,11.094898188889488,29.354878673609562,29.511887935747406,29.519169209999806,118.33111137542814,117.51840171061666,119.5605667464843,47.962719414010195,45.74721548774387,48.560696402718555,63.802239662853204,68.40163281613644,55.639058150387676,52.70595823373861,56.95537209666414,44.27684200798392,76.28586267741223,78.80570408897461,77.95569523086837,7.776549809206765e-08,7.870533363691359e-08,7.709611042053293e-08
N0250,0.5,morning,False,False,True,1180.483036243577,1202.6290429969538,1192.8717973121227,1043.9119516118124,1062.9172708453032,1050.967490793005,1037.5978327999048,1064.288649346378,1050.0381000106986,589.3698588858512,618.9938344693828,598.8818320608972,534.6574707468418,555.0005858298479,536.2696527320066,126.90044699672796,126.43178667874872,129.58172094661106,18.769583551496144,18.66988495219775,18.858271574356596,195.179187409711,190.86472144233093,193.62015540728905,195.26623976877727,190.11689021943107,193.79360081898608,127.44637448660248,122.28014761575801,124.74500441978427,129.17134384599638,124.2966315745747,126.94247330250217,12.77843792420228,12.877326723718351,15.64070500664284,5.667171595045693,5.7360923164830835,5.683737109456893,15.053087199248232,15.015836968772494,14.958976401369961,128.64348612362764,129.25097671718905,129.001412446117,57.13400335903153,55.79508076234525,57.03956036664712,32.83359161748822,34.96631575489026,28.57848042228744,27.211689661708895,29.29103468907072,22.776486269785586,37.229066753449615,37.533101130050134,37.760431725045144,8.231212395809068e-08,8.300807220319849e-08,8.152458246831806e-08
N0251,0.2,overnight,False,False,True,1294.528123439532,1307.8671060892352,1293.5831864355087,1156.3821208127017,1169.4534262693937,1157.4817445750334,1149.9578997688916,1166.2876371663174,1158.4358054185348,681.294680546165,697.3673399956624,683.4791726454795,617.0441547311223,626.5014330541595,614.7819579880169,131.65448459514664,131.63981486651602,132.53128071943308,7.816870225984847,7.818055471304076,7.835944086405471,198.23442777232188,197.3885973822268,197.49464594736094,198.67015006202294,197.0015656960022,197.90866881678454,131.54129617815926,129.64755406418104,129.87223020161733,131.75635702572913,129.59081164975422,131.05960491662213,5.084394024140242,5.142283863365884,6.292931438151658,2.2602049957432753,2.3324948134136734,2.252846704614787,6.283104420146421,6.272119536815505,6.227650078750449,135.35614930191227,135.60149917834423,135.15064048333934,63.1084622817754,62.44962401336344,63.39951467458225,13.017391686412513,13.931049569054853,11.356355551161718,10.766784273349408,11.78230048227877,9.079344155348476,50.474228344315705,50.29360402790708,50.295025223071995,8.563651114912611e-08,8.669547912373391e-08,8.500928591794442e-08
N0252,0.2,overnight,False,False,True,1302.5314318143298,1302.760758162894,1301.4294217483791,1156.2135694187195,1161.7719396394136,1158.1549335123639,1153.3774064490754,1168.3708459287268,1157.9579868132193,675.5550160532955,690.4154662170088,681.0906893368357,617.1360446868666,626.6630815915657,615.0831654259105,131.2824897497599,132.44395452774214,132.9360831875869,7.819984937803497,7.80731565840445,7.830025618903464,197.99863568853291,196.1352368266968,197.8308927858346,199.81163009207526,196.7839137844438,197.81477082952273,131.05881524277876,128.9711453852786,130.29692632635053,131.99206854842123,130.27495987927733,131.41491359253197,5.103203767745008,5.161613970452385,6.254869146232287,2.265340324476546,2.322957972932211,2.2759422053123473,6.288254672668693,6.311091544787525,6.266379313035131,135.7234920189349,135.33195229211108,134.6179159769985,63.60374664628258,63.096487846251726,63.388400859867495,12.932124160451076,14.013897894062769,11.33302173915454,10.86169491813742,11.717393821891621,9.094292803621311,50.26310962453616,50.24252603752124,50.55408472392747,8.582184163322082e-08,8.62015906717537e-08,8.511936041446617e-08
N0253,0.5,morning,False,False,True,1184.7891311526287,1199.7836400151955,1196.864955119541,1044.3747531726208,1065.6605593362817,1054.9945032717872,1041.2299297292527,1063.9307811171539,1050.245089517037,587.8346065703851,617.0739454853959,599.9379763498725,534.3194685291247,554.6696551577141,539.4147771886262,126.4896399942468,127.4225994494299,129.07728185573572,18.67241478628561,18.887740121920356,18.795411709589864,196.65914978277036,190.65963890415503,194.031320038062,193.9652039379324,191.3628948093522,192.55414108391835,127.25051061364005,122.54122038036738,125.16360155437081,129.07918248026766,123.9841790018733,126.29161555589852,12.738197514553018,12.873429494054246,15.67222220246679,5.661321958035279,5.737512387532894,5.704698348461337,15.032882347397761,15.043651117312997,14.99521015139331,129.16445211944037,128.46818869733153,128.8227920348462,57.10634668443296,55.75616457869492,57.17713832848941,32.71605687089836,35.13963545527575,28.59558083090456,27.10501534666118,29.35999763088662,22.844829079320455,37.090056383705516,37.140419134549596,37.6470253383889,8.219371620657147e-08,8.285799704501508e-08,8.165914338673538e-08
N0254,0.75,afternoon,False,True,True,1080.1906977258752,1111.1226372252918,1091.9864752168776,931.0983127952613,969.7977861973873,945.3837453860885,925.3154698175215,969.9273701591694,941.1037896765715,494.42297146998067,539.8853934216112,508.0015913541267,450.73385088623195,480.85080670740007,448.81465404579865,121.69138110886111,121.48623253861813,125.48421122357729,27.560027246128797,27.80638824254396,27.68153941713678,190.29374987470655,180.76052640990605,185.6389428624135,191.95528240293177,183.8375975590569,188.15330127451605,123.51166054380968,115.84950302446222,120.59687183018656,125.67834461619631,118.25834006727494,121.43310616807238,18.931530731114737,19.088149288254392,23.08487379703675,8.411910737145885,8.44170402752327,8.40026871551834,22.27375241943474,22.20248654490739,22.216378847555738,123.40210952877047,122.13243624674755,122.9411943869998,51.96014254994694,50.401702580156176,52.210784976823355,48.32543867797848,51.58638862806107,42.02830558726154,40.17442424167507,43.351414324059334,33.73465894506117,45.242535629309444,46.11453963603173,46.166288057236436,8.042210406868938e-08,8.098747792513928e-08,7.97015126445854e-08
N0255,0.5,morning,False,False,True,1181.8540786168853,1209.4832572539285,1195.627127166233,1037.1452520065568,1064.7421462689235,1054.5360135378248,1049.6924261959173,1061.4851646587044,1056.0447660456273,586.9137647396271,621.4010828332727,595.1553516724156,532.8429189507723,552.6131845402798,535.8525514065549,126.59239207362936,126.93689095453747,129.03274713257622,18.724771755775464,18.69345033779304,18.676262169321852,195.79124359933334,191.34282839953687,193.72366659536294,196.10315896620145,191.05938943820712,194.75651015930137,127.86099719375827,122.0904204117551,125.11461751879112,128.81612148103332,123.06420615215052,125.72999089814414,12.805468741227115,12.872301364181368,15.684335156094054,5.663530652765358,5.729013150347541,5.695098291316042,15.001659103994701,14.99861704019195,15.080644537502952,128.65149275586177,128.50718553116124,129.36875762069704,57.00098713295771,55.65900773632156,57.41422090978399,32.77937046325471,34.98212402114934,28.570559842324172,27.10946328801073,29.415711879727887,22.89049677274175,37.28956220587433,37.481918292729866,37.82887274194214,8.24061288994752e-08,8.304351636202523e-08,8.154318167906986e-08
N0256,1.0,peak,True,True,True,971.2810406600238,1025.3701539059425,995.2036336219363,829.979394208579,878.560008431466,856.6838767971294,832.0438706264875,881.9977363742964,851.7620335699305,408.2339587478891,463.21683159337994,429.76283984407996,369.6590238780179,408.8122398010508,370.13692641561215,117.97213010841642,118.62516970733499,123.19436250419204,36.74243855231688,36.87727102703024,36.77124965987196,183.5454264890382,172.6319751877084,180.10962647347748,189.3541008935451,179.08347545510034,185.13611769761394,121.46465510695252,111.76240894297378,116.17927635470738,123.47983534637277,113.67258139689976,118.63117479567983,25.0071626323839,24.948247858415975,30.54274366116931,11.0633411812569,11.13171136578576,11.153941649332104,29.45681042764322,29.42025788221069,29.38396141812658,118.70819025660688,117.83447210115716,118.47238078795998,47.44499327834768,45.886456710013334,48.46545129262633,63.831602207896985,68.27656943328066,55.350209352345495,52.817574318679775,56.99967418342175,44.33366144756404,76.54113820067786,78.99397965385658,77.62222127380078,7.790969243903892e-08,7.898225961783025e-08,7.718103719854202e-08
N0257,0.5,morning,False,False,True,1181.2835253399478,1212.0336643706366,1184.9211185467109,1044.6464439392298,1067.5316357233828,1050.8752742922047,1038.0866885511136,1069.4161456558368,1053.2834388208241,589.1565343032009,621.1480357339104,595.714473764285,538.4558628419454,555.5817112090099,533.9166104426492,126.25965102499643,126.2947932535551,129.3673223608679,18.770453273485415,18.726001637145718,18.733542997871883,195.43066077398376,191.20057529836427,194.54479283637798,195.97255666190026,190.7084281008774,193.86889139819414,127.81533008374893,122.700536773143,124.91512568901584,129.47235212284625,123.89234742838276,126.19713151998823,12.789053676135794,12.880276358118223,15.7853087256797,5.65080947587713,5.7298594530788565,5.666835595963169,15.08759451290358,14.986850713178498,15.099403953212809,129.04057082194177,128.9667378728702,128.88276749000624,56.643605146277416,55.995745004198554,57.65194788401957,32.693782960160895,34.91293428173004,28.49220578894527,26.94191574252086,29.3770474749238,22.852385965480607,36.95247517356206,37.49152307363369,37.891780763969884,8.238442266798478e-08,8.248723573658056e-08,8.216887968498159e-08
N0258,0.5,morning,False,False,True,1182.4769318751507,1218.1259792327273,1191.7423148793193,1037.2871952140702,1071.075622370598,1045.986536637805,1034.8799965917133,1069.6747534326553,1052.042852187041,587.0214674583129,619.5533491538847,600.4640524039238,532.4044833646616,555.908182014215,535.6005096479677,126.71796441770415,125.90547594774627,129.3370644621511,18.6700437997133,18.91249951583756,18.698209857849754,197.04611166648613,191.1331107194703,193.22726812411332,194.9236608801743,189.9839528158244,192.3194676465306,127.26644036536752,122.70531647783324,125.0676870582827,128.91975499419962,123.2538748113201,126.72061240620424,12.775439772919238,12.82158512968033,15.646801258418451,5.70591852553325,5.7732278433343875,5.687299579119963,15.101034852402687,15.106255209256338,15.025753727929898,128.91014407225308,128.3261589719639,128.6747621276705,56.90219289241992,55.529944486231734,57.23859191085477,32.75046675342703,34.99486625617065,28.49527803751083,26.983593014263302,29.326298569564564,22.889898461198467,37.17710266848662,37.43364964906088,37.69568320435462,8.238221350951087e-08,8.311651101208262e-08,8.207611286478965e-08
N0259,0.5,morning,False,False,True,1180.5130304269373,1202.4129476860608,1192.7118953683648,1037.861996422981,1066.3250933756067,1057.743475537625,1046.0938274428559,1076.2772770156507,1054.4837764019217,587.2698901178268,615.4926054360074,598.4503911035852,537.2614501562953,558.7270126533127,535.2604782493961,126.35131601200585,127.07305127839547,129.16581131302115,18.791715073953846,18.813849515428867,18.691512798481718,195.72059140513292,190.0396817572097,193.55046673001198,195.35509895850402,190.6588994370758,193.36691977012774,127.68317878429913,122.90942896405647,125.10956935075282,128.25529621166004,122.93834923409446,126.36364902527237,12.791146714178476,12.87936327976652,15.535385745096404,5.690399667158358,5.751405878366428,5.6850371345660005,15.063310160612707,15.044550215427034,15.036935262605013,128.6921574220541,129.13115767056692,128.65780521844553,57.59093949396128,56.041227891256604,57.40093131897628,32.412735117254805,34.8795832127543,28.574561644300378,27.13261360976404,29.195617181023167,22.796812486044693,37.180036136402144,37.35365867427714,37.57767788272673,8.229034046530869e-08,8.27894092348172e-08,8.188570851739936e-08
N0260,0.75,afternoon,False,True,True,1069.5757547235585,1113.6957807714757,1087.1528709225347,929.3077608890736,971.3423948387059,948.187153536944,933.48759322462,971.9462030400216,951.528102438099,495.3611009542502,540.0871736458191,512.0218632539375,451.7501337932983,478.8795426664373,451.42310584628467,121.31360463531956,122.23477812854897,125.0660203185819,27.865638443421187,27.692429513879908,27.7223854088147,189.2472684934498,180.97879036273548,185.13743456537284,192.2470786593065,183.68376755055897,188.9537750489496,123.60733880152293,116.32806698292147,119.83375317510888,125.65016096878743,118.35650260281375,122.26147366117897,18.85816224314463,18.96270424483459,23.09059129941339,8.453940966183687,8.446139146567452,8.40281058717672,22.180754334665092,22.38825335984425,22.188339979619638,123.69128558014357,122.80238672871414,123.8651572570498,51.9592847572454,50.211493751294064,52.24232930173411,48.25307088317167,51.811034998711946,42.09305558675716,40.18739991335258,43.35145898645672,33.84411614321102,45.19053836852945,46.406422291444045,46.15183515300495,8.05117657618069e-08,8.131597208426828e-08,7.94242823884143e-08
N0261,0.2,overnight,False,False,True,1288.4710535523213,1306.8467360421876,1301.860083576966,1156.0137735923415,1157.2444773153557,1159.7233593489784,1155.0945735279197,1160.6662021482189,1158.7461473419746,681.9264409734868,688.841142771465,679.3107656778666,615.5048716064668,625.5797374958757,616.6647923786239,131.82842390815526,131.83089374419558,133.15451576355716,7.8030773184558315,7.495324989479274,7.685201714627475,199.15562075965966,196.10652838821508,196.75617320142277,198.16778970667815,196.6745070696598,199.37678048383793,130.9473456405081,129.139723026426,129.85682388401545,131.95902626205515,129.96070660908066,131.594668131903,5.072854292969195,5.130205178073926,6.246564724837753,2.2591931654107062,2.336144719909057,2.2536677443551927,6.265397366228915,6.289926357920696,6.239055967998453,135.61511593063935,134.80106254741696,135.62510833414356,63.446566731450346,62.43847423766504,63.39966584910073,13.029467765981943,13.985069962472075,11.358147091255702,10.820676704243974,11.700144422755175,9.103908027492501,50.574952848945266,50.50440817097723,50.605846892133364,8.604327552180654e-08,8.611924016955681e-08,8.498765779260233e-08
N0262,1.0,peak,True,True,True,966.0435482854906,1024.8584888741943,988.549112373815,828.8347727693389,886.311757863716,848.9405479170517,832.8180941042406,887.8103769789492,850.643767837769,411.65491436487866,468.86615495164966,422.38637578956144,370.97693690365867,413.7075818256011,367.546705693429,117.93393025956978,117.4927963770619,122.52656394226554,36.76809016100429,36.711338146906485,36.63608039195817,185.14569174731758,173.5066275890471,179.15763937403645,189.5280400795812,178.8880001620898,185.43958259155033,120.84399991115238,111.52437860195039,116.61832674572373,123.48012429684567,114.38407529902706,118.62528105558182,24.958501882574943,25.15686583663814,30.39647321660335,11.148778281403105,11.14589751759645,11.15110485968905,29.44814482326543,29.742103412728266,29.303515284531283,118.85273326417952,118.327565525827,118.45208957347774,47.62405110879914,46.003072647712365,48.3272970058215,63.82172672900863,68.4246192615116,55.35411115932789,52.78103017436965,57.30536514136034,44.44987713072546,76.19091739748004,71.50375151272215,71.11298324556601,7.817926150703385e-08,7.97143922924514e-08,7.769144040101887e-08
N0263,1.0,peak,True,True,True,965.8270290146438,1026.4493454987842,998.2974407404433,831.9761507698245,884.6810651375969,850.6386593023856,828.5786635673736,884.5808268014894,849.0034316446051,410.05913730428455,466.8148860300696,423.1319835474914,369.9445642145833,411.95277841645,366.00081467010943,117.74625295969058,117.96725313613904,122.95014793239137,36.52534669387268,36.65187000071743,36.58814414123247,184.63712479545694,172.60323876403618,178.620657008775,188.78325988293454,178.4835327229122,185.59863558247915,120.95673961569666,110.66262913753481,116.29103916976513,123.14897205984084,113.84363624471277,118.77333081310273,24.97538699011938,25.171687439472482,30.59484943879294,11.100127095110874,11.183531387308168,11.080147955029647,29.431503247881533,29.646474989255214,29.608351033363036,118.84394016268438,118.08338353697472,118.72838957076506,47.81473054309726,45.5974113622169,48.18661128648128,63.92011967034015,68.15489748285664,55.63337002626954,52.91394136713684,57.20251940782458,44.42134240108981,75.6891907573556,71.42419452632963,70.5205628458045,7.794631587484888e-08,7.954880368044876e-08,7.74250358230713e-08
N0264,0.75,afternoon,False,True,True,1077.39960086409,1110.7636918807536,1088.6841816724468,933.6770448224437,973.1053789137853,945.3265423343273,934.4677659856596,975.6104119367717,948.0391482690261,494.8731890087865,536.5225197441154,510.219800810323,449.74891682298966,481.15915618607886,450.1453822932316,121.64286640664277,122.12737310197356,125.53411801361483,27.884207154188942,27.869867636456515,27.642475796820005,188.45782296988523,180.83546237100526,184.62404271773002,191.38456819903166,183.99159518339567,188.60393495639175,122.669494570925,116.5410410955188,120.56982845522265,125.64220190226955,118.67525324404711,122.3012905149471,18.877657010294346,19.06160636811438,23.04082227330078,8.42107758439924,8.470658938671932,8.424439975164013,22.27363874383955,22.28924838087715,22.325384734620457,122.99827565903736,122.89699515101971,123.85081315539324,52.2411871465654,50.07958399792596,52.339501422764585,48.49422124281263,51.643034868012975,42.12034470984624,40.15766925442411,43.223612234514434,33.725277485869704,45.09425145384867,46.19508647096836,45.99666944250508,8.004159037272392e-08,8.124074503128758e-08,7.910067009542667e-08
N0265,0.75,afternoon,False,True,True,1065.4543483142581,1111.3935359967331,1091.5509309992074,932.7693447280444,966.9216741514341,949.3134108901555,932.4921715261632,974.9469424375628,953.1645090007869,496.222593199336,539.4962217224665,508.57528603485935,450.6747167851111,478.81540394112676,448.9980332303892,121.50036227122285,122.59437713880679,125.35446393859847,27.60742929578642,27.695140132579116,27.671721677992124,188.9920875867542,178.84622010232982,183.8973549994671,191.89079362936903,183.9358091451941,188.9241906475543,123.56988531877391,116.40972513097293,119.89897268950847,125.88828458905057,118.38732594504219,122.37062864850876,18.884428251712563,19.015657653378106,22.99736308591108,8.375194813373746,8.460632911562488,8.38996212014888,22.250868981572406,22.189486488717243,22.210509726340145,123.23444902612718,122.44705407615963,123.23883938635322,51.896426863194854,50.130720151334934,52.360768981018644,48.2313928960122,51.59707620652537,42.092502603573955,40.040003373528926,43.27602738378187,33.59887501033402,44.879731037163026,46.178075413321146,45.68842959071872,8.042840413062671e-08,8.115015103238151e-08,7.973456984452972e-08
N0266,0.75,afternoon,False,True,True,1072.2752701091686,1106.5979951008012,1090.0233786163049,932.7459249207124,970.8155268186185,948.923741406441,930.7843188294734,976.6959873487422,949.5042945596978,493.9296928854506,539.2374625329168,512.0273291592557,451.3268749217229,480.80324977643744,448.92750323052024,122.0232680203578,122.07982887097445,125.44914792302478,27.70456739589984,27.922994615622393,27.775848911289714,188.1660626654174,180.41429049190106,185.32790074742428,191.20756417342005,184.13026130124797,188.1926618874355,123.24250542808647,116.20860466191704,119.7982693544145,125.6312721181519,118.99167279016474,122.27521264482958,18.925976872592283,19.0680058683911,23.04404003196402,8.40110767333819,8.453755645705648,8.401801082769767,22.329500570738897,22.21296622925483,22.175506791085454,123.45576541225516,122.55478011777556,123.5613396551513,51.95272831984633,49.92421966223993,52.51404196763195,48.52800957017833,51.34029563444247,42.20004260198017,40.24491101228799,43.3107050174543,33.73305145457554,45.15450282654495,46.36278378006208,45.97927934893717,8.116547833553418e-08,8.166850252300173e-08,7.999152818176458e-08
N0267,0.5,morning,False,False,True,1173.1267469856123,1210.1048561653308,1199.194549573585,1039.0086542179627,1073.947976371585,1050.9415806774525,1039.2447210632736,1069.906847595489,1049.4834564718699,588.1088640970196,617.8805714395608,595.7171405843566,537.625637224646,555.9445442218,532.8996611943663,126.56337256963306,125.95657893987877,128.85135960990306,18.826457396693513,18.793200687849488,18.761529267578545,195.32087060949746,190.65038997983106,193.2234065869957,195.33030165744609,190.71809895527548,193.46939555569804,127.47928278581769,122.50141405155064,124.88076884542697,129.57338785361998,122.94588420621035,126.34437401753203,12.772167183969207,12.909162495661011,15.680441596676904,5.672140702338635,5.752342111441672,5.6866613588981165,15.01669032324688,15.055924766333694,15.070948723532375,129.2845962773025,128.9728117809056,129.2786054552606,56.88693955037464,55.563153378126096,57.19762885898386,32.80820339672842,34.829535599637936,28.391981142484457,27.156026073157363,29.273663250304935,22.665114953635,36.97036197992799,37.290575099222686,37.90390572995764,8.249072885264606e-08,8.303917960543017e-08,8.177440839771983e-08
N0268,1.0,peak,True,True,True,971.4539799677383,1014.5218996285022,991.2189121972581,829.6119045467665,883.4826666605437,851.7236718773901,829.6059238034184,883.041929231773,850.2890723617176,408.6973354822971,461.76852186185033,427.56307521808424,369.22914938151735,407.36671853833127,371.8956458676224,117.46996536234589,118.8442607875437,122.69932663358792,36.825195334236405,36.80145395629249,36.62075258877327,185.48576686947172,173.80646002435174,180.1013518225044,190.33305531835322,178.46102297519968,185.0494773250089,121.24837947388451,111.90992507191193,116.0344945649688,123.561997077298,113.87728301584626,119.04337914237516,24.941396834280777,24.930484081905615,30.58017949798371,11.050145816652144,11.165449956923915,11.086709388512828,29.46348426605329,29.63765826122436,29.47909200694216,118.45711121964962,118.52130476085591,118.97171976418718,47.838668297244425,45.8509242329199,48.84625327263513,63.58835284696505,68.2975658174115,55.56765827799252,52.63749337517093,56.92125937773832,44.3763077271782,75.69770344723592,78.84197389666159,77.68220573408401,7.815646497072896e-08,7.876033502901098e-08,7.69459144040561e-08
N0269,0.2,overnight,False,False,True,1283.9654175708654,1308.1685095608275,1298.774720554864,1154.5300005527897,1165.337259909286,1160.2626299382491,1149.5938014114156,1175.6190110809362,1155.976849296602,676.5567936029173,689.7538806922971,678.8658167147503,619.0712288877963,627.7424970618986,618.4884879468957,131.54915450377,131.53779998786632,133.10894195632633,7.798862285051725,7.5268848430767825,7.670794604582068,199.74868282279422,196.62152941794426,197.84560012101082,199.977704095133,197.8715854090708,196.76530023707127,130.98778618648876,128.97401086006585,130.70488756303354,131.7239869896391,129.94965510405413,130.4374166728873,5.096552707001986,5.1603754514269005,6.219334790922415,2.266912552540473,2.31815086796508,2.2661338069943335,6.27953235998386,6.308467316583872,6.237961987529868,135.72096079724295,135.5900859386089,134.5475692128982,63.60552240523547,62.756531501176596,63.42371179214691,13.027575867939415,13.943782320486054,11.291129708316998,10.802508970187555,11.742873111786437,9.04483636916087,50.37138584400683,50.19026533060512,50.257086684244626,8.576012771177955e-08,8.626332521713463e-08,8.47878052901262e-08
N0270,0.2,overnight,False,False,True,1295.6907978443542,1299.9756502826203,1307.8576276721594,1149.8469654738035,1167.3970478849371,1161.1315811089282,1159.064040750766,1167.5622533650946,1157.6586967402661,678.6333910869197,690.4245259250822,686.0839533075153,617.1281371409972,623.9223799738479,614.0353934019408,132.0786900744246,131.839414568163,132.30330467263616,7.792177695917336,7.5165975070003155,7.6902646306912334,198.18753028373172,196.72265764027193,197.5959335277154,198.407012155203,196.59459458671768,198.48664379026704,131.43820938751819,129.43204845596955,129.50519232446248,131.38807096334548,130.0806699315007,130.9416861461944,5.084965202422966,5.127965044266504,6.252758127826068,2.2622520068439713,2.3214880438167844,2.2520097168784416,6.279554010473322,6.287639588500766,6.224085802910716,135.4001176237378,134.31001747764844,135.38079429593117,63.295759602817206,62.958924731139604,63.44122421964178,13.004044379218717,13.934527689580982,11.335758515917592,10.777926816715924,11.7880945915421,9.124323088833972,50.42864531291928,50.594591864735925,50.807620815871466,8.54550553695044e-08,8.5712502927296e-08,8.48518083987004e-08
N0271,0.5,morning,False,False,True,1182.8322254349778,1206.3569447808886,1192.8162991063216,1044.5893740285194,1068.570666748055,1050.7772782908498,1042.4907257236757,1069.7660032129509,1053.5038349034953,585.1443305730451,620.4481907076994,594.9451914846009,533.2958350346498,556.4877204574823,533.6356418835412,126.98255200453447,127.07165063830249,128.70538839373972,18.77392143670856,18.76215974482752,18.771387072773457,194.48111992615603,190.07532772699238,194.41943305184057,195.45326382438634,190.27300220006592,193.24635128826668,127.6831354505595,123.47314784472101,125.39329453271309,128.51747953930686,123.71474984785516,126.58856109342983,12.78577738617875,12.826633890318279,15.732747827482987,5.669478707644604,5.722538768118499,5.671154140437099,14.969482994662242,15.09034726920726,14.926210377193247,128.88101782375838,128.4712926167099,128.83291756808924,57.21846890399707,55.67443056079077,57.43168309703624,32.82321864551902,35.19068640980783,28.59439380292681,27.204265946256008,29.193884621382125,22.721234000908996,37.09157071217052,37.18738615868293,37.88414876276128,8.306677727986195e-08,8.33321938409898e-08,8.153030813114113e-08
N0272,0.75,afternoon,False,True,True,1072.958538668522,1117.8149609979112,1092.9694664957815,930.3972115789134,974.5445221142393,950.904346017737,935.3647443666819,969.2889632306756,953.407280688764,495.7959943418248,538.7679673025673,508.3910633790414,448.56521933115454,480.3057988512116,450.17762204467334,122.265084903005,122.10232681726602,125.33120868600133,27.77470142872203,27.67828645460401,27.733850835586285,188.82109255832222,179.94428190884602,184.0917779799444,192.7461856209486,183.0406172035922,188.35831657926926,123.91613366755092,116.20509504266582,120.74187738471377,126.35654968314063,118.13970033482492,121.88578653832043,18.922015733694217,18.95871140899238,23.219149947230836,8.411564935718886,8.438084351504374,8.409266575061098,22.216625842848558,22.318062495316287,22.278955215154234,123.31773751610478,122.278271388081,123.26224862380316,52.287989099597944,50.5080258858174,52.71401490610332,48.06618058182101,51.4435109044625,42.104811872244156,39.934487509563745,43.38760480480735,33.56279725146689,45.09512928852972,46.42761405738652,45.93882741846354,7.976498998778891e-08,8.153384033235657e-08,7.97754899393919e-08
N0273,0.75,afternoon,False,True,True,1071.172035219581,1114.808872033033,1092.878681980031,933.7383208129115,971.008312786635,952.7382486308233,931.0161076107288,970.9140107275526,950.8520599684645,499.0896319822086,540.3771519324044,512.7329967157087,450.29701484735455,479.09979322050606,451.67960159893437,120.5795716196606,122.36970437286719,125.21901127247527,27.780994061743346,27.805883251867385,27.7250526374665,189.13213219011993,180.37446183209988,184.76294981450226,191.3728234631146,184.04990369688105,189.07568493387967,123.8420898011006,116.17766171584468,120.3632589361954,125.98619885429672,118.3746600489608,121.71368257343084,18.978244496684667,19.138280924866933,23.16278000776924,8.378176609271518,8.473411615155868,8.412084007790643,22.351707231671966,22.103267696736307,22.26086603965067,123.12806249473088,123.08815655263277,123.73982213167552,51.95946804689558,50.152268050314504,52.51054393790668,48.67414540315208,51.82357796479754,42.02015549036971,40.02824705140527,43.376474037786785,33.728913072876956,45.18317256081581,45.9295817541709,45.522901780582565,7.999860820825918e-08,8.146155042139278e-08,7.943618311459599e-08
N0274,0.75,afternoon,False,True,True,1073.1559521890504,1106.2977928238595,1087.5635960745035,927.7454418470088,971.0438436826903,947.6335272539718,929.0965884243573,970.2149856246313,948.5134130820024,495.1251421055062,536.4831637025361,509.8339724836046,449.23130086489374,478.76762245001163,449.9013950770965,122.15286855547633,121.75499491455673,125.03570947726516,27.817428836677607,27.720727982274667,27.76652971403505,189.28745188483623,179.59723702162287,185.15360266320536,191.70417411739598,183.15763549224894,187.99673997335398,123.62768999301854,116.90514768842039,120.16385734036315,124.98614367548336,118.52485358178835,121.33599797607748,18.897094348039616,19.081010508995327,23.19053957509118,8.39623868438015,8.485753380001249,8.39625831321888,22.158713865188382,22.31663750055269,22.303582562381994,123.20011344832535,122.08426952144936,123.06950008542873,52.04244058349752,50.11729802652591,52.25235608283048,48.256595409313846,51.67070934360738,42.14720701407421,39.927062325342334,43.10569278592383,33.9044598188952,45.05780614916552,46.216352716772676,45.9321058754319,8.017566338274062e-08,8.106197457250246e-08,7.99468406291172e-08
N0275,1.0,peak,True,True,True,969.659518392947,1022.2337600624586,995.6747957602759,832.8242103884435,880.559513304778,856.4928700349125,830.5255135164609,884.628708693721,856.5653404273297,410.18858822573156,464.28318930032765,428.41014861303006,368.6906748780998,406.18069889954455,370.2363473422596,117.5656280109264,118.16762912935015,122.30882151612461,36.65399285240744,36.94261365996304,36.7391030690019,185.0569024293083,172.5899155097512,179.97060720467024,189.09432039188556,178.966530792114,186.3028925387545,120.82066317965189,111.57474782082127,116.05255876335232,122.73129230965009,114.45723346200968,118.95817055668994,24.941966682360437,25.005213495172406,30.51445964719368,11.13138632114311,11.163316383104142,11.106802468096861,29.43344905211289,29.667698643624416,29.5931116850579,119.28908808552944,118.767962459348,119.20632397388536,47.76913227414585,45.6879516668702,48.65631686921871,63.90421591623481,68.30714557972944,55.340706835342644,52.90731850752776,57.01525861293578,44.71523306551407,75.81636035614244,79.07518334276173,78.13320506679872,7.817129132344144e-08,7.868866718757553e-08,7.707685921913973e-08
N0276,1.0,peak,True,True,True,967.8279873541737,1018.5609715054155,993.6064582242719,828.4156158274164,883.0865923915879,853.0796570383561,826.7280583402571,881.2299626647563,852.0177051227922,409.2538049287937,464.46347312595583,426.4952980924789,370.28192134740897,406.69481937676403,369.9375216043829,117.13618461724278,117.88947047083302,122.52664314560327,36.63695221302182,36.442531761763476,36.74992050895441,185.16980636764765,172.679996073912,180.6225910964683,188.98444963431706,178.71530399095406,184.844885070007,120.37344307453638,111.7094150740308,116.76963174117648,123.43410065862369,114.22712863185951,119.1459023738083,24.962516523585986,25.09079976586366,30.633461932568242,11.057015941429066,11.186253690876972,11.072060675060714,29.43517408390196,29.428688486173158,29.279419440510985,118.71626403575384,118.04281352014867,118.69994521340786,47.67734278085111,45.91083525755181,48.35942970369083,64.24407026316999,67.79223284267245,55.61324615368484,52.71660316476874,56.95548193802067,44.511649569462946,76.4371380187059,78.56595783254929,78.0031742157175,7.785734185726644e-08,7.910955201121551e-08,7.733115308224758e-08
N0277,1.0,peak,True,True,True,972.5092850156379,1020.7271462246844,997.1393861301069,827.9542253724247,878.350364356026,855.1315766689785,826.7625058606806,880.82802639903,854.46271590532,409.7323425741663,464.453091118178,427.6448928304358,370.4394376106917,407.2073718074592,369.4710460628607,117.8849721862734,118.10095105097162,122.89573256897866,36.734445602863424,36.63359990548373,36.468666715907354,184.59848841904096,172.6356718968681,179.21536060238094,189.18916868381385,178.464109786005,185.6533022986319,120.93857531628952,111.82235000583252,116.02341535845903,123.42385941826873,113.49966349913403,119.41874670680006,24.94221853824578,25.02781181018182,30.5501887852714,11.078045334967962,11.186552643796452,11.102279531670792,29.42139548556635,29.571675618829072,29.390386350802924,118.91693594937962,118.41390498774545,118.65902703710934,47.6958607350714,45.84311547590077,48.39702297582015,63.990502032275174,68.05780932209743,55.21281485217465,52.752343630146086,57.09296753674742,44.675326959964316,76.01648733296473,78.49194082776651,77.76235050740351,7.768102150160815e-08,7.892980971772837e-08,7.660260811694158e-08
N0278,0.5,morning,False,False,True,1184.941983797907,1210.0642677311757,1191.6644393077913,1041.4829244088141,1069.3300928979731,1048.861033671154,1040.7144290085885,1068.8692115530678,1050.3824969675125,587.459711549052,616.2864804640285,601.2950922742164,533.7992181044897,554.9831873951259,536.6662526243325,126.24591266088828,127.11954417954153,128.54072764389247,18.761055644364916,18.77107334004657,18.812631871939633,196.37219185788274,190.05774330335976,193.22633198719893,196.13189977376072,189.70900947659678,193.4470164619233,127.7461136841328,122.4857147612692,125.54491749865804,129.14373149809046,124.31445406357689,126.52342341663258,12.842044059989087,12.833869610945422,15.633144948593213,5.666308733215158,5.731644166142544,5.695730593545464,15.136957217956548,15.006033792937213,15.028969471139074,129.00026977240032,129.51614923754104,128.63092631127975,57.01057543371423,55.88417682611045,57.271801034736555,32.796622579184195,34.88913695875483,28.461773840260758,27.20608004207856,29.317386387393466,22.721093862779753,36.958565823417665,37.3995686534527,37.66596453104939,8.242894751924261e-08,8.293183957411691e-08,8.170607407942968e-08
N0279,0.75,afternoon,False,True,True,1074.0247342162625,1111.3328164477175,1092.5834999413266,932.3796841019567,968.9791860803634,943.4250874080833,929.2867130746681,966.9805063111028,950.0414746292037,496.9671174331207,538.3090884906677,509.2286919455978,448.457046672839,479.0321372771088,450.22567836038115,121.79603772705725,121.75364799628333,124.86359888944496,27.77915851437145,27.72870724642414,27.755983521974972,189.07208732280733,179.92906225006823,186.5744644898557,191.47891025809292,184.05742190444448,187.63390653833508,123.77479639695207,116.74134834297013,120.4437546847337,125.44105596358143,118.61982581519244,121.39640364621769,19.009263941768406,19.141387222308403,23.13197109535622,8.38393515443437,8.49093367535507,8.414317529496211,22.299697506972933,22.431410516730793,22.26286873253465,123.523368827795,122.83218499041008,123.46625041815999,52.04590118399404,50.226874903586754,52.40940130780688,48.23238529419209,51.65564930089008,42.005700535911565,39.95301575438214,43.30712029292633,33.606317963718524,45.161427428157694,46.35081143733622,45.99435296133529,8.035767120016652e-08,8.147556578406716e-08,7.965685511614074e-08
N0280,0.75,afternoon,False,True,True,1073.9494985225422,1116.0481230044647,1090.6411913875017,937.5692724211444,972.5210619856483,946.642707771272,930.8364333996761,972.8484638604208,952.2105234936674,499.02723514324646,540.6089096753585,508.9116908957622,453.4904194626349,478.5180904547633,450.89750794924896,121.98481920654261,123.08528996221986,125.2946436535668,27.710046767908413,27.858176084822492,27.643966281519745,190.37970229246224,180.64583522423365,184.7957164483393,191.6380940969898,183.3692315580284,188.7885487041156,123.47594684888179,116.94269646452072,120.56680159501289,126.24425977141993,119.18497266519972,122.34439361631027,18.89599370570148,19.078441473483338,23.107425287039963,8.40510282537958,8.475823812559666,8.361884818124318,22.261690466820045,22.178086553528278,22.259285681341325,123.7325691328717,122.80163168428564,123.00047173027427,51.90311601717126,50.14662178457479,52.627213126087184,48.29070356726677,51.62460725972045,42.26954430483672,39.9379286676629,43.3520575518394,33.72949103827423,44.9857167367823,46.47896645151279,46.059494781892326,8.015550463798042e-08,8.127224964209557e-08,7.948264735473318e-08
N0281,0.75,afternoon,False,True,True,1073.3106356300152,1108.7683204778193,1091.0261290001254,934.0286370304658,967.0190164773843,950.1651154271141,930.4581240695791,974.2196528270562,951.2214557285582,497.0777484694597,540.0400145962195,507.30474785288044,450.1102367203305,480.014233489401,450.1192563962628,120.93546488767385,121.35200337650015,125.71646328198483,27.89645981102532,27.85651037994262,27.76821950490844,189.4111245181538,179.9031978469135,185.19780226671392,191.8829869640662,183.14919186713675,189.51962564391374,123.35406982972849,117.17156011635073,120.26505124297898,126.27593585674708,118.68520357988471,122.0572751455162,18.937153790780677,19.048854836304542,23.156459529723634,8.373175058343755,8.511890975110687,8.390215093848658,22.23739787748893,22.268293367905205,22.24546953568062,122.94768319255527,122.67384835966247,122.94178636205784,52.308489345607185,49.96024231174803,52.39913827208901,48.513411993606915,51.758253667179375,42.17096814369046,39.9253026728477,43.26050466728931,33.64542444370679,45.074988524077895,46.0416864058247,46.066743101420364,8.077800061464665e-08,8.118874120025196e-08,7.954705865097537e-08
N0282,0.75,afternoon,False,True,True,1070.296448559783,1112.0371623361204,1087.4093542223475,929.2552264749306,971.0063145016303,950.2741691988651,931.1183350174043,971.3386394683124,952.1786400496411,495.2829883327097,540.5851141071131,510.32389249637254,449.49027760008863,478.67927133962127,452.96840959564713,121.85441994920917,122.63713921714817,125.26285349865898,27.748663374968867,27.88507694980366,27.774780316253455,189.234728680933,180.60992866556268,184.74807007208264,191.14257063813426,183.401348776237,188.7468326116683,123.29630007782535,116.40061746481744,120.23856262831082,125.8871461822927,117.96804360230793,122.04799644969447,18.9319051651102,18.97308753951701,23.127347806311235,8.419811419019616,8.511426939728027,8.390128385919528,22.279898832665943,22.239270566703592,22.38193148608168,122.52617484595392,123.69221914815654,123.30968198421057,52.01759695819948,50.08319957333279,52.31575919499529,48.55715244922288,51.57289204524705,42.40632712687308,39.918991799002065,43.200286478534544,33.69876978078469,45.16022879273191,46.43572340093496,45.76431274315518,8.020265826312332e-08,8.181844738417958e-08,7.96367595182973e-08
N0283,0.75,afternoon,False,True,True,1068.7138004527994,1110.685241198291,1092.3088016443273,927.4254767135685,971.332889201542,949.7592015411076,929.4768889614293,973.2701054177561,944.1670318935205,497.69526019198196,536.5120083785223,508.5958040251082,450.0397657688281,479.8694908060438,449.3771773911778,121.09275542251663,122.0633193917061,125.86033148476119,27.801331590180567,27.81824751280417,27.745116876491934,189.1392174799175,179.97364167496949,185.3743779585975,192.808884966436,183.31182140531524,188.26840476820664,124.10054678402763,116.65940058671482,120.4051713377493,124.93202078787544,118.55414758408776,122.21214108675926,18.901374918098746,18.914307051301876,23.18296503126311,8.4145392034913,8.476132271895265,8.426810062800488,22.342090068046804,22.334294882303524,22.15525441208313,123.46726518607966,122.66917221000233,122.95106770271616,52.10450741802533,50.42744441858903,52.29536341428406,48.33539510772513,51.804481674024075,42.11206612365301,39.9632841451853,43.375528947105224,33.681057046375194,45.225536647431476,46.12705599876165,46.13222416553662,8.040070060158244e-08,8.098446449797696e-08,7.999074944151913e-08
N0284,0.5,morning,False,False,True,1180.1306461437448,1208.0924832396122,1199.99783091769,1038.1185427870844,1073.1223871466711,1054.0008201025735,1036.677711780381,1069.8430466459638,1044.4000882802682,588.207209969317,617.2726780319516,600.2295492256077,535.4688445407068,556.0284944601322,535.2224448217414,126.39628641512604,126.46113256245299,128.63750668056545,18.784241859730358,18.768035098168582,18.85499931958859,195.40958564750915,191.14499982579684,193.2990258134686,196.85136718871246,190.9888833974867,194.41973748473367,126.87739371781754,122.35540745735504,125.18608652493184,128.23170068637165,123.57255721173577,126.1703133545641,12.826053143514203,12.875787034486393,15.638654180539106,5.682203772996707,5.751993168007509,5.693493940791046,15.033861074855352,15.003922733485764,14.970261811090198,128.68439735551226,128.54607234905285,129.06805775422046,56.77855065635169,55.80664552002415,56.94331392067746,32.67294920424234,34.88791153547279,28.466073268872268,27.072593221517646,29.498943407128404,22.82782790552443,37.12167051100439,37.375925707797464,37.66177099563103,8.261802568942909e-08,8.289620121202138e-08,8.196747531713616e-08
N0285,0.2,overnight,False,False,True,1293.9174442601118,1301.7823940548783,1294.3131810901561,1156.471238931639,1162.6747287815722,1161.7759666101301,1151.2677250417612,1164.733386544206,1165.111095254876,683.0549600215891,689.054358650979,682.3230085766927,615.8504228090484,625.6502009462213,617.3706291341595,131.28213572170048,132.3235575463615,132.63971631422655,7.820993150974764,7.811884509133643,7.839945920289278,198.625137581692,196.90134659342704,197.89095565441747,198.3615249982895,196.36662471602534,198.6265959891147,131.0013961876094,129.18694288402358,130.55007685130033,131.62218177287141,130.14782993179017,130.52023816004743,5.0809034238284525,5.144287010473205,6.236802881713874,2.255101978651656,2.3117220151928186,2.2646422665147794,6.2464535492310125,6.2920941628876825,6.245987616894346,135.11943340938217,135.31338638032847,135.96659804505077,63.35267948745337,62.79164640986753,63.23946137637226,12.982363831220542,13.962484991041629,11.388678233875936,10.775426470516209,11.702203398616534,9.109100376060121,50.558670890426,50.43132037680401,50.714136904165365,8.571569239180844e-08,8.581439111894895e-08,8.497603781512538e-08
N0286,0.2,overnight,False,False,True,1292.4300669149434,1315.4150514767407,1301.6722760200873,1150.3319043704475,1168.10244546875,1157.0084712007008,1153.6345485005802,1161.2216414339862,1159.2728255238264,679.6107717910355,690.7143232137007,687.0148073008892,617.4967734915135,623.0747297850803,614.9881280101494,132.21949100626435,131.40636597066285,132.22320083987552,7.813120581189523,7.8534254575999,7.8776891909151825,199.09487181826697,196.41087441062513,197.95776236571146,199.6109677215708,197.70666736221065,199.328466280413,131.40614053685957,128.64376707271742,129.41787815174658,131.9912706534604,129.19868854788314,130.39712506638114,5.128007051530602,5.1565397185736686,6.237529227626639,2.2694235209904763,2.325919575297473,2.2629656556873385,6.251647607664597,6.298100802771006,6.239626972979229,134.96997848594836,135.73208187290564,135.47556615917426,63.39146884271545,62.59273233682288,63.17021087547444,13.107221033519068,13.913508167915952,11.408720950377631,10.776362457033589,11.68111460789553,9.151840805058551,50.53995378194521,50.20744387490285,50.39992302246186,8.548219473371332e-08,8.608917174137217e-08,8.457066042811125e-08
N0287,0.2,overnight,False,False,True,1292.0636610846173,1300.238232325885,1301.2347760608786,1150.9990010385693,1168.258419499035,1162.7252733672128,1157.0793398012484,1163.479089389437,1159.2107072270567,679.3252014789489,692.5453728114956,681.0170731272887,615.7773992653583,625.460687332377,616.0453903740906,131.95259294878963,131.47274078699598,132.96266064024283,7.854239093867341,7.835603505372023,7.811476363082947,198.36997637486462,196.51017108364755,198.18533909615567,198.90615490505783,196.63552889229504,198.59168399295706,131.27610360693708,129.3063731923828,130.3186247638551,130.7468057337875,130.34091915892853,131.26347223340983,5.09028286466938,5.149701285943358,6.231096050491284,2.2702287088450572,2.3194428485658434,2.247465306034564,6.247482661363708,6.244240069284677,6.293227791629153,135.5183928718276,135.40296017811602,134.8101146902973,63.32048302347322,62.833456564676474,63.41232592199948,13.051928653249439,14.054614047331459,11.395700008266044,10.82020341865827,11.716558874188719,9.0631116474405,50.54314920997707,50.3363659257288,50.27362930555563,8.519642528090598e-08,8.558137716929389e-08,8.459418482093597e-08
N0288,0.5,morning,False,False,True,1187.9635705325388,1202.0757838081536,1190.8756945606613,1040.5280463740148,1063.104358315791,1048.055394998997,1044.5012460468765,1068.4244449398986,1052.8385321587805,587.5371122363131,617.1960223288761,596.5904215636427,536.5901984548531,555.741484536966,533.3138022652641,126.22336544871042,126.43829262990315,129.6289396604161,18.578728198236703,18.906222142888755,18.605857306708188,196.0913967479959,190.4735059446068,193.78737949045455,195.67793418103008,189.95208483712466,191.4532260051733,127.87927999866038,123.59878959456096,125.05014649787199,128.90049683060525,124.3894396827786,126.25712397625139,12.796852396576526,12.847773158263212,15.631265488374373,5.693904236830528,5.754767749519747,5.669755374929368,15.084039194072824,14.954779981255667,15.052132899127868,128.42368193317935,128.02346593009696,128.78601813606028,57.27185554025914,55.88388919106989,57.04257052199532,32.79462810432814,35.10357329634293,28.46489164062842,26.991336933334615,29.214586968766984,22.707614285254216,37.188019986554444,37.450449511176245,37.9074389260091,8.286992172774435e-08,8.322770601366996e-08,8.194603292742751e-08
N0289,0.5,morning,False,False,True,1181.9560155415368,1210.1258050180372,1195.655296296077,1043.1043975215243,1065.3300056716864,1053.6739984106653,1047.1119453087574,1077.2219772263772,1051.3360384072923,588.5065642567928,617.8267515873869,601.2934353048823,537.1028239422391,557.7885318666725,537.4135330426391,126.1169464382622,127.2022569810822,129.1844072550251,18.80015771326447,18.658094334391,18.76944357288363,195.847244537292,190.48283881985233,193.7917198296427,195.34796290734235,190.77934090479928,192.85809972791364,127.79466641301634,122.19139403199203,125.31346983829924,128.5079432361893,123.76091647500725,126.32307975029354,12.717020685108857,12.850791948913205,15.682506547487511,5.701223425093517,5.696823065828549,5.717059175738105,15.042540373875488,15.012940963104292,15.022453053395898,128.6945570721602,128.2239815772425,128.5713451082454,57.33963186286046,55.63719078453898,57.35788870260031,32.84339502916792,35.075226085803685,28.52971518424862,27.10736135975999,29.205590749569943,22.741605666527345,37.12397376548028,37.39897182568109,37.673427801076464,8.214851389744174e-08,8.263604536836283e-08,8.16477519252464e-08
N0290,1.0,peak,True,True,True,969.7763979654427,1022.880644482183,993.0066616692311,829.8339047123526,884.1257038462957,853.6008297337146,833.4707458969569,878.4509267242291,855.416258969452,409.61844699467724,462.91884399729474,426.77905676320665,368.1560843099615,408.1667137729123,372.54321679131994,116.91818677378959,118.00834776617431,123.35157495840012,36.6638862743342,36.667182429522185,36.64421987051328,184.21030946671596,173.1155523148288,180.06507297536308,189.18025944285017,179.33485777716982,185.7188376514816,120.70382663380646,111.78037965645402,117.02444833391291,123.65740428914565,114.15791578477577,118.7668197886252,25.01653730002856,25.038002485030553,30.526837245036603,11.11626414734682,11.189980619528056,11.058864805605822,29.43549152624656,29.490302372676705,29.515542261072515,119.30587576615692,118.07745900035268,119.41411669488056,47.78394634832245,45.78782633240704,48.72283280810094,63.9881483397867,68.15686767733641,55.56103424368846,52.87709466338709,57.06777233327429,44.212215520449114,76.29933120280724,79.22146790018867,77.79088440989274,7.775888245282552e-08,7.873541715917695e-08,7.742468268945675e-08
N0291,0.2,overnight,False,False,True,1290.3123797020337,1307.5920949631238,1305.256009823869,1152.1633668944967,1169.1786885384765,1155.418450015257,1154.576358704699,1172.659226770319,1157.8207878991084,678.4455389038363,693.2840624577277,680.5734528246828,614.9969707499156,625.4028506348496,612.4147224115987,131.9040739195106,132.71370897104103,132.94974585665653,7.826419807548721,7.497683837260851,7.698541646936985,199.4912530081073,196.5176178360853,198.0720170131584,199.28845030591947,197.18176851648465,197.50172521839963,131.33050476466568,129.63242108587073,129.83037794808433,131.97757702244215,129.53542143360187,130.18946789944894,5.084540661558241,5.1638243205119885,6.231406181382473,2.2619832153551465,2.318095041437156,2.2563807594801704,6.2360411163320055,6.27128590214625,6.2615274440119455,135.10151010700915,135.33874473460224,135.28335671347708,63.22277142935007,62.6888443776957,63.309225823332795,13.01241641298721,13.962580369061001,11.374165935375327,10.786637164774247,11.757181803031724,9.052062627984304,50.226867059555,50.51583698106599,50.64121963319975,8.52543642353818e-08,8.585714074140163e-08,8.486378138612126e-08
N0292,0.2,overnight,False,False,True,1299.0404673548505,1308.3413468267065,1299.9033798565192,1152.6423897696309,1167.5008413307146,1153.7085242163623,1154.399551004242,1168.2207074540893,1153.0835434771225,681.0622385676221,688.4209410928437,681.6719413897641,620.8625516132486,629.0793215886838,614.8261235162636,132.0162711881033,131.7967692577257,133.39441201920206,7.8397379441875,7.503179599239574,7.659262691952551,198.06482636192507,197.43644464350584,198.08370587612507,199.07302415935735,196.92729240875474,197.9366225167422,131.45521830161564,129.0752961550835,130.3156337611654,131.20617151265657,129.5257798836602,129.91326873332915,5.087753351041309,5.157983271555124,6.267309154594367,2.2526001437963394,2.3172129908977674,2.2591353606770084,6.274583782841545,6.276993443106328,6.238533145529439,134.9498612770429,135.1569686204549,135.46439432217025,63.326572925407454,62.708094704414485,63.235555969239904,13.057881322344384,13.997240630253549,11.33344965417306,10.748248178466376,11.792733062647688,9.073395655373567,50.53808281258747,50.24428645253489,50.41341106975196,8.584970207473394e-08,8.591594810735649e-08,8.527453016516641e-08
N0293,0.2,overnight,False,False,True,1297.8482874041893,1301.8534104180087,1307.0418705702336,1152.4560859873875,1168.1801083643356,1158.268069446092,1157.980871239238,1164.5226189686307,1160.543167826319,680.705419944948,690.2806401858765,682.9800011391374,618.0411996517048,623.3199060336035,618.9689494461747,131.2414902596525,132.45570818830214,132.549847660453,7.806946878805942,7.526467560583395,7.658420540651339,198.56282217516068,196.48808373435972,196.2482856612021,199.6298759157279,196.32180495628293,197.260137619185,131.63656501368783,129.22484717504096,130.78953180418452,131.72739051284896,130.3727449049518,131.10988640495063,5.103763368986779,5.167277616928802,6.23885057554652,2.263833243930751,2.317206650454022,2.2564707572390064,6.260593915327039,6.262848374636473,6.286455293691798,135.70895906486393,134.86523494442977,135.89039073362042,63.582536853332535,62.872508821444,63.29999906905394,13.057207981013159,13.95944756927304,11.394631802920411,10.791860463248447,11.721509502483983,9.130466582947324,50.176902065984535,50.305392644911095,50.57544990387293,8.586521058935351e-08,8.610711053956099e-08,8.566531022172314e-08
N0294,0.2,overnight,False,False,True,1291.5093282449527,1307.854001251856,1299.4660188873963,1152.4439663744442,1162.9679198263154,1159.6948201156767,1152.4518901497042,1158.9414782098715,1158.7162310592716,680.3714861911635,692.7485523795074,679.5206620720592,616.3267952029248,625.8892255826784,612.0735876707392,131.3699162943534,132.05059107008498,133.2564830710652,7.871708097172236,7.548055221499257,7.6910613353053465,198.1576625664343,197.50506167186245,197.7083470356762,199.26094324305956,196.87193666962366,197.0375380710008,131.4749627020002,129.3991660469129,130.52329456358353,131.93648535493915,130.17316533650154,131.29189091155195,5.081187261026049,5.161760608576137,6.220562289356096,2.2533282691163152,2.3248396444252597,2.2570293536033788,6.277188855625534,6.240678541772891,6.259415391718905,135.2571330153375,135.30006310747265,134.99019100924744,63.11307558413101,62.816196242986045,63.20728590400821,13.041219379603564,13.951718846437,11.391672971714335,10.793856543061679,11.746022797078009,9.081115767151914,50.4354282251536,50.289173016379515,50.455749387869375,8.490142188300217e-08,8.635204318496873e-08,8.52632726384703e-08
N0295,0.75,afternoon,False,True,True,1071.0975948229643,1109.6899363632162,1091.9698030320565,932.7088273712861,967.7801321347057,951.511008905167,928.8714144022299,971.7362402568269,949.377097448337,497.7825712165609,541.1797754730126,512.1355693161204,452.2086873236653,481.2910738719216,448.0359824607621,121.75875723352497,122.34070302805821,125.01307879748175,27.767518068456027,27.77678145929696,27.685210621265924,188.9410059435717,180.3692449130167,184.9036948953063,192.75400682302785,184.30212389722033,187.85021309607248,123.56466899671861,116.57983431040148,120.23794137276127,125.21436961277153,117.78567319971718,121.87772133287108,18.883119108899585,19.013801537737212,23.197927906915123,8.439163688843994,8.494301701404817,8.424821220811637,22.338036340402034,22.459117837877976,22.279145666982885,123.32748476907037,122.56534621109684,124.11144509727997,51.99874144412891,50.04552723394987,52.50931469072327,48.250883128208095,51.92397632514108,41.88615867938291,39.969009611921635,43.19273974072416,33.57164517561983,44.972890241310466,46.1188708495627,45.91777049173146,8.048009867731146e-08,8.135245556894229e-08,7.960512633671087e-08
N0296,0.5,morning,False,False,True,1183.3624000191396,1209.617064012366,1195.0639553683948,1044.8596739576753,1070.378529130237,1049.813839050235,1042.543578267118,1070.4873370230398,1052.0149613244564,588.4310747988803,617.1234572745791,601.5143987981936,536.8296886107736,556.3388636491705,533.4709090083611,125.97753471273256,127.60057142133792,128.58473761620138,18.703432084940157,18.836452531422687,18.737652691609775,195.98775236197258,191.07663272513105,193.61452321728163,195.77388133103432,191.32169669299608,193.28504278035564,127.81786199350614,121.65030325495452,125.50866077482803,128.98142850867117,123.77357783039594,126.0118757008283,12.76871723703611,12.882950834420333,15.704141335757079,5.701380440514339,5.739759641513094,5.652916991017112,15.067091305141831,15.007726715748051,14.99295728234833,129.1646030750672,128.12226768974742,129.2561101430091,57.10094847978289,55.72481648917789,57.35866721561209,32.70093142578528,34.94928955022233,28.592744125600188,27.062531980565932,29.408433441060733,22.88616616098368,37.14345894801443,37.40763923981486,37.79458574077531,8.26886344072314e-08,8.284853162685305e-08,8.202440737564802e-08
N0297,0.75,afternoon,False,True,True,1075.2745220340657,1117.3735314502192,1097.568066784302,930.4013877945664,970.8564414411755,947.4563912207536,931.7203103077521,969.0705023398863,947.9533315089872,496.7026120455885,537.5223423138062,509.82600831185715,449.3482567809335,481.2731620229301,450.5224929531683,121.6942248687682,122.33666425266455,125.4037592046461,27.883143465319215,27.76017023004691,27.81573389952522,188.60496182592402,180.6117312660876,184.83080001183407,191.52342985445287,184.58610462050316,188.4157407328776,123.58428008748274,116.55251117763544,119.98571778761551,125.89991826899286,118.44982058169704,122.02414043930871,19.048422054235694,19.01463928767722,23.09622961815284,8.376365134651317,8.473880350764574,8.378891685334107,22.35971221794542,22.437523469285537,22.348411708840235,123.6638476910786,122.36928830341962,123.75177333611059,52.160509846627804,50.015365329780685,52.18614943614231,48.154217717982505,51.69044837077821,42.10060583852949,39.80053494482976,43.61149167035751,33.57097096600624,45.01250044595115,46.2644836226664,45.632248563513194,8.02846988053312e-08,8.13729150145151e-08,7.972304473971246e-08
N0298,0.2,overnight,False,False,True,1295.1410401612623,1303.9316914855783,1305.1578567422473,1147.7145458342118,1165.0205071442128,1156.8459666332435,1148.356231648673,1171.6463343439489,1154.3916430647448,681.6243037033707,687.1784986115831,681.3734671359704,612.7223184911265,624.1770652498471,616.0129395970673,132.38370163009986,132.45329855599715,132.6401142540836,7.869167494657251,7.516091126536537,7.67119486029743,198.90200789232486,195.49553196204005,198.74452084103274,198.6891964509628,195.29599332609098,198.25854647778831,131.4324625770256,129.22818746682105,130.44093035429154,131.67645185534832,130.05592128205765,129.47120742622872,5.094440827440929,5.152932563453856,6.249022553326804,2.268665899058611,2.319121061913881,2.251304148512465,6.255209162532322,6.225347349493148,6.2901453555032,135.90548099774176,135.2806400010794,135.88734573123037,63.45490432771759,62.24330046545316,63.368888133978935,13.019386758159033,14.008344892675224,11.386936732745541,10.78006861091584,11.770856440189423,9.091530134509652,50.596136978144195,50.36302421930885,50.432066517112666,8.535950771989076e-08,8.618795490428763e-08,8.514173250738454e-08
N0299,1.0,peak,True,True,True,967.3341371633709,1027.1971392884284,986.153893182179,832.9382971462448,880.6071636861053,856.1243438591299,829.9812841771759,889.1934116099807,844.1497402285999,408.375288525395,469.88898430519873,423.40168436510544,368.8143562535533,412.8744595828039,367.14247873682064,117.66175485977057,117.80476877624503,123.12315858724907,36.70784406712947,36.84066362490274,36.480839338962205,184.55054029289377,172.27142670200706,180.3279944789563,188.77676313884038,178.92216232370274,184.71332097684706,120.41359454955737,111.75716305257518,116.16940212358668,123.6660202831222,113.22755772020594,119.10990649651218,25.001960020023375,25.18788822385431,30.499315264151996,11.127349675617989,11.146827463043374,11.122686970677533,29.30430987453001,29.414173180563115,29.546789152105916,119.00346163630458,118.45903318019914,118.71763114818866,47.82570506609871,45.43367401475845,48.55209472243345,63.88462879531258,68.0972519532906,55.37160172813704,52.95109775986078,57.440599752924534,44.43717895970403,75.75725736810668,71.21317863051075,70.65312238056559,7.793448486168823e-08,7.87378101078256e-08,7.707842708293289e-08
N0300,0.5,morning,False,False,True,1184.5201966082439,1209.2410344015277,1194.7659142956252,1041.1680162509706,1061.8523197641023,1050.6046690022724,1041.3757008589196,1066.0767392016928,1048.8054153875291,587.2115580521607,618.351698409285,599.8632317110317,534.1838530389344,556.8215209863566,535.4207637386478,126.66631023497668,127.06331240071111,128.9581226260914,18.693997182436554,18.837412579705084,18.669187933729628,195.06546276008126,189.92497200973816,192.5042037134257,195.28216327709885,189.72670052343753,193.04455095014478,127.14753474577209,122.39410308296638,125.25113149531352,128.87776604175153,124.26037478353047,126.60890212873083,12.82871211333036,12.86998745906079,15.629243998172196,5.696512704731173,5.757000579790192,5.630675586738443,15.015953553648304,15.124976735514622,15.069362684767144,129.36917032281397,128.62871405603605,129.41315363160868,57.134386036132696,55.49777295855609,57.58469336977584,32.648613050657744,34.92100954091831,28.53051627358185,27.06369285931732,29.22507194326223,22.8708416027067,37.07008101054144,37.42183456011546,37.59893941381915,8.241400299002192e-08,8.287936079562021e-08,8.175213602872537e-08
N0301,0.2,overnight,False,False,True,1288.2690567274924,1304.7253562078895,1291.0293820774748,1151.7334703369675,1165.7296158293864,1158.199446022397,1152.8791918292427,1164.0230388504015,1159.2626686787303,680.1003617778479,689.3919309688661,679.8707647684633,617.1356441324484,623.3583636230784,612.6234191426505,131.88586773584976,131.43797910475473,132.83106069246378,7.8349884635535165,7.832963290510855,7.815393291826789,197.820217514465,196.4932041282879,196.75855136390217,198.96679000677742,196.57135874243858,197.57388460195855,131.42887982635747,128.51928871243928,130.23897255942848,131.5302260958272,130.02502105293934,130.83382111674356,5.100879600748169,5.149548651831592,6.248221148488417,2.264313081529882,2.319591792175508,2.260980639985127,6.264985370650169,6.257305115402477,6.274910892768522,134.6062750548009,135.4481368797649,134.88019553248978,63.16374234338944,63.07731773757501,63.458647892860064,12.975812360991384,13.936311172220625,11.33071906388874,10.763085803965936,11.724607009342606,9.132246646519755,50.57732814533661,50.25376757201217,50.354163292205506,8.500144136119277e-08,8.548222490106882e-08,8.526935919374727e-08
N0302,1.0,peak,True,True,True,965.8985945488315,1028.566940643736,990.9991770700243,830.7334101381357,882.0028923487554,852.9768256823811,829.3191002131337,886.3028363860586,849.2736621586371,409.17854591996837,470.5920597952889,422.8969799798102,370.4621602238695,411.02952189293563,365.6810985317155,117.5573521374318,117.75884125035273,122.46028384678581,36.65120262697796,36.847171223744496,36.56037386766719,184.21935013560216,173.36058378052587,178.67465001956688,189.49256282410897,179.11263040635586,184.94798508248078,120.78502597798023,111.25460783328921,116.76093173519436,122.85641908436487,113.72278522751596,118.93156581029496,24.972514771996394,25.14479039203079,30.594418930984993,11.118016675090479,11.14040371343567,11.05749811763793,29.6792646906867,29.438557739096915,29.38463744355263,118.97798541526619,117.98102336436546,118.77835397274252,47.63886634442371,45.74700350767324,48.566327843253,63.67577714528838,67.90621239411551,55.65862095490691,52.976806529454606,57.24756248427695,44.552198305728375,75.72709319389271,71.71219311154921,70.67820966755112,7.791137542748664e-08,7.918458943777558e-08,7.744045874436786e-08
N0303,0.5,morning,False,False,True,1180.6110771053513,1206.0386540502798,1191.745482955149,1037.2870996476179,1065.1214339571563,1056.6864328861338,1040.0556088395333,1071.0672497918688,1056.5393641702715,588.9810900886245,620.4317998550322,597.4349036385656,535.2739397774171,557.7705399886797,534.0186975663809,126.52797851736038,126.04443176763756,129.34305234915666,18.70110046150278,18.727638996122558,18.914369519000463,195.88186276627303,190.397643924401,192.93977413791012,196.41530721342775,190.4397751936832,193.46684441717,128.18366191300922,122.48468828709863,125.23650509687914,129.0090870988566,124.70487072443687,127.22908166968388,12.81772687422689,12.84958982798473,15.690204004737657,5.6935990121247855,5.733661141896502,5.673341735002456,15.004842031627366,15.038996935416563,15.083511818274918,128.4173335155248,128.3812741174823,128.66107494527554,56.92563227845908,55.674102676332424,57.57470621943281,32.698010782532045,34.961999760251274,28.499261820110114,26.986199974615694,29.317734719644964,22.877206481784594,37.07833497242528,37.24826201940758,37.95179749931654,8.244232606859016e-08,8.325981819351525e-08,8.20067376385557e-08
N0304,0.5,morning,False,False,True,1179.2780496627404,1203.6818667580765,1196.4244202517548,1039.9461086420963,1064.453771653165,1057.0209566812148,1044.068791534445,1070.7264590997202,1046.5067314165428,588.8617124205238,612.4269614168202,600.9127789961154,532.0883628506986,554.8085434498599,533.0551808114047,126.70942674627217,126.69267544172504,129.4056941894158,18.73415333995506,18.75318284765518,18.713448525771145,196.37063376515496,190.2287682540536,194.12660778509397,195.5687453631442,190.6407714232592,193.63049430394764,127.44850109991816,122.67481037181936,125.30914522452073,129.0997921967724,124.00907351952263,127.1783617019329,12.738923604184059,12.83784613262695,15.66099263920613,5.68513204910784,5.746318494620845,5.673774123264775,15.040998796178538,15.065461002291526,14.99498422479837,129.02480443097068,128.81550296584132,128.7091282416633,56.912805131868176,55.768135132094685,57.39938525340169,32.84234903548223,35.03135014501756,28.36939114384275,26.934846966657272,29.20593950077574,22.906493443583106,37.17601935738867,37.39121729876683,37.71124065469459,8.227420805228771e-08,8.323836422671163e-08,8.100582619348813e-08
N0305,0.2,overnight,False,False,True,1296.447289808532,1311.973262401963,1305.1177663899168,1151.4622126401682,1166.707540706534,1160.3261727677097,1151.7728582543973,1168.6097572024519,1156.543289894193,685.3374342501809,692.8058965345822,683.6182395689555,616.3774941449607,623.0374827701895,618.8796599483875,132.08803779395092,131.8981546633863,133.3391293044873,7.823672438399634,7.840102103435826,7.82147313798748,198.76442407092904,197.1308721285488,198.21588435566943,199.05664170327236,194.69198499783244,197.51158990643586,130.70623701688478,129.2434096337915,130.63552034265192,131.8452087428071,129.078188655946,131.10866823079954,5.107014808874727,5.17627837427492,6.223495600790954,2.268097390615588,2.3143741951552506,2.2729306453861384,6.238731036243819,6.262728909883321,6.260376788666608,135.32839611754628,135.67986216383025,134.8201483657574,63.64039072420678,62.79612248793855,63.42267737163154,13.056071450854288,13.914356160313421,11.407317888004036,10.747955444842201,11.799550258178902,9.113609681051376,50.65051151709865,50.15290844510956,50.42196400576187,8.488942057863796e-08,8.591621294706291e-08,8.549505508056977e-08
N0306,0.75,afternoon,False,True,True,1069.0761312614657,1105.7143625278875,1089.6896132223465,937.1439848898651,976.2047225587803,946.0077871233892,930.4685517258572,970.9493700080452,950.7787891802709,497.50747470751134,539.0869863869839,506.9409969438656,448.93147417747036,479.7558972459697,449.6000506790771,121.50444819926695,121.86697676834211,126.03965199603411,27.963056413408825,27.910046902202733,27.6917568840936,188.69614352612675,180.47313712491624,184.76746309771318,192.016891254016,182.60175319469903,187.74268638090683,123.7993690611894,116.6733314703594,119.59763679586314,125.46421821404056,118.51919207853264,122.37244327315035,18.961911332252868,19.04050906315604,23.176392282846436,8.399300057040577,8.479126027973845,8.437798977474563,22.27108459714453,22.236501437992498,22.28460832197439,122.96024053549615,122.72880927829401,123.39431416770843,52.11281191492761,49.8598972605943,52.42040024783787,48.60327098450393,52.094737825727655,41.99972195736496,40.010381701095454,43.616408203094494,33.631288570405864,45.30997096563819,46.1748961770028,45.89459323543333,8.028473101801043e-08,8.153926250528349e-08,7.952267095196708e-08
N0307,0.5,morning,False,False,True,1184.1091113732527,1207.0992145456353,1188.848564104607,1039.5149589456541,1066.0377206407768,1053.4128664120408,1043.9025465073812,1072.4747527336378,1053.8784206249395,585.8237423153947,617.1949385518327,599.2675127702242,535.1267620969813,555.2490264269701,534.4065872625711,126.24176634061567,126.96853566753722,129.16496153933923,18.754958641962563,18.806176285190684,18.68719999012265,196.07672322898017,190.90371784715788,193.78720288813588,195.7082585314827,190.75899533619875,193.06717981111666,126.78526015835035,122.56738104485271,124.61846505847609,129.03447152602024,123.56174426278973,126.15734612551819,12.796738005268958,12.85650305426272,15.614684854899775,5.670819893426155,5.741944935778001,5.688492096907102,14.992228410858838,14.966139844171925,15.068734438026366,129.2357908802361,128.69311893724742,128.85529241240704,57.151989439700614,55.42818115663192,57.463856668055286,32.809258542966894,35.05944573180516,28.572075134047743,26.947139038710862,29.432235589910313,22.862758285704768,37.09275017052623,37.59605832495382,37.43556614744326,8.248821592220896e-08,8.330780434115303e-08,8.170138766788816e-08
N0308,0.2,overnight,False,False,True,1291.2040741203957,1308.6146684048051,1295.7205896193552,1151.9867119799005,1163.8027815594728,1158.5401212622676,1152.4231434526116,1167.040981371608,1157.0748748228857,679.9505418389132,687.8898983008986,678.3256313741058,615.9866365633121,620.0725496554805,614.7034214229787,132.28322150251128,131.29047178355384,132.54129396365116,7.851510617537993,7.803486961721211,7.806678487655394,198.2165143922083,195.93154222133924,197.9143030452325,198.88050158222012,197.2787258175543,198.48334254450785,131.4107136159238,129.44641390249208,130.34126309937773,131.95978835665434,129.6814933451932,130.7915137178831,5.118969898259358,5.1758508693515894,6.232204250192337,2.2484391520371023,2.326276262099896,2.260496152986402,6.242572382402529,6.257556325439053,6.2889053459832835,135.50299041332912,134.89721670215616,135.2443524991508,63.38844870849547,62.68490314730628,63.59363673956913,13.008383469993461,14.047986885328688,11.384631611403721,10.810745669417143,11.731845916838422,9.114680065927562,50.242942700727944,50.37483881689438,50.240924994007415,8.566302554613106e-08,8.591047740145397e-08,8.552639595398361e-08
N0309,0.75,afternoon,False,True,True,1070.501069337598,1116.0576433254237,1092.5957437542374,931.0592703260767,976.0151010742876,949.8803996298118,935.1590066808816,972.1924814360815,944.9945392156238,497.095972126403,540.1546990015606,510.18964083153185,448.2691371595257,480.3345189843037,449.5860518580332,122.277487988521,122.29122716953373,125.30345131662307,27.791595047798243,27.76301995294937,27.808757859343448,189.71543734687435,179.99854660034427,185.8030569847671,192.05068936710717,183.69630500996692,189.10207786813103,123.53545200184219,116.90091500944112,120.8704731402696,125.39162766611577,118.21108401395382,122.09289659125865,18.933859287033314,19.013087549671127,23.270570074450813,8.425934328396709,8.489019118149967,8.432651443716994,22.32440539821825,22.271804160420018,22.35273546318302,123.45021062075276,122.96853872849768,123.46529496837525,51.931621685427814,49.9078381455768,52.5107527636553,48.495018666765084,52.12819316146882,42.42794841540721,40.204205741335514,43.247469739468286,33.67547902046889,45.35325077562921,46.30561949444324,45.97621916151351,8.034775741173942e-08,8.148002420910842e-08,7.994919926853826e-08
N0310,0.75,afternoon,False,True,True,1071.085860428904,1116.091627323082,1087.8499377380433,933.640531160653,973.1781679992231,949.0553332995175,936.6914702154352,975.4573447435374,950.32338851489,495.2233552043447,538.211505373927,513.2403366850863,450.129704555749,479.6487594337755,450.2983052914346,121.26829598719488,122.24605944353627,126.18880101075428,27.649464667953517,27.893214676709253,27.516070224062368,189.46819182683413,180.4367301883397,185.84750245926313,192.8208328963999,183.84458334448422,187.78400562968517,124.0247000255814,116.72173010764223,119.77462078397349,125.26722243782966,118.33892536125602,121.88744566310575,18.993739875117175,19.023847855843634,23.184255907273474,8.412087335078782,8.51184334427316,8.416550098543619,22.10614469333776,22.253855223746516,22.322089026024464,123.98407130758376,123.18452372858144,123.39363304761005,52.16322838783539,50.11986240628412,52.388103952915166,48.55894941273641,51.67576563866436,42.08542605863815,39.80375928647128,43.24067812115337,33.55911431561816,45.02607527677569,46.122251897401206,45.78935301296424,8.063564515258269e-08,8.149378561528049e-08,7.971529707418969e-08
N0311,0.2,overnight,False,False,True,1288.719031456527,1308.3396030349868,1297.9376898965181,1148.184982615384,1161.952598133676,1159.7829998374818,1152.5878756249847,1161.2532204858526,1159.2329351631452,677.4462553697574,690.2048629713371,683.5121920779591,617.4095749141444,623.3712949534113,614.7479685853588,131.54137340450694,133.01519878100308,132.51676521785785,7.836509637654845,7.524757545110101,7.631282938212136,198.74750055110465,196.38958932354143,198.34521163912478,197.89705340929285,196.50855140835276,197.2255162342035,131.40511854288494,129.11042146422352,129.69349860351556,132.651970231246,131.1287031166749,130.63432154347893,5.108738323492904,5.1629029876349035,6.22337875741808,2.2688948999201717,2.3363547681912236,2.2639547976707264,6.2277348974208016,6.268339135084032,6.240371803797725,135.41935890660204,135.02516091237527,135.24854344072764,63.63473928629927,63.02423994060422,63.39695773147001,12.9714156055604,13.950037081568672,11.355558640512056,10.821488115425467,11.751802495285531,9.09537728186381,50.47971773680332,50.217906578724296,50.650522117714246,8.545995753393083e-08,8.618095737427716e-08,8.489202717894113e-08
N0312,0.2,overnight,False,False,True,1292.7349222329392,1307.1533051593583,1304.0761910416777,1150.9358648124125,1163.4949155284505,1159.8641312328896,1151.646634115351,1162.5862401976894,1162.6663829546826,676.7868644700668,689.4634691702909,681.0727536505548,616.5905028645836,624.5172882797231,615.0833008733043,131.62878768541614,132.05476064954146,132.7737416774036,7.829394369488319,7.548281448790848,7.7031984840176975,199.7187396206209,197.23542497979903,197.56417691940243,199.19241658190387,198.10610023608194,198.28313939615452,131.60621770684918,129.76837348869057,130.64002568017744,132.42790191870318,129.8743091166301,130.58653988149652,5.092407180177522,5.145036450630194,6.239190990179997,2.263053673522353,2.3258459400601077,2.2620395284598467,6.277218970122766,6.276381029934695,6.268310807435162,135.6624140513416,134.84885441841408,135.75794413276313,63.30859472970008,62.828244368110774,63.35382006773758,12.98686503463552,14.016197007552648,11.377787696280022,10.764633029861441,11.788205130415031,9.102966150257165,50.46228078469116,50.25567805660482,50.39838086181672,8.563573602406927e-08,8.551328151036122e-08,8.491472443441185e-08
N0313,0.2,overnight,False,False,True,1294.2445514547076,1304.2501492770434,1292.0827852662137,1153.3631373872374,1163.8768435285951,1162.6499030760642,1158.6148814793214,1164.0232987522218,1159.831037633434,677.2888017442218,689.1743868749264,683.9070785241888,615.7291346532915,625.6660360993088,617.1113787189381,131.80729934293709,131.8911610894637,132.671389382149,7.846931480785185,7.554201952909045,7.6861155500789025,198.86477385694218,197.03673784146395,197.70017036187258,198.52746921585398,197.10547068576616,198.67332222011464,130.8463873786214,128.78469844591135,129.8773129221775,130.71765031218703,130.21771574837248,130.79810455438388,5.093332595997737,5.181326410770512,6.2516308749207115,2.25727319452663,2.324069941634846,2.2597790826855952,6.256679444234857,6.2416886119994315,6.264916637597458,135.72057745086707,135.9043853209772,135.82668459064706,63.21112398998535,62.90305887857084,63.685545700052984,13.017652495145867,13.933106714998653,11.364189925193408,10.79077204316906,11.643631056217302,9.119187304680418,50.123647830563705,49.92963423042337,50.3049348190595,8.598577615068164e-08,8.586299449706465e-08,8.48316853792547e-08
N0314,1.0,peak,True,True,True,969.4812915238041,1027.5383205540973,994.8901512834908,829.0296869674676,883.9489479772245,848.7603400983872,827.6070369221216,886.0974880010039,854.3454369353811,412.2132119978921,470.733037052072,422.8049484639895,367.9912433922065,411.26316396016676,366.27214102316077,117.18435752937768,118.13154780241409,122.29277704560475,36.56754443171238,36.91506010816247,36.64452705424061,183.77495165892518,172.30642438735669,178.86610392488495,189.52788687289126,178.7073294023025,184.57223135575543,120.675897136495,111.72643195055575,115.93721870569733,123.15061921352236,113.6283696037339,118.62117522025021,24.89615810911108,25.180016586396313,30.59629610050978,11.135413188227275,11.12079040214995,11.149260503205477,29.4659407330679,29.461656118081915,29.4146364894922,118.67421006178036,117.85500937089152,119.61044194971099,48.08202747009706,45.76116410931175,48.28803449134345,63.78988718661309,68.22668469335537,55.68455302736726,52.8358900610688,57.3464018504768,44.40221286172396,75.69321561990297,71.76215912853621,70.58532177503893,7.820894259789893e-08,7.896192519005678e-08,7.698281550926706e-08
N0315,0.5,morning,False,False,True,1180.8667543707008,1204.7964011861889,1186.967851682855,1036.9351465544632,1068.8454959744558,1060.969814527524,1040.4956587336012,1068.531531083013,1053.9734507819421,588.1105934369098,618.2960681842378,599.2650250998236,535.5967724982752,555.943637608063,537.2249257683711,126.14773839810634,127.80471700792147,128.87620629914284,18.778668647104485,18.69669371908276,18.67462337517059,195.5896516192085,190.28897479784743,193.9267983863147,195.79992427604586,189.41037115410958,193.11521226064954,127.2756547288001,122.49851739715972,124.31060787882474,128.11028056274796,124.50184464832466,126.40598389718077,12.749740847236856,12.820388404610203,15.663376614307014,5.678952617438128,5.72847465266486,5.682907669151773,15.069505484470033,15.02487868283476,15.102888852443504,129.53833409516886,128.10104044899433,128.8421757448477,56.9417084518846,55.7227123913993,57.40782374251907,32.771326290653555,35.20775000520709,28.48470920290865,27.066967614508624,29.336542024911545,22.788447150227206,37.14775273141357,37.488909145263136,37.561803613995735,8.266232217099756e-08,8.331920141673827e-08,8.17872305034115e-08
N0316,0.5,morning,False,False,True,1189.3618155631088,1209.1652160056076,1193.0425174384989,1040.0347835130722,1069.3593597237284,1058.1627749047673,1035.763867728404,1064.0307321265352,1049.504131589327,594.3463673226092,614.8218189248016,595.0419302147994,536.8173084915446,555.0938212456081,533.8224923650455,125.89463439089424,126.76047688430437,129.35621752641438,18.814723266602424,18.748453323793104,18.6476739713338,195.51256049131453,191.19281019089337,193.66778808054937,195.77237441046958,189.80781861847424,192.81470484423573,127.94043520692126,122.56263103250708,125.17140664841264,128.69055220934447,123.68734015973966,126.72403273134931,12.88448815399749,12.899018440968181,15.69238972301953,5.6858864026319145,5.761211384759578,5.6979948490362915,14.9782192329656,15.040244806099343,15.004764628106875,128.607323504159,128.73935207907851,129.16620770806765,57.28603396887516,55.81850333621282,57.285965102664186,32.74974103480353,34.92388630437759,28.57740092540231,27.071024702775937,29.191496156224243,22.800082282163977,37.078189641262526,37.47538167885041,37.46462279657371,8.221632637312798e-08,8.278698688299431e-08,8.193813862249097e-08
N0317,0.2,overnight,False,False,True,1294.666855700946,1309.696014072085,1291.8248672996112,1151.454047843779,1164.2709777063508,1157.7896175403785,1154.0375981019965,1164.2601843155362,1157.8285388168915,680.9042790957097,693.1755701634165,681.680382016186,616.8931993427166,624.3413559644965,616.4394722379617,131.99444595811858,132.33648856785052,133.50959212014408,7.80579152856077,7.842125185314436,7.798102996870065,198.690121996966,197.19398407278177,197.85666840594988,196.96244345263608,196.84846347767748,198.10240666079676,131.29119342119427,129.00315913512514,130.05579686170054,131.99614884748163,130.03801587377902,130.40926252885407,5.07829999341531,5.169649888764919,6.2343404919681324,2.253371247929366,2.320938294261307,2.262834785662621,6.264162867339458,6.251522349509942,6.2464863263115715,134.9807576114182,136.19151634353133,135.3408127025939,63.54303888617394,62.70170673299907,63.40722488730036,13.051415887810279,14.045247941755994,11.338650619128009,10.853803709205438,11.757748145829357,9.109366634276267,50.78236613344533,49.84954766892708,50.22287098524778,8.560455720593164e-08,8.586330939325434e-08,8.543157059197167e-08
N0318,0.2,overnight,False,False,True,1291.790179340303,1303.1557770142106,1302.9072166515025,1156.5763955000305,1166.3947452917037,1154.5696716123412,1152.339756408971,1165.8551096934666,1160.942132013908,681.6957759056271,690.6376941879097,682.8109378624821,614.0100902222943,624.1541715441314,612.7472201967402,132.1164058452936,132.79231894351088,132.54413543592645,7.8983771217732,7.812883856188768,7.8124364394935935,199.18035798609378,195.78522865291083,198.62427273963922,198.8906578533787,197.35484770387055,198.38923169213214,131.65240349018103,129.59267791528748,130.97211799138327,131.6469571660601,129.62645687859722,130.754243349409,5.119223082315232,5.178953801399705,6.222410791410695,2.262187603349248,2.3278550968375757,2.262995411190098,6.278075115697812,6.244085780365902,6.259095391962931,135.55182252250702,135.42582827692863,135.84828158946334,63.391969841289686,62.563387831911385,63.3663028293574,12.99412049664958,13.990046758340617,11.361676209357892,10.817191755945938,11.76100052834445,9.101244781488349,50.569970305266786,50.484408863043605,50.45596882916914,8.581219966518438e-08,8.665782494522838e-08,8.495950228359334e-08
N0319,0.75,afternoon,False,True,True,1066.0845642929546,1109.2406984748693,1091.1200960630028,927.5229444910743,967.8952648425982,947.4244715516612,930.0888375989763,972.1932305994758,949.5890959779973,492.8650058057983,537.4447381750168,509.9704382421341,449.79722694244475,477.5998602867878,448.62292473668805,120.52439279731855,122.09647192534466,124.70679273149369,27.896535598976826,27.76663505154395,27.860284470586762,188.9810016284786,180.27957152371832,184.72152083649874,191.94204853727922,183.32498897684056,189.99213248839823,124.11942651855246,116.56668149659356,119.96440740980053,124.9749190095697,118.38654893298742,122.00416960077948,18.883482816353776,19.044107849413063,23.080140157164365,8.428104735378353,8.465022930330672,8.432057518305827,22.22560399787,22.264371033490175,22.29416088253644,123.07975944178624,123.23073403937138,122.69545013085127,52.03464586382676,50.25510509857863,52.767603034037485,48.330659898649024,51.70598416188331,42.1269863876379,40.13020820290918,43.23842854480815,33.66716574310997,45.06996433274522,46.276545918640714,46.094336068891764,8.030797373793589e-08,8.119346086932899e-08,7.959949040110679e-08
N0320,1.0,peak,True,True,True,971.394074196978,1020.8640652254778,990.7692099119913,825.8911031989209,882.16764897862,853.1931385165932,833.6710898987125,885.7703154283491,856.8779477533596,409.33238916433163,464.5089366676153,426.17740751353824,370.87886340830465,407.01586556873133,371.7386279260725,117.66287050836965,118.52374864883939,123.35754253683567,36.56555718073614,36.78034005218765,36.49582847046752,184.64595835312815,172.6168188429406,179.90833362607677,190.33743759116498,179.42596860533865,185.53518307650728,120.84038225590693,110.96180393480385,117.10538640487805,123.25231665378932,113.93593584252126,119.24039025864141,24.998756353717997,25.151485434290194,30.664215364307925,11.086192645221612,11.197188036143539,11.090800829755619,29.504210798077775,29.507427798448283,29.524600694411806,118.99185106670177,118.02605350570293,118.5211146670522,47.86029429361933,45.82467165477109,48.39305811342739,64.10108713272648,68.13790785042863,55.484304620760305,53.07921661252194,57.367987544835515,44.44543147433349,76.43051652155268,79.02432079984548,77.58110585040039,7.76704503015045e-08,7.883034372027198e-08,7.719853853486109e-08
N0321,1.0,peak,True,True,True,972.3749410496955,1024.2138056856838,996.9963669998676,827.030610331662,876.2920243896868,852.2182721922547,830.4615007396021,879.6096204429107,848.5908411507033,408.24586232937094,461.77561354571395,426.74550967486334,368.83949119304265,404.8495465112475,368.655817422932,117.60471039479108,117.44244077984924,122.84602920627363,36.60510009518171,36.83288501723006,36.78182334977466,184.18105975963073,173.12136861800252,180.44319199850452,188.413130478038,179.14985620029273,185.76173422950922,121.05838619190031,111.93705549650332,116.47177933282883,123.23204167560961,114.52460171228331,119.65110215628496,24.901420047428015,25.110905000619002,30.488246223292407,11.126508788011586,11.174718971762765,11.14402339246677,29.393653756111036,29.402150171145895,29.57251367655262,118.20927743822598,118.49631596249269,119.15758693070006,47.696954046980046,45.72255071011878,48.306843165218886,63.99432930231656,68.23128373444457,55.458077917170066,52.87662818697165,57.2474177589501,44.60196689690225,76.15156720201074,78.72626468321728,77.98211908385272,7.79409825193689e-08,7.881442745582011e-08,7.717317614888452e-08
N0322,0.75,afternoon,False,True,True,1069.6675547218697,1111.9432081521559,1090.0079340454909,930.3526916899964,971.9041241775546,946.8623680862439,933.3844863577219,973.6894977266079,948.1845257145746,495.40794007361427,541.1276826691411,510.618331259171,454.51545180926314,478.5320986358148,453.10445788276166,121.58637678873475,122.77059620013867,126.1842960029702,27.72042141785039,27.755936182644525,27.711267668884922,188.10273145432382,180.107840856208,184.42646841198874,192.21520855369883,184.71755823251064,188.71946279140238,123.09384691577785,116.2300762280898,119.63561237389249,125.91363701905533,118.1099514079053,121.43707611556651,18.85901620712542,19.026969287052083,23.102526041234352,8.380895714802213,8.407390892332813,8.404802377148881,22.358359884397505,22.309101317758447,22.139300465207775,123.22240380452246,122.39904700844666,123.2746520252146,51.95922876256084,50.34937782610297,52.46984145960241,48.379097787156724,51.59562996626452,41.94893088219828,40.08169706813967,43.28758849135943,33.55543869911939,45.10396233809371,46.08302887274171,45.768395956950336,8.006439809244054e-08,8.151910358392998e-08,7.952268993891733e-08
N0323,0.5,morning,False,False,True,1184.8911902123223,1205.0070214927634,1196.009203677728,1041.6772106104463,1067.1946049540202,1051.3945341043584,1049.166189713264,1069.7611766744033,1057.7784925764977,588.966152680629,616.8356275198831,600.5459000276554,537.3858250517584,557.8404788059349,529.7396019344746,126.39110322974993,127.07253745381026,128.9810334836291,18.676202034623522,18.718099852096962,18.6983509116963,194.45227167139856,190.27812612951507,194.07948264976503,194.84893712422672,190.87808013616254,193.37067286961008,127.75423013577945,122.55748715881883,124.6067024668354,128.86005530802615,123.96949906291944,126.36596202288374,12.783755824859023,12.881528919095924,15.701985164581995,5.63293234105679,5.746915810016834,5.689288254703163,15.002217747294901,15.054289951424732,15.004951884355206,128.42020610746405,128.62819127220342,128.78020308985188,57.13327198539252,55.51755131907913,57.68237687102789,32.870916234904335,34.86256649931072,28.621000930744774,27.168372526297347,29.20041671793463,22.75617211048333,37.058762694046926,37.470827404670175,37.66112057111845,8.248182631027427e-08,8.301702233780996e-08,8.202354800543497e-08
N0324,0.5,morning,False,False,True,1185.414954844957,1203.1015226345523,1196.75899472243,1039.7319664596976,1062.5272693339107,1051.4147904298718,1038.6465834798348,1070.4928179699964,1052.432526415506,590.7205292646836,615.7616287862483,598.2734987954542,533.7528778727027,555.6349317799528,531.5295008229375,126.33430532839705,127.83681225175577,129.28519254543335,18.718016604733556,18.728968597849374,18.670681947692234,194.18718894158587,191.15263925966997,192.91330579078502,196.09759849128372,190.71728019061032,193.82343125680242,127.11430894741152,122.00658153637075,125.7710193149219,128.4678599845126,124.03830060415872,126.45731148903549,12.753573885847228,12.797357862405695,15.65355831261819,5.677314134019744,5.724384303774834,5.6461344616727525,15.054458290174386,15.079675190712754,15.041782651214612,128.73879341349115,128.33977615432462,130.4968832064036,57.1351941576783,55.626931134878625,57.57006533392442,32.8776960878262,34.987469714477676,28.378772269765886,27.02233103284507,29.439501991920658,22.842001624757675,37.16851015436463,37.48516442688499,37.656559188838536,8.234368663117095e-08,8.324922607422807e-08,8.106621681281854e-08
N0325,0.2,overnight,False,False,True,1295.6445365668367,1300.4676859956423,1301.6258347811042,1163.9348308005156,1164.3275769497977,1159.8179680691987,1148.9666849319517,1165.6375327836804,1154.4601985993809,675.7688121241229,691.539533232773,683.9749282084084,616.636626286444,622.967513926229,614.6768988195835,132.00578705128996,131.67675736334198,132.54803419829636,7.81045607729348,7.851797838998196,7.8448065812910475,198.2606949599293,197.00277957966253,198.09098624167402,198.838853391227,196.49662500687984,198.62019591791187,130.14333562702973,129.34120103367016,130.3894073465256,131.9143932760942,129.70500227495126,131.00746746530191,5.103005734289034,5.157624560926242,6.231858741081155,2.2562930536218455,2.3253980769011613,2.2687023424970816,6.252372831946715,6.250807946811766,6.253856797850877,134.8410119909682,134.65168601122295,134.81921726335855,63.25112858602911,62.721702140056635,63.441746967617,13.016835159769993,14.054058836539504,11.323725535629148,10.80081461598413,11.723296985435388,9.060467151761902,50.75481036796935,49.982223331276614,50.079705528089114,8.544865362276141e-08,8.583254522317e-08,8.48099813164583e-08
N0326,0.2,overnight,False,False,True,1294.260492016613,1303.5554433255127,1296.8783189192955,1155.4051419272625,1161.0968569689949,1159.226816980169,1148.6157009718884,1166.7829820665347,1165.6788270351753,676.3196180909098,692.9643088870611,683.0908556731607,616.83792346495,623.5072662541546,618.7940413851483,131.33724853763226,131.82599094580644,132.8044286468083,7.809914832206009,7.859499606791057,7.8241653361335874,198.25652901149954,195.8878285710502,199.833383941571,198.70826064476682,196.50366073903112,197.58841184504885,131.08065557387945,129.21991774050827,131.2660799124378,131.62936110476437,129.2292566596573,130.3573474973763,5.09468321783039,5.150016639027455,6.248504933844975,2.2644761368778186,2.3302535128412583,2.2564025720213357,6.289305721422346,6.261322443260995,6.25981366330877,135.3761392102529,134.7923807564378,135.64982621908976,63.064379326219836,62.672395803238686,63.205891639979825,13.04827481807814,13.974060260509708,11.382691556693839,10.865586214762212,11.723492168862576,9.056854604443378,50.832919173798814,50.261707407901035,50.24418494726646,8.557428856067534e-08,8.616873941966547e-08,8.494859575804129e-08
N0327,0.5,morning,False,False,True,1185.4620210798312,1208.635938706997,1189.7712698526047,1037.5361257366476,1067.1300371316788,1044.4613048187307,1037.085504981207,1070.2709219062428,1049.8025094560624,593.2833496668601,617.469951098221,598.5773150873437,536.6664555464254,555.8112593900448,533.4361868600374,126.86167306998824,126.99767504672307,129.32726141283874,18.62143222756177,18.746522442801847,18.629060857398496,196.66412641826722,190.8075202449787,193.09715156429093,195.16154808346892,190.0632951915088,193.56564058358336,127.85198302399803,121.88847409521954,124.58835027083755,129.05129835493696,123.67847223619381,126.96926490109756,12.852828487479076,12.785039884038449,15.610745176139863,5.686244719360378,5.734636155617447,5.708420270698099,15.018267870694837,15.013063666172807,15.049225530315821,128.942576798892,128.36136547708085,129.12608784735866,56.889899593053755,55.741563226275154,57.45589100113544,32.65709269523503,35.000295373759194,28.486892842849535,27.159654135293895,29.310856292453938,22.733787650584432,37.24902409863311,37.608375817347046,37.7001105093256,8.174403181616381e-08,8.299903216769623e-08,8.203778723988381e-08
N0328,1.0,peak,True,True,True,974.3528159686215,1017.6114375526612,995.2073752071531,823.4680709574654,879.9770273824247,854.9600946091955,830.9077338267771,881.7281869517066,858.6220387075322,408.9162879882402,465.1820089079003,426.8338013885355,369.8551225320752,407.99624442462084,369.61919935565754,118.26274462185184,118.18576474357806,122.4069615277296,36.806011420107886,36.61489227770307,36.64246773694081,184.5271625537277,173.16806241990724,179.75513818234506,190.0325280579163,178.97142687842077,185.2549295738591,120.67741248248012,111.14754956393398,116.54894442032008,122.8843196089358,114.1603037830528,119.50512900622859,25.05211175297637,25.00835933616448,30.530974158133468,11.088043447926374,11.186067162436178,11.106211601078444,29.38116028107823,29.49462224753788,29.46317605665045,118.69339001614772,117.6813587082845,119.00717516416381,47.81178174388342,45.782465037808976,48.51855106292057,63.76626427942969,67.88413180296524,55.696528340418844,52.903944126637676,57.234347881415076,44.078859812179736,75.95350968710184,78.83693629561937,77.66171323598833,7.806369931402984e-08,7.891729190299346e-08,7.701623654357315e-08
N0329,0.5,morning,False,False,True,1182.0720922635835,1206.736261892518,1191.2652886550625,1041.303048583848,1067.0035283714035,1047.4615895764368,1039.8212149460944,1065.5607345699148,1052.754074722604,592.5862833774423,617.0556946218015,596.549150130189,536.253158691807,557.6731474526237,534.1248202616756,126.1712358633682,126.19391946737903,129.1231901636784,18.689777322237262,18.85804158892024,18.786408596136326,194.9660970344019,190.85530496048503,192.2505663035857,195.9459507833908,190.87746902275643,194.18898248572452,127.52844941417723,122.60956739718718,125.16971204475152,128.55081511925127,124.27922343139034,126.46713389610423,12.771901264971213,12.86207613774728,15.617200469669061,5.649150726699787,5.754463378637971,5.670692344091356,14.99340179571252,14.99904882412129,14.97739760171417,129.28872519830696,128.62889576826478,128.51532837947963,57.323804146811405,55.85151233059265,57.49367524824895,32.634141316820994,34.93334927305842,28.505783293576304,27.257143985693688,29.14423674124788,22.771092663856024,37.15364529223734,37.249255414137814,37.78782105806416,8.24266294397019e-08,8.309146555457662e-08,8.202325580226974e-08
N0330,0.5,morning,False,False,True,1178.524268710028,1210.093835414418,1193.052672625641,1045.472207770816,1066.126481087133,1054.0608021350365,1042.162524176791,1070.1225738877336,1049.2217066903665,592.7269362899746,616.7284090915227,601.7768431122402,535.4191339499112,555.2238019352716,534.2511075768958,126.02530417833265,126.61378023793165,128.56643618936343,18.81236550987941,18.72782949646376,18.717397010092125,196.90845704956192,190.22445686447176,193.46142994492604,196.28623930526476,189.46399763196607,193.95869729091788,127.25425500271712,122.70231183121639,123.77347524674936,128.65651437331533,124.2815086689602,126.65136432199964,12.832161926355585,12.834836812867549,15.6205614096578,5.69481558352545,5.780563005564023,5.743273412034336,15.06079587570678,15.023456521903796,15.041098546642392,128.88908362648894,128.50961295250025,128.9401548937794,57.186550696726115,56.1025845024393,57.24353036633294,32.72781308849157,34.964962871776976,28.489729291467214,27.03191119026115,29.40191791165369,22.75639444830983,37.266829612355885,37.428011936500106,37.63514177789871,8.243908873030057e-08,8.33329553990413e-08,8.192206166195833e-08
N0331,0.2,overnight,False,False,True,1296.929738621727,1315.709147519972,1295.9847883428172,1156.6942440721843,1161.0841094641298,1159.4600234698441,1156.609059939283,1166.4706793050964,1157.9584311728077,683.9235056586078,686.736883743659,683.8640295469838,618.4438863733885,623.588434086772,616.4218595769815,131.89887414211213,131.69405776960775,132.75036660073135,7.847294359352241,7.8353594141331095,7.816874760524337,199.33985223594038,197.5648830518152,198.45102327443783,198.72471405880586,197.3065923209244,198.4762846767942,131.27814470154564,129.27933550265567,130.50724968793114,131.0707034493028,129.95453375022737,130.58596251932065,5.132750273974811,5.168237404977883,6.242008857406238,2.2504527137581083,2.3198926309767973,2.257515394374343,6.228584144803694,6.262268754106295,6.241228257116485,135.59299499068015,135.60158437269223,135.45353223050265,63.581265064600714,62.60841951232962,63.737108058797936,12.981106966670016,13.924622307195273,11.365788600204286,10.796149384353988,11.680594067183899,9.086393016664452,50.454725628787216,50.33093986099627,50.658185415005946,8.560885847633703e-08,8.596643090858438e-08,8.486397400685154e-08
N0332,0.2,overnight,False,False,True,1296.3727000751728,1302.0142952179608,1301.4211439577134,1156.7113114567019,1163.478689954397,1157.778023045414,1146.6142046081563,1168.4327259406116,1151.5495898978793,678.3528961801389,689.2550825003248,681.5786018324832,614.8222643320697,624.0733328922008,618.0600318472638,131.3018806664016,132.0541875059982,133.01362400851096,7.852056432565367,7.835109115258158,7.864362633068948,198.4782459904758,196.3531370517257,197.1711063680717,198.7289188604434,197.4334073795394,198.72506947870332,131.77009741219607,129.07642371674712,130.05567527658044,131.7957201895601,129.5973537858927,130.67020769370149,5.101981105101326,5.18737709826693,6.247590231199244,2.2562977709685783,2.3394319887214783,2.2647177359641795,6.250069377503184,6.261141244371771,6.235187919287952,135.31981812763246,135.21419818346504,135.03376830517448,63.30711934493137,63.02109596332944,63.24393138453182,12.954444818041587,13.921439254492716,11.438057336343556,10.796143666275322,11.729406842184128,9.087874727070275,50.71715696160968,50.199746616111504,50.42831291655238,8.590913596849224e-08,8.596585983293823e-08,8.528319897583805e-08
N0333,0.75,afternoon,False,True,True,1070.8018590055813,1119.1968076297578,1094.5790390992393,932.1629228821042,974.3365373683267,949.2709869370361,929.8078462777859,970.1621310427566,951.6202886575863,497.15590322763404,537.6540380696923,505.2197375816498,450.45387682703176,477.90000758423525,449.07191768541975,122.24177191274109,122.02545561874007,125.25832035605198,27.716502608629902,27.800193076905437,27.626764331687742,188.81219196258508,180.50046067022663,184.9534176324022,191.7843285351846,184.47495906991682,188.68141922758878,123.15573036815388,116.58406113503104,119.96006149419928,124.91518189447638,118.04078570658673,122.2699068629861,18.875582128111375,19.018152958947493,23.170599535165618,8.401574262525184,8.546707749951606,8.448997402401815,22.312251929964056,22.333159233489432,22.236189555985955,123.55426322260163,122.46887442541329,123.29890857029034,52.2335068525207,50.35375231447882,52.13339672763514,48.229503355718926,51.370245912616866,42.1846689468016,40.00241540667789,43.146869754792675,33.80498718253353,45.28925346114219,46.341910193112575,45.85907576372676,8.035542249246803e-08,8.108023719802106e-08,7.966902134057028e-08
N0334,1.0,peak,True,True,True,968.7760681746048,1023.0370224001609,997.9459287980011,827.3565533499213,877.0236825794411,850.8673605978752,828.4334758233701,883.602990114815,854.6938036009859,406.45214303912206,463.0372352380028,427.11828332657035,371.14936426504613,407.2629471012773,369.90746101498974,117.25281289280322,119.08380496694316,123.18124106281975,36.670873125465036,36.885685304211435,36.65147656260085,185.20583146278432,173.1176932877593,180.0835358059785,189.14227317925503,179.0653180292635,185.38628111224497,121.27326065809534,111.98005427035615,116.91070401135714,123.3931507261307,113.50875527240305,119.32130785676794,25.09578909185633,25.030376144542718,30.38890871416082,11.058864355528597,11.192081362397278,11.12478223485187,29.363234249023215,29.57037307570415,29.57448710129897,118.82177700135551,118.17173791540462,119.18609471239903,47.85218526274235,45.71094959811307,48.44054392616351,64.17844880757656,67.65889418150896,55.35084351711868,52.46438510041755,57.03439078979301,44.392301270500894,75.86560267468339,78.61734807656406,78.00304868885556,7.775674218361251e-08,7.876336272714494e-08,7.654383810829202e-08
N0335,0.75,afternoon,False,True,True,1072.648684442391,1107.3278613791376,1090.3478599938287,928.99126013277,970.7905717293821,951.276214244879,934.2200843405182,973.2359873966697,951.3721051738922,495.26247161275506,537.881412378114,509.97568374268945,451.52957888722995,480.75646635095103,449.17148202649895,121.86122474134535,122.53021993445864,125.3589060303817,27.735457357891473,27.79855101806102,27.78430880852252,188.89058660524762,180.2433290220804,185.3157117594725,191.48608027212558,183.57755252747899,188.20999180807806,123.26710953177587,116.41069743866991,119.78996278616101,126.1764156635003,118.45304984672607,122.14696240899438,18.92378540550769,19.11601623726593,23.160942042850497,8.377962062996426,8.472453477457462,8.42887580390112,22.118704653524965,22.26629959560635,22.177323403986918,123.1356590159868,122.93905655263899,123.59571282368483,52.251967774619004,50.36335161347634,52.54759150401557,48.29112690027519,51.57609338766734,42.16177950350424,40.21446246813952,43.090242038339476,33.72709352479977,45.28247112158482,46.31063084244818,45.95301652136608,8.003677575015002e-08,8.140881528175826e-08,8.007995677256926e-08
N0336,0.2,overnight,False,False,True,1296.468529154585,1310.1204578310226,1293.9459693630588,1145.7913055060146,1165.0010060223185,1154.6447975674291,1159.0865766741,1166.2982894345137,1160.2069730219876,677.3233599341322,691.9857247199436,681.3243660328524,614.1354596577993,623.598315045036,614.9954903074955,131.47957857695243,131.79673651517496,133.46211210992172,7.846814143321894,7.519818259574172,7.683614592259356,198.316425649035,195.87930328968548,197.66149137331684,199.65127436873152,196.76234355729633,197.91034397731258,130.88625798553846,129.04055929214633,130.26332873266904,131.72685733455455,129.8375791567939,131.24240906168254,5.100221190171071,5.1645045807769,6.262739508486527,2.2557245912061883,2.3317052402911687,2.2523831099455762,6.255419532511608,6.2366848589652655,6.279070205702037,135.9005668685673,135.19251550867213,134.71549310675428,63.3569959001953,62.69458593672853,63.41102455468973,12.989077012743426,13.969578264648378,11.377058333378686,10.838172984092663,11.692246053554078,9.12983099630416,50.27906568484201,50.174986317932,50.551098348551726,8.578388136994909e-08,8.65058507651774e-08,8.5099143519699e-08
N0337,0.75,afternoon,False,True,True,1069.7573533201694,1113.9650654431066,1088.2381811852429,931.568603162897,970.5620831596057,947.809804807976,928.9023065656047,973.4325376960531,947.4301044500933,495.3332037694765,541.0474637701444,510.8193673731039,450.408361141643,476.64001305532094,451.6636498947823,121.59207698478811,121.75840644795946,125.06864597525467,27.624958842857005,27.97356523311883,27.70358687361055,189.4688808243752,180.6177740060168,184.45234347211232,191.49520321818613,183.82381523674593,188.1227753789973,124.25220976675166,116.11561345385152,119.96216604853848,124.93708182737865,118.43124927476154,122.28507683074388,18.94613425695094,18.946798896985076,23.189132201543533,8.432704275496686,8.503386808630115,8.408795797942295,22.284431791290746,22.2667930151536,22.30616296222682,123.23105236939774,122.57246790848042,123.47626358183044,52.204629243523925,50.30850901623013,52.30651312279912,48.82261924543634,51.48342764976552,42.20815777946471,39.988278235991906,43.25826895722896,33.68112009626267,45.029295017996425,46.031534672662275,45.97155527876047,8.014940515834231e-08,8.107715736828477e-08,7.929874024728919e-08
N0338,0.2,overnight,False,False,True,1299.4076612904007,1298.066954208298,1301.2506039315922,1148.8889037418032,1159.15573842757,1153.8225057556424,1156.8623119520335,1162.0007860322496,1156.7708764789006,679.3202716332693,698.6391463800124,681.9898811033655,615.8022311566543,624.6452872449596,615.8533962027328,132.7674960569124,131.4903612732322,132.85586002739015,7.817879301599575,7.505545275385489,7.6373238646429105,198.71373439323398,196.18459100308584,198.1833162453047,200.40858577095344,197.23795276900282,198.1679744904701,131.36810346579,129.04750766343705,130.55369142782504,131.56751602316265,129.79910047411934,130.44918715050144,5.068495757788968,5.145096795101876,6.25552068836785,2.25659572926026,2.320192461419861,2.2606137571244744,6.302304850968917,6.2517301089728505,6.262158084893951,135.22774715280795,135.43745001078594,134.72277242409683,63.1786097944771,62.57994674778201,63.39831859434965,13.050704786374661,13.984245169556674,11.344588082771608,10.796577831713686,11.755272092614335,9.088139539643716,50.49696425234,50.27790627192229,50.54716383728521,8.586926326395614e-08,8.593427361142278e-08,8.505418446998131e-08
N0339,0.75,afternoon,False,True,True,1070.4963968661702,1108.2845863233888,1095.8022714551605,929.7349870199234,968.0954185805077,947.4292835060971,926.3310319565642,968.1937329540758,950.0824746537069,496.5793653328946,542.4788705621074,509.74000180723783,450.49034740945575,477.73811995839185,449.9418360264607,121.6549464089066,122.50460758679206,125.43448979689688,27.640499585012698,28.003023358244487,27.663331433923897,189.89840727293475,179.9025497511062,184.76433673661194,192.5536494780822,183.92657065193228,189.025247312658,123.64886366464704,116.4242491571553,120.17573278011066,125.37050112082873,119.33960202185708,122.62896038605886,18.93499859438032,19.028023854161166,23.085297106811794,8.438312754124873,8.495889854193464,8.40653374481177,22.227618092906873,22.2801201190345,22.27942471255481,122.95589460404669,122.95790052995086,123.66687171047988,51.97931281774916,50.32030586671761,52.39100514066081,48.331845503819274,51.68798671677631,41.98047779949649,40.0876314177742,43.347645005756625,33.76852928345301,44.96305860275007,46.26411075305693,46.212032547403275,8.04574191129922e-08,8.130013877007045e-08,8.006960565975339e-08
N0340,0.5,morning,False,False,True,1185.4562813085063,1207.331887033897,1196.6541203925847,1038.222276879399,1067.5518384937425,1052.3143469390382,1041.0004880645297,1067.7530657600025,1052.9907919423933,589.1057158814094,616.3096748002616,599.0836457319721,535.8805186623055,558.050446413227,533.0212759244539,126.16933104946813,127.19516862971722,129.2080029660322,18.622758890450086,18.820862778372884,18.747405325885282,196.29855716714872,189.94603918240284,193.3497912734809,196.39533497253106,189.71433856214068,193.63446799508287,127.1760759845416,122.14045929368953,125.11554807842198,129.3604309720504,124.07238078215494,126.46242759055481,12.722456233409014,12.795289087917212,15.666096094959956,5.657051256713293,5.746363052725145,5.6740918030949965,14.908093486670401,14.983651338707828,15.053046586944946,129.12021337226687,128.30704131873964,128.93728279937073,57.29379063860578,55.421037599103876,57.33863130681431,32.755901418973565,34.84482362739713,28.44789849832918,27.175526673145637,29.171899936223873,22.81874654493048,37.128940705538625,37.29639947924797,37.806176310914175,8.206058664511632e-08,8.262781159121883e-08,8.218084516111786e-08
N0341,0.5,morning,False,False,True,1178.0645541318752,1214.0148552676133,1198.3758440128245,1041.4917905801046,1068.5370950453423,1056.4841510560957,1037.5527859019394,1068.8502508988186,1053.0024681853206,587.313011707976,615.9980397797975,599.3813910230712,533.6017339022459,556.4139861055678,536.5767465073832,126.83834852757319,127.22678323002701,129.1984036775009,18.795439162432785,18.76625297608838,18.669720700060676,194.84595643520024,190.4070563154606,193.64260033065324,196.34288223575976,191.48409122227667,193.5528846667903,128.03598501733484,122.46648702200552,125.51394805492167,128.32340086868524,123.67634887383204,127.14310859602791,12.793840142432762,12.864334299287663,15.714313443404635,5.697987907345834,5.752357202612414,5.68406673750619,14.964703454588907,15.040166088631008,15.022998253738505,129.2468798188825,128.4764101398664,129.03329939808688,57.27460611228883,55.70217607462122,57.203868980346485,32.842444155063035,35.04133291080806,28.46035925658655,27.05561088199412,29.383643541834335,22.934941063535284,37.16547008256125,37.423729534294424,37.671271487491616,8.274266800247899e-08,8.315849044621258e-08,8.225385348088496e-08
N0342,0.2,overnight,False,False,True,1295.1453291843525,1300.0678268842698,1291.2725612300353,1155.2736019569454,1158.1564470037595,1158.8458843081476,1151.739606338343,1163.3890930767843,1160.2414837268316,679.3975916789894,691.5926818514722,679.9696473059965,617.3175345609121,626.0933771419368,619.5728016794354,131.82887498909662,131.76078029134882,132.9170132559203,7.861581851059466,7.816757660825611,7.7816779268257195,199.02799872697537,195.85229723256938,197.68065846578017,199.9663727948613,196.89739412941188,198.40548580615598,131.1393062750991,129.3456820813658,130.24199498394944,131.9984662507641,130.28509694203325,130.79178796600536,5.087049392633378,5.169709324196798,6.226788285352285,2.258063959541374,2.3361354787376807,2.2521234857345993,6.274456445379105,6.276889811047811,6.252950858682191,134.90758546334146,135.49576972558984,134.65314472749705,63.5359658676146,63.128327780552056,63.247059917118094,13.03880490336264,13.93501135318813,11.342192343531536,10.821867303878433,11.77839871561509,9.095878650980499,50.59345299313754,50.1434701696565,50.27339387635845,8.558405431645698e-08,8.569845536171197e-08,8.499912250371425e-08
N0343,0.2,overnight,False,False,True,1290.5725043840441,1305.0778763424003,1298.0496863981773,1150.2421553157542,1162.317983818391,1154.7135260316563,1157.520823856972,1165.9277001980856,1163.7049294422677,675.01784299094,694.249055327678,684.248881524073,613.769644951304,625.6173812105578,615.9647856913539,131.58767028059074,131.72770265709656,133.32431013713153,7.817974511537017,7.862937666313608,7.810127255634921,198.20031591001057,195.60588296462234,198.87655450228402,198.70788023509107,197.6979592785328,198.21443386283627,130.94035380795032,128.59437429023617,130.0508720661355,131.85432923243985,129.42716053811026,130.27149951510268,5.076950257417712,5.14314630331413,6.182972048789525,2.26203393955443,2.3172004823074723,2.258565717776177,6.260763586107128,6.273820257282597,6.232833179322985,135.4371277808036,135.60959288567014,135.18763129121106,63.35568542850806,62.55774880037491,63.22191319802164,13.020944649467397,13.960972418321765,11.395198375797815,10.788232603921536,11.727063414756302,9.019707143577559,50.67146779207063,50.119322873791944,50.45651792617052,8.570999180596287e-08,8.588047066791265e-08,8.459206151510038e-08
N0344,0.5,morning,False,False,True,1183.4753635488078,1203.4049570526897,1191.4051197759,1033.9181907622628,1066.7805957055184,1054.4024846043155,1047.1735056325447,1067.3371611037726,1054.024338054127,587.2281403466263,623.3789146609719,599.5785665381945,533.9689728601858,555.1288620877026,535.6789712422886,126.92431149362565,127.40065604182927,128.81855278892564,18.658210133992185,18.778906470653936,18.77209256156423,195.18700073092387,189.24556723278855,193.61570002347713,194.89080586468137,189.51451260264452,193.58098574538394,128.18791255080149,122.66634628348217,125.2466295388664,129.15055158471415,123.64151813126001,126.1071043055801,12.826841995114755,12.851744906787957,15.667352389578268,5.684480120533992,5.753953147279052,5.690748953955063,14.959985398296803,14.999605139998529,15.067561827849005,128.56654974216386,128.35929419288402,129.37668327247718,56.93285477137561,55.75931354478335,57.114882973298634,32.67882212383481,34.92304670305569,28.601260841672005,27.10588282863038,29.279115641053952,22.811237224556358,37.25116256004725,37.384319027996106,37.78385305942134,8.244399916167858e-08,8.351284187342863e-08,8.201452784486658e-08
N0345,0.5,morning,False,False,True,1192.6052202627836,1209.5294491322184,1186.2857107404845,1044.9154515749196,1070.1536730463356,1051.0311412122362,1043.572328028306,1067.7474624038068,1051.159903780796,589.1078996116477,617.9029914532839,598.4846695721604,536.0247876902451,553.9800641530157,534.7615245120867,126.56591507518556,126.84157372922066,129.34496210402315,18.754703938210973,18.697076089603772,18.74629514052687,195.87166991548875,190.10356835302517,193.66681785930146,194.56440747574038,190.87432574738605,193.68726725553708,127.29408961309814,122.6235134841457,125.7389195439185,128.61885305214824,124.38190906816077,126.2360137450695,12.820458266884904,12.81149530354423,15.649246483393988,5.684353755479209,5.746901917331888,5.669928388794518,14.958351135213876,14.993369827459805,15.054776228278504,128.64550918493654,128.54466126352213,128.62618952593525,57.06680803882191,55.971335301269406,57.407294458034634,32.717634583105664,34.947422673233405,28.51097286265623,27.080233135670156,29.284390895204194,22.819056010261423,37.118204584884296,37.44399790333893,37.63753568884581,8.239521935335743e-08,8.350803144823725e-08,8.214874210673971e-08
N0346,0.75,afternoon,False,True,True,1076.2620359496173,1116.7386661431653,1094.0589468954902,933.4951112043536,966.0109319375736,950.1306997023402,933.777052679244,975.4616581760328,948.9258537371087,495.1220155592351,537.0139333033682,507.9522669065928,449.16731887121483,480.0651493381409,450.2022868258887,121.61220671846847,122.9096259751253,125.6999020464647,27.809390234508953,27.656701435654238,27.85685164053238,190.28373473469284,180.33096159375702,185.37179447679313,192.17834320924715,183.41999333011188,188.30015285507096,123.20376405975996,116.24942220097047,119.98062063593667,125.908676411885,118.35192357935932,121.95554317822487,18.890714132105497,18.931049405709437,23.157236033342507,8.397155163705763,8.48617001589975,8.418634535961363,22.225052273135862,22.314812101726147,22.222925565909453,123.09599602253776,122.72493435037866,123.454198316942,52.2068363347212,50.54528181606642,52.40510982636262,48.370299241110146,51.650723768093805,42.083712321975746,39.95244415005113,43.251070484517115,33.57691583256825,44.92475009021686,46.186394653682015,46.184237599001925,8.054080056235224e-08,8.14458507307149e-08,7.966834038532254e-08
N0347,0.75,afternoon,False,True,True,1073.059045260046,1108.0284675945154,1092.329401869882,931.0005518525471,964.7738786995411,952.2026712433059,930.0609727097531,970.5363425334397,950.4273760135541,496.7693068775321,536.7875568629931,507.77365485742877,445.64125098396374,480.794367577576,449.95407885412095,121.9706138178499,122.21718660997735,124.93658868887769,27.684742151033976,27.722884752758738,27.57927961703593,189.5235409351403,179.88544857104,185.30240508737498,191.71203305018622,183.44921497528262,188.63117445646748,123.8230103924177,115.95487370003869,120.43419285622089,125.00391319755784,118.04526873969398,122.43411346740156,19.021328364131055,18.886437464145303,23.073674381103753,8.406973500264266,8.497393417592942,8.433543684529171,22.216479434673403,22.420687052387507,22.262423353613865,123.222481917335,122.5033560014795,123.19708557217841,52.16107258598618,50.100538081023515,52.29633701027427,48.16758701149805,51.50652569163758,42.403310988377015,39.8509947336208,43.22561612573696,33.74591932627503,45.10895398745612,46.22799008715927,45.90696481821973,8.02229136421777e-08,8.109379212493013e-08,7.950381230841993e-08
N0348,1.0,peak,True,True,True,969.2464308596869,1020.6989608523564,994.9031867649255,826.7569269100192,878.9057841006786,846.3743896598978,823.7779648852219,882.3402969573666,855.6265943874484,408.2590880150318,462.32227929602965,425.1121996496761,369.6011972953627,406.62548443817275,369.7123014568446,117.81257466904908,117.83016503290268,122.04779872632427,36.47325674621839,36.82499429696585,36.57551232428516,184.42783305131545,174.63036479603363,179.16513443727243,189.57134139804262,179.41163209595754,185.58695289894834,120.89678369856406,111.41103796685861,116.62975957673252,123.53163441939299,113.71436240862676,118.98456394016529,24.993710233635056,25.057281660640314,30.6535653851915,11.10895406265621,11.126403505936938,11.125050293006526,29.54863919481609,29.514668976220772,29.53954253019874,118.89859730873464,118.02976535051518,118.76002596624649,47.8349326180172,45.8643861783742,48.66044168303865,63.69260320689674,68.41334005655459,55.58766958519205,52.93008748118408,57.11736817231304,44.402632621119054,75.84580949023297,78.95714504421666,77.54439022647288,7.809268140384677e-08,7.889463612564847e-08,7.719289224544517e-08
N0349,0.2,overnight,False,False,True,1289.059353139625,1308.4486558189797,1299.8425815474616,1151.5293110756272,1164.6150380901167,1156.1394980566624,1151.4212998513724,1162.5398566996787,1160.8950115603307,680.4283033568684,691.8314473873811,682.6853363452233,616.6921727140567,627.8233166990643,619.0054103837707,132.10073949643436,130.95922950256391,133.04710743709472,7.819773777377003,7.504396482812772,7.675260821630413,199.56043532362264,196.59861717637273,198.06396252322338,198.31981554628499,197.13013789338277,198.38971382615196,131.34491981184445,129.44453285956797,131.05626158726483,131.90875031176594,129.93971240507105,130.69414970350664,5.11056568112793,5.14514692824088,6.277165488326898,2.2506433723371386,2.3231058937731364,2.2543598740045923,6.2485937853227185,6.252853547256615,6.2351594766801135,135.74230247682908,135.40040640767518,134.7176581047904,63.471521274196725,63.05499656309455,63.49322808341723,13.056279698237235,14.022305040821912,11.385431775931552,10.765113696753698,11.73348880334997,9.120073282040352,50.22974457957852,50.47758502629501,50.67685140509525,8.563963704681646e-08,8.618534385691671e-08,8.500287888150105e-08
N0350,1.0,peak,True,True,True,969.7757369161329,1023.4445508999171,988.0558417597573,832.6634755186733,886.2835908112199,849.1825413752392,825.3912694037444,885.3019381952607,849.0279993059805,409.65869924909737,468.0876794228053,424.05752267945746,368.689510268052,410.0070590509864,364.1054949645999,117.94067371422055,118.17331898003113,123.1009624900554,36.53226137010161,36.69560316974832,36.64849099509621,184.99530258707966,171.7724436722682,179.51162067963799,189.08738515914956,179.95839625037613,184.90965324097075,120.9277896245045,111.8153483819074,116.05765632776756,123.9541369551724,114.69838209365787,118.47596861387026,24.93155780509688,25.00387661896736,30.55897431367521,11.095786337674701,11.215694341767788,11.099506106048254,29.523300187071072,29.503925630516076,29.425773399045674,118.65550942862072,117.67244082093649,118.61045992100266,47.91078740870322,45.631899723491216,48.48831184246597,64.06406817354728,68.13060226398152,55.34925042475935,52.50371233298898,57.166184994326095,44.620173610480954,75.83953628370176,71.503929708048,71.04277465661673,7.775416374208298e-08,7.896777518159117e-08,7.755987587743603e-08
N0351,0.75,afternoon,False,True,True,1075.111964901266,1117.8228857600707,1087.6012755005297,935.2371455839348,973.2748577234299,947.3915614133343,926.1074362967718,970.2302923428363,949.9864175597082,497.4052923810117,539.352056170489,508.73681801848295,450.88486355739417,477.7068580128856,447.191830423263,121.89681966544862,121.99671912202477,125.44940109039221,27.643538149833212,27.834742260633394,27.735699797423468,189.23297293276732,181.21387546855584,184.64534669644962,193.24829677317717,183.78559667625984,188.84140204961332,123.74497951662136,116.48172096377544,120.73683912759383,125.50774212647636,119.13595038461865,121.5023384857622,18.920607037076067,19.03915378466563,23.093385426748032,8.404332011139113,8.455505927542092,8.412664496926315,22.33905007818208,22.26896687027858,22.429151617582782,123.73779955330691,123.20611803843529,123.78850214838329,52.32732291737097,50.176212797733214,52.47641588441853,48.63574846041114,51.65182249156396,42.05218296677125,40.0382206863468,43.17133308590057,33.74890218351426,45.047468905016515,46.47683706143287,46.00178369372551,8.079141715946176e-08,8.139302264073287e-08,8.001785533761804e-08
N0352,0.2,overnight,False,False,True,1295.3006138483502,1310.2505188700363,1295.502496796261,1157.1577941269065,1167.6924959204705,1152.1561616909955,1159.7580894575112,1157.1172936822636,1162.7396261977033,679.5505261279117,692.9333378773686,680.9230036637795,615.3324743300079,627.590334303412,614.2025958762162,131.81759171108757,131.74208594000814,132.35623973245026,7.824014908666114,7.499969908237041,7.69136283958281,198.6751761531145,195.61075847752087,197.87363755017475,198.10958089108914,196.70682509732117,198.2901406428237,131.42120653551052,128.7714301089345,129.99782204365147,131.79391682612368,129.65457304971582,131.32667947370425,5.094842083634715,5.204526424526737,6.232779432230443,2.2732091623378654,2.3219562398340527,2.257038373640537,6.2697783815528405,6.288321444670992,6.270684646925888,135.17267845795584,136.02224758043695,135.43971169107567,63.42165329270143,62.57979892864452,63.109529716586216,13.071405606248481,14.013927246117925,11.368866127302862,10.814965080399656,11.709874880903367,9.0630763770499,50.42268828480394,50.168190851164375,50.82667720687033,8.540101478673971e-08,8.651601641520655e-08,8.463377509749178e-08
N0353,1.0,peak,True,True,True,973.3831729617857,1024.7102678161664,994.7240463534348,833.995086299122,885.4897638666047,851.3987856694805,830.4494506769405,886.3858907466395,850.6912449606162,409.6154641988663,465.78267730128596,422.91360892999506,369.8032730973402,413.2979370249567,366.7200879346907,117.49757794661359,118.83747529727758,122.41405995798628,36.51391811428287,36.81142191519804,36.42984339230308,184.99771659706587,171.91821364388315,179.45126871708553,189.63865861046102,178.90771064808274,185.15986882777375,120.32150506971796,110.94646988659643,116.32270511649979,123.67498180457262,113.29025677927645,119.47536374339309,25.12984074885149,25.149056870162138,30.55087286453759,11.09668906922683,11.19128102415848,11.11504782560446,29.423552716031114,29.45519556948545,29.49017271705882,118.51547828532102,118.0473743606213,118.8874186213538,47.838625355334365,45.715355591120094,48.36019321893511,63.89554130990526,68.42901971473876,55.5144150609529,52.93519080648881,57.4857795493607,44.3054517279164,75.7371327962064,71.58158208927118,70.60651320978278,7.792641273216785e-08,7.932349229151645e-08,7.721077575633649e-08
N0354,1.0,peak,True,True,True,969.9713936836313,1024.6606237533385,996.6284501671191,825.6428619512507,884.3230417649123,852.6547315275479,824.5712555122799,887.9659974159059,851.5533739363848,408.150815758612,469.98860113490065,421.7648076574471,370.5200649958785,411.1392192295445,367.5653806971491,117.58205266406958,117.8801879223577,122.33672732295713,36.606400828215136,36.85079439958631,36.69428849702308,184.21126928942374,172.7614877455766,178.87954185876336,188.38483698558125,178.73592184154367,186.11876851767965,120.50233053207076,111.35214963313432,115.96408545964537,123.07595665056967,114.6331814299877,118.85978241429932,25.01268804827476,25.130671855929553,30.677997946289914,11.125230059509821,11.161017595764564,11.079178240910753,29.516166174214494,29.609073332064018,29.493051323386833,118.24188413539852,118.11074427446934,118.55216848215503,47.879752278439376,45.69204626755296,48.36518153181158,64.03348120430415,68.53923252258203,55.726277681484376,52.779251209174085,57.044231922046635,44.498218100743955,75.76615614997039,71.66126051456698,70.74324636074837,7.790213906355171e-08,7.884331952917158e-08,7.761542045948729e-08
N0355,0.5,morning,False,False,True,1180.7528894286486,1204.900076033802,1193.2548714044972,1042.0435537578044,1069.2274758020544,1054.23298096663,1043.228139354739,1067.6385015067835,1056.8615092682141,588.0498574106025,619.4940778607591,596.0035195414644,537.8052276972371,556.1069987415804,534.4549478593681,126.97472011739173,126.33935077254506,129.4015619983294,18.74054926914732,18.757213640232763,18.708659423514426,197.06975345741859,190.36828037595714,192.30595614544484,195.6473035146561,190.432209221576,192.76944354105595,127.76005441799153,122.61405157801765,124.82163827279467,128.65374010869002,124.36565456849485,125.59009225070541,12.808653715261345,12.868880083772952,15.630876572482782,5.67175381237656,5.748254619220618,5.665087152223493,15.040013005635197,15.074365324936222,15.041320736176216,129.52220779342085,128.5979192644559,129.34609586131276,57.35325598598928,55.8680927156418,57.24594115935247,32.885825677359186,35.06544294072214,28.552347317401907,26.99810601457531,29.364150429228303,22.7131585765584,37.20150445700874,37.37817213679464,37.54653186159454,8.213785335610362e-08,8.333403542682491e-08,8.190087314713892e-08
N0356,0.2,overnight,False,False,True,1289.2787379787508,1302.176325732997,1303.5402884767868,1156.1812751422012,1159.7891476888296,1158.9186813588883,1150.6601598287361,1166.1388282965947,1159.1748711760383,678.8284840084553,692.8624108447792,680.6129164762746,611.6906773377907,626.7513096187014,614.0207545167405,131.6638799473654,131.3098037264745,132.0283630813617,7.788368319311497,7.845362285695886,7.8325452170733545,199.36232953828326,197.39059180082373,197.68328616125856,199.658345561293,197.23471929619117,198.224346518829,130.89516254014302,128.95650412200376,130.18393094578835,132.1543613414528,129.9141176810578,131.22116102898687,5.067983483274445,5.1642963928939745,6.2380399991724005,2.2598101796725265,2.322681585044035,2.270327607634995,6.26924914766963,6.266946091930902,6.243554748464452,135.86670353428082,135.3952822574915,135.10314914767017,63.475277184239054,62.50446627284181,63.77807620190565,13.012594745354606,13.941902649941987,11.371794277985728,10.777181575838446,11.716276389487223,9.115395365661145,50.2246501393447,50.45167173064045,50.32867035265113,8.528667218643722e-08,8.589782888883276e-08,8.454529347254217e-08
N0357,0.5,morning,False,False,True,1179.0842416509468,1208.9353696905748,1194.7709030886276,1038.7119456383746,1067.305735098036,1048.3915364933146,1038.4959029966728,1064.9503105350673,1046.0840823814801,588.738370817208,620.36678854878,600.2124343169712,534.1346599018411,557.4449755537984,536.8691371969487,126.32287287210585,127.22067668088597,129.02662159370192,18.70446427777722,18.722595349284045,18.687331094240466,195.4563616460158,190.14121190991028,193.62637402229294,195.46499059730067,189.72068320070446,192.75085243811534,126.91046489287997,122.70795567876985,125.09516606233234,128.8134535521625,123.63701602907383,125.88172002396927,12.77518301306989,12.861479204209779,15.72704455150184,5.653373328895175,5.77635561129204,5.685446448861623,15.016090419299143,15.059575683504058,14.983689629562143,129.31947057485755,128.95949354561608,128.9479672263166,56.823556478061036,55.795071437486364,57.24643225159435,32.74832624229126,35.0191049467998,28.537084863619086,27.107704761533768,29.194129933896775,22.761613915875962,37.30349634034525,37.51530004900272,37.76170150493125,8.219383978050175e-08,8.309566429218251e-08,8.157278530480013e-08
N0358,1.0,peak,True,True,True,971.2906562843984,1022.0506398398903,993.2070251330758,828.932558884133,878.7848996604855,856.5379187057549,830.7021309262701,883.2286416504951,856.1958146360453,409.8674436491137,463.4094755374844,427.65150047423873,370.92558795770253,406.2564828293059,371.4801193598223,117.64458887392904,118.71242956153543,121.79566771105641,36.78550862783698,36.65135859830461,36.581012735942686,184.54614917815715,173.54206564922643,180.09088191328675,188.27317966274532,179.78888983276417,185.62040012720487,120.31333386134861,111.4019696288327,116.51965064042858,123.25934002209496,114.02466928265363,119.65917038114216,24.876206060296546,24.991532367217005,30.560788258143354,11.121382261883664,11.169954512889912,11.067575818738382,29.415944461607697,29.48799827509403,29.540508502233553,118.63464113687077,118.0522857473126,118.95401877728855,47.72240546047627,45.776909473386276,48.4605449633152,64.34763753333188,68.17973522251737,55.4876551571094,52.915831906097004,56.84330016485288,44.602576516771464,75.98359229093856,78.82910543533363,78.34950725535516,7.817103371644465e-08,7.905318557403069e-08,7.651916856460424e-08
N0359,1.0,peak,True,True,True,972.8605573996846,1019.9005824577918,997.9107076493874,830.0150484643004,881.2136706950712,854.9511265794785,827.9813267674156,884.7352512587336,855.6401531969866,409.22052105769484,461.3521687185817,429.7906719514849,368.2191244331279,405.09078814019125,372.33416482372843,117.45999392002643,117.91583312505537,123.23164906325906,36.49222652063425,36.81210827359975,36.78318998640763,184.67982044416217,173.1781248651865,180.2703635350168,189.85187114812132,179.05301455566794,184.89927593751514,120.7142127609116,112.10752792154025,116.03795511497232,123.59812788664921,113.66637746207252,119.24237719370782,24.795117999734376,24.891417455282337,30.441790077167028,11.112887525607015,11.161571844961948,11.023198234843152,29.49928637597074,29.475875977458223,29.39360195365732,118.64212845776888,118.30308106565498,119.10344287681026,47.76585825059356,46.05893510728767,48.32360874605393,63.696283430913844,68.14778285302528,55.68008490889643,52.60790254695087,57.077333061037464,44.34750310962277,76.07040354296619,78.65941880994968,77.75265002379761,7.763740954055336e-08,7.884358141079353e-08,7.706430385578459e-08
N0360,0.5,morning,False,False,True,1181.9020345574093,1206.1997120443325,1193.6239419037474,1041.6342643399566,1068.5343460984084,1047.6094681884183,1038.8630554561635,1073.9522353031734,1051.7650796112687,590.9313339493598,615.4006592934878,598.1348161219233,533.9579446055162,554.42421869415,533.9828358265087,126.82648513457997,126.92754353241398,128.8649715360112,18.75928289041202,18.766394070515844,18.751090132567732,196.51454463921158,189.87027038532455,193.02703497382646,195.37007619946533,190.44169815103328,192.7473963729572,127.40199178699609,122.38482133838446,125.39256905688538,129.27156882745084,124.00493780886393,126.11783811119058,12.773410110755579,12.77361310530458,15.697159831390907,5.695120756750482,5.761284760974974,5.692814177332832,15.064297461888494,15.033329382385322,15.122075675217864,129.3820335512247,128.7888314166019,129.0429639663188,57.41344130244306,55.40801967580777,57.41410092693869,32.66796445885257,34.77810070604646,28.41165925840708,27.10958185382554,29.30370169288252,22.784098663827617,37.125058620629396,37.29351515959991,37.60614839742972,8.24209837708123e-08,8.299512219567457e-08,8.196384968080942e-08
N0361,0.5,morning,False,False,True,1175.9164576468525,1207.693716361306,1189.4570881264028,1042.8160934248606,1066.3485318740943,1051.0370660342735,1040.2813358178614,1072.300981465333,1050.7331632588175,588.6713334102808,617.5345878842597,597.7683660538772,535.5913082641089,555.7909448207345,532.9754933864688,126.54415599049621,126.52893247370584,128.9003343542665,18.701810788606625,18.8000782512145,18.68869023709227,195.9268782269328,190.532410600849,193.53322506385416,194.98102482178112,189.67073946528413,192.4278977864441,127.54076870634574,122.57389189762415,125.56745599952755,129.165052985874,123.4031773567685,126.59393760796318,12.823421272837422,12.902421431397254,15.587097169276488,5.659827640570116,5.741381446121734,5.693855283036314,15.045207199269605,15.083044287258943,15.061292645519515,128.74900527780696,128.61777440211193,127.8015900788436,57.0390658448135,55.89235680916935,57.36406538408721,32.74396807339714,34.9645818552326,28.539167668503836,26.952774447095887,29.308221521217035,22.765958961049957,37.04449762681975,37.53080845168999,37.81663876523911,8.27257161201582e-08,8.339682510099351e-08,8.165054551414755e-08
N0362,0.75,afternoon,False,True,True,1075.238720561971,1110.4932632591704,1093.5824739196366,932.547441299899,965.332563754221,951.925662272499,929.1696984119035,970.8024472992522,950.9715647569409,496.5457987438115,541.7181017496152,508.93207076849103,448.69973906535375,479.6630036595461,448.7494412145126,121.2735744486426,122.12794923326032,125.64647808293103,27.852485913749046,27.836380534620044,27.67697980838731,190.01921746434206,180.68107142869985,184.53859414450432,191.87668556120806,183.31161931086882,187.52549912537452,123.47230860363312,116.66431705220946,120.61322880414271,125.79627476307955,118.41000301796309,121.52447799259478,19.086397360773162,18.997645235594362,23.20982712248869,8.3775379467909,8.449837174657556,8.453664880751013,22.27691882318767,22.34518801667222,22.28489622957038,123.39956567695954,123.11542068926673,123.64782582238672,52.0212730469388,50.237053037020196,52.32102273856288,48.46842310002641,51.76514060316569,42.16142231817403,39.98016815718666,43.40236438612851,33.78074720533954,44.98173694227808,46.20932610283323,45.947887172719724,8.055508651490256e-08,8.148735231868645e-08,7.987125747355407e-08
N0363,0.2,overnight,False,False,True,1304.442765734913,1308.0067705161905,1293.0890698603907,1150.4338107460542,1172.558570713272,1159.7565932772184,1152.7680243734026,1165.99243000881,1158.0101776977685,681.603224184044,693.1521858087706,681.8568148993447,618.3313575543588,624.1926975491817,614.9866917946619,131.99350718738978,131.96176414031544,133.27504714749426,7.8109980701368915,7.544177785231333,7.711514923439412,199.110763756841,196.58740646436584,197.87276813930865,198.0903554020039,197.2377200160645,197.68622985597176,131.52198396170652,129.50846749113978,130.1291845737983,131.191065471198,129.63346619370157,130.4096226463116,5.082090364084303,5.176295294941355,6.196069742711009,2.2632305940642796,2.3292258302195195,2.2646769829873157,6.2749697785822285,6.284365514766718,6.259916637311749,135.10528371031182,135.0998583408905,135.0037776883469,63.6007672465323,62.70556579451779,63.623899160404314,13.034301191007149,13.980422411946536,11.362380505463861,10.795956618444416,11.744865831115833,9.141888326377881,50.396785722337036,50.245004135026726,50.594847594607536,8.549256395153835e-08,8.545774931278802e-08,8.443836312890045e-08
N0364,0.75,afternoon,False,True,True,1071.9179784883681,1113.1399824574232,1090.6494891758518,932.71435555197,968.0426765218889,946.6276043383456,929.3513976563888,972.9002111119056,950.5923753000952,495.9642921700323,538.1344981777938,510.6106231918298,450.3463197780788,478.5224209596635,450.49190505656577,121.7258667231695,121.89021580256815,124.90324211077598,27.771320146276985,27.784259244891572,27.65755239256698,188.81139882847535,179.30642953285127,184.04723901504835,191.55704948363257,183.5730479912259,188.01120249327371,123.55433598668347,115.97773038852336,120.10914668475634,125.55125247645634,118.75833376535196,122.49489638703575,19.013612397120966,18.922390093815025,23.055996248899138,8.366941767481022,8.491563571294428,8.41583359164337,22.212345229320327,22.407853877934503,22.46242424008322,123.73666553908483,122.58174629826367,123.32763130377782,51.943252761257,50.20529786939924,52.445015964158415,48.473248055981315,51.3226160447911,42.16582970827954,39.97760150628799,43.318677452198415,33.788347662454115,44.94396066611333,46.44036358734444,45.82864588196571,8.050313189861268e-08,8.134064605211938e-08,7.985018523949212e-08
N0365,0.2,overnight,False,False,True,1298.7240985927742,1310.9185064939077,1302.141349950189,1157.1608980295102,1165.2287881998245,1157.0518528932303,1152.3197553353054,1163.7808009492728,1154.5345295835773,676.4241199841863,690.0408584868294,682.9100332076953,618.6286341088378,625.3129039758218,616.3940733587992,132.3222498610981,131.59581922831654,132.5317958450762,7.833095608932056,7.534835784779126,7.686637864798478,199.39187679463734,197.4169618190815,197.5894739160388,198.97308718632715,196.30991312703293,196.37590572350945,130.7999894398752,129.7518987695011,131.09817388564497,131.98157166518257,129.22417981653743,131.0466700935502,5.104022700206827,5.185480337872695,6.2380876000432846,2.2593276024166484,2.3197365680565203,2.26064066534635,6.220756873138157,6.264739470037258,6.287276742276045,135.28660719024842,134.75932814492498,135.20077868683347,63.58323308031475,62.918959820994104,63.21604975351277,13.002811244457886,13.975778484108377,11.409673546799958,10.80225020703427,11.748260055514287,9.152095943745518,50.4490285548497,50.372868935579234,50.44473691263679,8.502807856542707e-08,8.617779854953797e-08,8.510965341009776e-08
N0366,1.0,peak,True,True,True,965.4491873958923,1023.5893139633829,990.2171425685578,833.3078953534216,890.7180657095863,851.4913694152687,828.6543775401813,879.5346946830225,852.9306030138531,411.4193467092562,466.20884240674076,423.61182127026746,370.370930073738,413.52613329140337,367.34832450417395,118.03788121302617,117.78259868381394,122.38358050926308,36.82332881021608,36.89883122757701,36.66038567079052,185.22900052376843,173.32551581819737,178.24118561218359,190.1787891633613,179.45143825155398,184.34545730119896,120.74644677016583,111.82321939769228,116.14908714635571,123.34388052376747,114.4728505919215,119.11110302737607,25.090569305144925,25.175755883942983,30.530667678068514,11.07662019810527,11.137561964014795,11.100331375054502,29.429605942956336,29.42461964383044,29.449448362938394,118.3011327445919,118.14440075281934,119.00569208478736,47.95836641202947,45.51624255166431,48.44104304721252,64.00119223738082,68.31577125701405,55.63390168804608,52.887527060503075,57.151005271866055,44.55746062873671,76.07056956093375,71.67021099880297,70.7777172001719,7.764680218895574e-08,7.941793065210727e-08,7.72070965497539e-08
N0367,0.2,overnight,False,False,True,1294.1306244298855,1307.8470223279426,1295.5481065181673,1147.7541530427013,1167.0084708769184,1156.7888760270064,1153.2936321578763,1165.3752170337048,1167.3319742220235,678.2216492992659,691.9101622091387,683.5917497305506,620.9261512964741,621.3788398952872,614.9733823452354,131.36050785827763,131.92974196571706,132.95143936505661,7.850144261637848,7.528163825561994,7.6811671789561,197.6828809973944,196.78520214342845,197.6030791762636,199.11539114720307,196.3963113023074,198.61982885313068,130.89471486437355,128.7448866205416,129.53081650404548,132.05280548465578,130.33915663207247,130.98437798553744,5.11229973404761,5.16279592286718,6.247752699564854,2.2559818986695124,2.325134757401064,2.2653014690162605,6.269604926887076,6.292747096796827,6.2706664598102035,135.04064283982825,134.79147535358626,135.69948499927278,63.49643738276202,62.59248096758543,63.266137525984185,13.06319002175632,14.035423960689842,11.355882979155044,10.822214354287455,11.723144367556365,9.054331515402657,50.597002702478704,50.41303695580128,50.70802594292927,8.530783836495854e-08,8.604640657660404e-08,8.479160414368502e-08
N0368,1.0,peak,True,True,True,972.0699197202836,1027.3231010780516,991.2987328386066,827.3318948866955,883.6372446009581,851.6596345448066,827.8262464807351,886.686545633651,844.5427417622863,408.7829347645093,467.5280725164077,423.5450168642983,369.64113972002,410.6572930454382,365.5037465968419,117.25410893409519,118.37191535056665,122.73734155480798,36.526458586950405,36.74135537207175,36.79012281548298,185.19039184446765,172.86925273351827,179.0306372598539,188.3702441436722,178.286510904961,185.03360430732755,121.47451777380567,111.7197754460477,117.09553096766135,123.14687436025629,113.68376857625938,119.41154417147719,24.877002960648763,25.044268079836243,30.67410285327182,11.10451170196985,11.180579955833053,11.060827399340145,29.423300890562786,29.43690556833869,29.5147849795097,118.5256823132948,118.31764970228433,118.71514707515142,47.60670775973494,45.550718089142705,48.63548592322519,64.17995747587574,68.59309892943482,55.78623649736627,52.577256061202064,57.27732709707967,44.39853408405254,75.87825606925077,71.35926658719286,71.03150345668377,7.812739105298886e-08,7.873125120750062e-08,7.733335196538712e-08
N0369,0.75,afternoon,False,True,True,1069.8931675557874,1114.5641927110416,1094.9681790317832,933.5410227039221,972.6867352040658,951.0048150964209,922.9744812395172,972.8434180880839,951.2296333312806,496.9891934487158,540.2157515641388,513.4154419785722,449.4912083502986,475.84187516140923,449.530697559581,121.80416825489247,121.90265733461905,125.39473820456865,27.6503735303589,27.7814434526999,27.56690715081437,189.16454317688684,179.7495698604304,184.51195203596723,191.9584991256824,183.64576876259488,187.63820260925212,123.74468782135793,116.8246845617398,119.4831505180635,125.56661081532489,117.9745515697938,122.3601102545946,18.98514753441634,19.007261304225043,23.15684427688646,8.37695057764255,8.494445271081798,8.44565616102273,22.324851507077643,22.256971215892044,22.20013418107576,123.49452692317382,122.89022563957428,123.44068778079287,51.757414788341265,50.36657809274629,52.64150292213608,48.46739050870679,51.8086701040309,41.92911487198937,40.06167499685305,43.413993087971704,33.836725594904095,45.25513135649086,46.29085902129445,46.034169849903506,8.011445861683748e-08,8.117865758976383e-08,7.977169905265524e-08
N0370,0.5,morning,False,False,True,1180.3411807455993,1205.0746937802398,1188.908734783302,1038.6812730295437,1064.0641920644114,1053.9143343936298,1039.4036953413452,1068.1410965897585,1056.0534560954477,589.6470430051396,615.9318178459987,598.9331855449067,533.8443069879178,555.3642680245064,535.2266547564503,126.00911513452702,126.89941272830168,129.26900797876544,18.7220273904291,18.781123975428457,18.77717754337362,196.1196505618852,190.29312648116237,192.57186884310718,193.85172525499797,189.72762319411902,193.60310550106428,127.69432316939404,122.91987449543286,125.11377087204745,128.87480463520745,124.41650338589218,126.66615365153426,12.755173205870525,12.886406357834828,15.708329697061679,5.695483626186343,5.725805766709566,5.632869713746906,14.99618176974515,15.074347475485151,15.042861719397989,128.74425016529483,129.19474416525358,129.3962333838973,57.06903269249534,55.61335220973062,57.7625670232021,32.82414643414925,34.90795044708293,28.54614324013119,27.133149795197543,29.254403542641736,22.747339019185116,37.16609099093721,37.49414017930975,37.66324621195783,8.216737048403384e-08,8.268544252679724e-08,8.201411499660775e-08
N0371,1.0,peak,True,True,True,972.5910838092956,1017.3069887728348,999.1311718782629,828.1444421757469,879.2749184896294,854.8130572159533,825.8410391813676,882.0136294118491,849.4700892650504,410.62556250343135,463.83468682191983,426.11204206745316,367.2715621549077,406.6617305507518,371.825305885343,117.7598278501758,118.8135892317125,122.69354366655226,36.59823725191373,36.70623344851214,36.57311100843697,185.19435236061616,171.88656103094578,179.06944821254976,189.76869544235026,179.47539383347893,185.2413416285931,120.58345537540873,111.90832709198332,116.0346729831124,123.35892231428275,113.7900489631266,118.92494090686704,24.913579932133633,25.150396641475915,30.528091758346456,11.141371348362773,11.162204263206627,11.098853820395753,29.405780710509315,29.453561797564863,29.494219062080422,118.48301727887679,117.99047339309635,119.55023475196616,47.62529797107162,45.47527011479333,48.717899897550524,64.22948312055011,67.96523946061492,55.550571177618615,52.530914730672194,56.95194298112927,44.360592352966194,76.35386478149574,78.54861906793077,77.41851822880666,7.794319225054875e-08,7.866087235780121e-08,7.75652744165279e-08
N0372,0.75,afternoon,False,True,True,1078.0449147997303,1108.3899249156784,1086.2294565457748,930.9112043200598,970.9234126799581,954.2482024576204,935.6278906487926,969.1076834168017,947.8712474570123,496.13046689827524,537.7455349133628,509.9013592634602,451.551178754927,477.96529596143233,449.75702832579543,121.42571944377235,122.02893404879265,125.36531336438713,27.75664897864584,27.874135455853878,27.783493837488273,187.63270057064153,180.3986750316645,185.0905461081248,191.52935255617956,184.3606304040653,188.2345910439184,124.05242262800495,116.28482411457459,120.39966118718532,125.47131153397338,118.07872951417767,122.32482478158263,18.92956493165654,19.039720571023604,23.13674994267312,8.375345536032007,8.483531471533693,8.412294414191114,22.205276791172082,22.243434608476207,22.34498037069291,124.16530398072915,122.8481806507507,124.13083023640408,52.1039212129788,50.298940108831054,52.41465581549162,48.34291202417382,51.764342826044484,42.125937029007304,39.981539990212404,42.98704114268062,33.741671086836824,44.95006330230183,46.3846989289013,46.06521652447267,8.084828017430718e-08,8.135969366955725e-08,7.948684533406561e-08
N0373,0.5,morning,False,False,True,1182.5394268675648,1208.3011167238553,1190.19291618223,1044.5260591048616,1061.4071721446078,1051.1942984284842,1041.163598055132,1070.9202762859175,1049.2745427232787,587.9259405476803,618.4494091754145,600.3120896081526,538.513542023883,554.8294377634658,531.7790616064651,126.55383151627738,126.98712888580013,128.82342976541455,18.828316260709972,18.80004195721328,18.727053557966745,196.03571159966535,189.65075625286423,193.91814555977584,195.5163792103445,190.40550753635787,194.0541742139363,127.8229692047925,122.40143908086031,125.19919438775177,129.0114141557038,124.07987178448025,126.76810040933462,12.852352612968236,12.851059274267596,15.654550057667965,5.687922501847188,5.7434257054926565,5.668253164002297,15.054429326556544,15.074065394518913,14.983749108233841,129.10909930661376,128.92551396841574,128.81870658354973,57.345082524812824,56.00250984571971,57.30010772547915,32.62566693326412,34.90644491186318,28.396705455359193,26.835992762920732,29.318093949631344,22.851716452986743,37.04587940121082,37.40089738588131,37.694615914435836,8.227915355851382e-08,8.352848798585515e-08,8.144564023794761e-08
N0374,0.75,afternoon,False,True,True,1075.011437342518,1115.9265088274915,1084.6838335106795,926.6236790067625,971.4028287969564,950.5548065321965,930.6992409665172,977.757358653194,951.529778519782,496.8489063515032,540.3969975261642,509.16783976879134,449.85482927929934,481.1567690816349,450.9086793194597,121.36199039440288,122.33600413261894,125.36488706178709,27.802118428313246,27.84769683852506,27.7570922911345,188.80129403204415,179.9951532199586,184.94256117718828,192.1753554822763,184.20074920886637,188.48610241490167,123.74248660539507,116.67681191139954,120.88277422204096,124.94055531253514,117.92037148178056,122.2726987111208,18.839392620092834,19.12456355221327,23.05292817678021,8.435535504243708,8.455696119652412,8.4448486377839,22.316620562613014,22.32235811786956,22.3831290052736,123.47452495910308,122.35780939790759,123.51438042654082,52.194517587149655,50.20272495852513,52.684178868976126,48.48608502900572,51.798290041952654,42.045024195557524,39.8268939286835,43.33600840129038,33.49603439362034,45.02638786308032,46.336653957711505,45.85923576529375,8.057047708752926e-08,8.110797351131674e-08,7.98839923035854e-08
N0375,0.75,afternoon,False,True,True,1068.3891589733073,1106.6995378660308,1091.735326233334,931.9056172574542,966.2883297336355,945.7181251874853,934.1286774536512,970.9774721379986,945.6892513989676,496.81593653562203,540.1518984366501,512.0547096459339,450.85233151188027,475.53082180731565,452.5775935575468,122.34352400774354,121.90048762037738,125.26612456757071,27.82415647880896,27.891979235325742,27.661936635883443,188.6063047106066,180.20311321641776,183.98370575145694,191.9010707948173,184.26585176706553,186.951454591096,123.39999554903723,116.83910751309968,119.92607415462386,125.87118468633338,118.01012036276863,122.11316138239529,18.88442420868105,19.004026726575756,23.130797262163266,8.395686453340502,8.464479666544312,8.405473492548232,22.193766636366668,22.294726180546675,22.323287118244327,123.62432958158071,122.07167218334834,123.37488376559901,51.962102083111496,50.38243004104659,52.474889817430984,48.213081633573566,51.67159865354348,42.204292515409136,39.978125105204384,43.23607999429165,33.718700709554824,45.15606128865529,46.35223495352778,45.81863518014304,8.048653938577779e-08,8.08632248198637e-08,7.977377108560302e-08
N0376,0.2,overnight,False,False,True,1291.1490898034801,1304.8130804834345,1296.1800846876413,1150.0055852680273,1164.1800131796474,1164.1495266429797,1147.986841533364,1169.6030738443526,1155.5182936211936,676.5323622039525,692.8205911211184,684.8494184266513,616.9761650396761,627.4854095595654,618.0151711115816,131.6207885463248,131.919095658932,132.95400757193752,7.833859197249266,7.513931480416499,7.6867930403293565,199.28237582113127,196.4560334121786,199.41923314157026,199.24005410832737,196.08698416645268,197.85376310070401,131.7286264834097,129.2069501551662,130.05800724654847,131.68943512169378,129.34542503053362,131.5007861718644,5.085654931719546,5.178471459127124,6.233581822107448,2.265936597449339,2.333041130246992,2.261432932553281,6.271752012952313,6.2487677873982195,6.26201919520833,135.08562655843681,135.41735330451695,135.6507254778715,63.80857076371968,62.94831753225816,63.51946064395578,13.041354531129958,13.967743890631466,11.426892294086628,10.809053235496572,11.726231895103078,9.05550436524085,50.2631756911962,50.30112610416164,50.79938307583689,8.5638507267569e-08,8.635568799989e-08,8.496315040627502e-08
N0377,0.2,overnight,False,False,True,1285.8821627619463,1308.062048884771,1298.482826540083,1148.3516130342675,1162.0462302463466,1159.5846271826792,1161.0908041422297,1164.831810911341,1150.7401642747889,679.0972580792575,690.1784294858116,684.8719341257216,616.7508891669197,626.2760588171255,616.2394802802679,131.55782981708705,132.32003000201968,133.2559493099062,7.780741398600302,7.50867850033181,7.6540334145888735,198.39523507517305,196.3401451741183,197.78536905217152,199.04537877287262,196.820851793409,197.13811336124584,131.1684032076914,128.95329874546275,130.24347842430868,131.11602067397112,129.11995080027256,130.4410458623959,5.079811866922747,5.17574185786719,6.238641594122189,2.263741348938665,2.324070941456518,2.2628428281129436,6.280921678058675,6.282123760655857,6.272788368460057,135.40068468748,135.16243842683556,134.57326828757522,63.39758591416768,62.61489573960329,63.63630118456192,13.023834865258225,13.915337394191354,11.340048768882127,10.84167849102075,11.693064587885472,9.086668091935206,50.17798601174351,50.46918450986204,50.44446887937917,8.552642817344073e-08,8.588797651938354e-08,8.47759802018892e-08
N0378,0.75,afternoon,False,True,True,1070.5412862578032,1113.1260827562944,1087.7875577620412,932.6246036693954,967.6651078618631,949.7052711061538,932.3406022809842,970.9533067847017,948.4405881769642,496.29149758940866,538.4850325726509,509.9748058118085,449.3633035007132,477.61118357182676,447.84794010048824,120.90090144460567,122.68362615568934,125.0320664097149,27.790970684493367,27.850162331374722,27.567609397975083,188.47918383542947,180.16941074748618,184.90093743255665,192.58920373216614,183.53007887261967,187.94682129447202,123.68619826877944,115.8492228360483,119.97552638878942,124.95653280972299,117.6780254979297,122.2949670505437,18.97958880653017,19.041825491119067,23.086386698253843,8.422854765996444,8.461621589182366,8.39530742699748,22.204932622495893,22.31763005796764,22.285026841340354,123.76955595597121,122.67933555474336,123.63484627687222,51.99769769940321,49.85848253782623,52.411866490966446,48.58978541871907,51.38641597123945,41.99122976919106,39.9677805208612,43.22480607014018,33.59416608761357,45.11274359226081,46.1477450817515,45.895021207868886,8.073604564942546e-08,8.132432018612717e-08,7.983401196850627e-08
N0379,0.5,morning,False,False,True,1180.6167393848752,1206.764139557559,1193.2116029106442,1046.5585126656608,1071.7101676174955,1052.225976283166,1039.566452000892,1072.995143803704,1052.9666580391058,589.1146547872311,615.5599174080752,594.5023622016479,534.8495687226464,553.1210278447763,535.2112513050754,126.08323713563027,127.33729178589749,129.03334051312058,18.732593822724933,18.8072437167709,18.70712885050215,195.36610903104614,191.41193823568366,194.10703425414522,195.1622490887407,189.67869825232532,192.91630205808224,127.99979362141181,122.31370837589695,124.81106402822206,128.67418001746745,123.72150213800587,126.69054724868964,12.784353488360983,12.807051908738272,15.650009350900246,5.671801906538636,5.7472528144344235,5.678359733435104,15.07518825497924,14.96174275679066,15.131257279391143,128.52618584235387,128.47218888064356,129.21523492272135,57.08336799405183,55.58862925309604,57.00498356171119,32.571087077788526,35.06504849152353,28.36834215923074,27.091860266454468,29.275076272641037,22.72797776419462,37.04645270945384,37.37869524744496,37.81418857260863,8.25687534120893e-08,8.334209179135286e-08,8.21897421798802e-08
N0380,0.5,morning,False,False,True,1178.7166135629718,1204.0428019567416,1193.4481872537433,1039.8523924799074,1064.9549290788261,1046.699937050189,1042.3595071120085,1066.934430367383,1053.4141004142791,588.7761675532373,617.301182296815,598.5448152965957,536.0342974418694,555.281485434608,532.1981244367803,125.71286892568473,126.56147881951931,128.90569495401482,18.762598915748317,18.676390918743554,18.801226310039894,195.57327053122907,189.25176131255677,193.56922442092883,196.25628949529923,191.21878402596022,192.94095984226414,127.28871502033446,122.61792371273005,125.7004647135005,129.49133437728352,123.9273920217272,125.80474635340104,12.791910574886451,12.786133389762112,15.663172452585567,5.685606595075254,5.746956335804788,5.670708748320367,15.050568013639465,15.06800970440223,15.025638107304498,129.6391662475231,128.76285532663377,129.03028114373305,57.15341339658265,55.98673038671274,57.30287792883542,32.81815500898823,34.932321388063386,28.51674276195848,27.02072509708143,29.362179792826343,22.763413700211743,37.05523361596516,37.591036267251354,37.7801495510635,8.229486604446048e-08,8.305045424000153e-08,8.172844447192569e-08
N0381,0.75,afternoon,False,True,True,1073.5219395418248,1113.1025221505486,1089.6135943486463,934.8363889863869,965.7050044394514,944.328858555682,929.0636348108917,969.5615036461277,948.115805852598,494.4307795238378,540.1142123069708,508.67463702612963,450.3737632627016,479.331786395117,448.6737685868567,121.65220462546266,121.6879940499576,125.65571756944345,27.82202345370949,27.798673622234386,27.655256890368523,188.83803497214427,179.5456269858926,185.0248499060434,191.40248149410962,183.49506772834138,188.48483658069208,122.93036004647435,116.33707879354367,119.4676013634952,125.20983103297685,118.70996604103435,122.0233027136181,18.83985131849728,19.006686909570707,23.20152402394707,8.414137358203929,8.473244449464849,8.433077098178549,22.321241671840216,22.19370429924697,22.28641506405011,123.28834280314064,122.82236415425406,122.96250981933159,51.890551939578444,50.47220074322234,52.51755176982143,48.61573269010864,51.560484199986156,42.16347762748007,40.0962115578139,43.3102032739075,33.62056994440922,45.110013445857675,46.373377899437386,45.81040001586425,8.017250517199699e-08,8.116770298368781e-08,7.970602256905547e-08
N0382,0.2,overnight,False,False,True,1297.1033745928928,1303.2973099775795,1297.2541751969056,1158.9268081662203,1165.6314905099541,1155.8871232383494,1153.5110470430616,1173.5020145764247,1153.4839901336882,682.7816125003208,693.3515548894659,681.0421065532817,612.8490519613772,622.6374532837896,617.5203878066945,131.76972273368162,132.01612669560836,132.98272367912568,7.856740564438,7.550802101653086,7.6595459756728355,199.84043616911683,196.7521913770683,197.21225021031077,199.33511129349233,196.45027735537653,197.88933907274955,130.7049938661538,129.63734819885522,129.89008730303055,132.7686604834163,129.80552654946462,131.10492302294284,5.063300408826082,5.181046399130319,6.247634401432514,2.259796924940964,2.322240359901519,2.2695556576725417,6.256756276552629,6.244722759378942,6.272851048113249,136.01899571055927,135.2294525333713,135.16850843233996,63.61200114661646,62.68582114230447,63.84200470327403,12.979451243342947,14.00691559607867,11.374610026152324,10.744931479340654,11.69499466398332,9.105212713730827,50.495680425489056,50.275935912748714,50.54465189919596,8.552448656116513e-08,8.586353885025973e-08,8.542587800768253e-08
N0383,1.0,peak,True,True,True,967.5011595086314,1027.686539553427,992.3346119594366,828.2222704905698,883.1375798371989,850.5384668582229,828.2406466998733,883.5760940504282,851.4505023683473,409.62396983790944,468.8437373764405,424.3893395522021,372.00533453535144,412.11902965676586,365.3561461271088,117.17777406181392,118.05526554984354,123.14197043034316,36.715114878357284,36.79166606287394,36.4578408139856,184.5626343045577,172.37234423107677,179.92073482825035,189.61245673814932,179.0263013079667,184.70987814640418,120.65759961237562,111.50029115372998,116.0949566740468,123.21740636671244,114.19188203171088,118.44061178202755,25.10257067251625,25.244270332579145,30.524761595446336,11.097507537383715,11.19257049862116,11.069409660748294,29.304034373200974,29.42640564974243,29.419860174548152,118.83652137271433,118.19277661536371,118.69274124852541,47.59788906841536,45.65942869283177,48.60916000929129,63.668619035458875,68.51658947566958,55.72242083788867,53.00772626245152,57.079170951269965,44.42715483032663,75.30927742531449,71.46518991027753,70.14705738582751,7.829735017242153e-08,7.886510504078167e-08,7.750214548164106e-08
N0384,0.75,afternoon,False,True,True,1068.4456828769996,1111.427070134876,1088.866538506556,935.3639002298613,967.83401771587,951.7159546843445,930.25539184515,971.2415352661087,945.3420652511564,497.0259694391502,539.8281937325571,506.3902316216483,452.45948778729644,479.4271354013391,449.20953171929443,120.99648225726166,121.58162982043223,125.41139659186486,27.771620402928903,27.767073679732274,27.63860770004315,189.0376902320283,180.26912048794273,185.04873207711717,191.82264182211222,183.79958940749827,187.5974418706062,123.36730069351805,117.17287675663755,120.30572137551653,125.96163722981728,118.05877740570855,122.09964366055883,18.962355410836043,19.03478107945723,23.190537638757604,8.426516248339238,8.483322371483549,8.430639684299974,22.19420123733961,22.32585333166349,22.30222100151681,123.5112846630141,122.77396663889198,124.21547525254667,52.062182629419745,50.390990845394505,52.520422267978745,48.58912396584063,51.65542261365858,42.17628245317062,39.932303623166746,43.60825434836473,33.730092482088445,45.1130107863561,46.30041511280964,45.69154533340259,8.047319931357133e-08,8.11875155918052e-08,7.962838361351661e-08
N0385,0.2,overnight,False,False,True,1293.8356190485172,1305.0418862684182,1294.4436478643029,1149.7846776566814,1162.5767552380994,1156.8587412785323,1155.6763758138463,1165.4977476160807,1158.5701051134442,677.0983905457924,692.3738962919853,682.1121083399078,618.6237552981204,628.3557450817842,612.0382159333809,131.40188817362508,132.09786199035662,132.7936816834251,7.815107727748656,7.540147420550939,7.6986146103583515,198.97501039637834,196.72327981306321,196.69936813255376,200.15639803813644,196.87462195854513,196.46511452107788,130.89661110068647,128.6593102801952,130.53210363659804,132.32605505217003,130.15400828784732,130.5574154532614,5.080975803659402,5.145173427806,6.228839172157369,2.26100021836057,2.309228038599591,2.267765996365081,6.281022573597372,6.266388222706099,6.290229020775439,135.87683465462118,135.53882329329588,135.315034985467,63.378870410642584,62.959857122514116,63.38646090919379,12.989077960234644,14.040270012310703,11.305528243486384,10.785360463927057,11.734363062508585,9.047064402931058,50.44105594621834,50.30800502792199,50.33499170671163,8.542798362614172e-08,8.568599866747223e-08,8.471216950509652e-08
N0386,0.5,morning,False,False,True,1181.6718802339776,1209.1987179456041,1192.4589027203895,1036.6384482309763,1064.5858974100736,1049.8358932058939,1044.7076064975831,1067.6421273542628,1052.2049693221536,589.5389359750761,617.4526065529953,599.4038286509544,533.335660416665,556.1617789317614,536.496680909138,126.94357350119807,126.75535335899538,128.1554328536166,18.652420108572294,18.760922290404643,18.686620598454233,195.01399195116937,190.0189775684933,192.89446404863662,196.04830995061488,190.63557575542043,194.080126158781,127.76971540430445,122.90294830869335,124.99969551711787,128.92863890281538,123.82274789277331,126.05807966030217,12.876737409933487,12.840155455321543,15.711356982274847,5.670046077171522,5.714382579198711,5.696740373478939,15.029857649744619,14.985807772361111,15.073070807183472,128.82941306237137,128.06227863465188,129.1902885612332,57.037330677468816,55.88850892166448,57.23166151818248,32.838401160202686,34.963609448920316,28.509724910715736,27.161629809757613,29.305058539617573,22.70776409246628,37.20193959661958,37.390272841847825,37.61783322962197,8.203089939147302e-08,8.275192665939421e-08,8.172341383761533e-08
N0387,0.75,afternoon,False,True,True,1070.0296688043807,1113.4346476786275,1084.0804853639886,933.1785581381828,970.2347045500233,950.0340371661634,928.1434886713982,973.832611471406,951.3176899996115,498.9540764862105,540.7199011681319,509.04685229207956,449.98959041221303,482.1821756298927,448.88338415850313,121.7101946367361,122.552514859439,125.06520913115814,27.854201507720987,27.71335239663733,27.558478061084585,188.48390999008748,179.83305281013543,184.93482749345293,193.14791988101166,183.83759833552097,188.59880288710556,123.33156022178024,116.84598419306367,120.16258958715734,125.3718491558422,118.12493862517469,122.30828849757866,18.962026772315237,18.942388166803383,23.076866986152417,8.398104388150132,8.449973993431342,8.410289011011237,22.27784770497275,22.356666218441923,22.27973795303053,123.48803759963215,122.82494073795577,123.79825151796256,51.93119837684875,50.02637654843944,52.37100667617695,48.570603173805424,51.489353983082346,42.16078229283171,40.1295770089385,43.027416857458896,33.77106305711046,45.04327414990553,46.41965494622208,46.02027893246417,8.029452645092948e-08,8.095245230055292e-08,7.995726732316277e-08
N0388,0.75,afternoon,False,True,True,1069.8330919047366,1113.0468767465918,1089.6575141297865,931.8068869326247,971.0893345485011,949.2053306295934,930.036853239338,974.008056009519,951.4824027538289,498.1986700007516,539.5125601088713,507.76296932130373,454.65135916101457,478.0907279489548,451.0111794048006,121.51595854317851,121.98633699106588,125.56914588129581,27.55719521703835,27.906599684497387,27.63370130599797,188.7560137431319,179.47763710755197,184.7505956619953,191.8354364360451,183.70055102600062,188.9663713983958,123.60131264509779,116.30913646094089,120.37646354152841,124.58524349187476,118.45499935619338,121.9050130072928,18.920538213109698,19.025802770014828,23.226025599552546,8.420374860236366,8.47679235558575,8.386947683844895,22.31752609716823,22.211612994686714,22.273790336315198,123.39842140380884,122.95074771436202,123.86811353204375,52.10160911902849,49.994585309716584,52.399900839869225,48.6073544822965,51.65095019657639,42.207786005445,40.13008923377288,43.52870852291905,33.37747628143069,44.821831990497664,46.08368976370964,45.837981354799744,8.035994959242674e-08,8.121498611864784e-08,7.975339210972066e-08
N0389,0.75,afternoon,False,True,True,1065.376322865131,1111.7392295423563,1089.9983513434947,934.522180186595,968.6538873542393,951.0904759415405,925.6020483495338,973.0633931315325,947.2019754236218,494.6156431174205,535.5023976107831,511.13624842738835,450.41254611743335,478.09426401681304,450.1467656442083,121.46109623473605,122.17381122401373,126.09040022021142,27.803998944314415,27.967104502236644,27.632340098646658,188.72534946688577,180.19377902463935,184.25072657608587,191.36284061817378,183.49116095266754,188.76938200956505,124.11824771213509,117.17211321479186,119.64772803332615,125.73683470712342,118.22412904977128,121.51578152768246,18.9852212803192,18.986437908970203,23.120166994667084,8.387160392741471,8.493420322967564,8.323547181465376,22.182746985687643,22.228319701126157,22.24324914837945,123.11664539188261,123.36729619969842,123.68816167109232,52.119841000954466,50.17663881712919,52.3892650008378,48.18551091632115,51.753260189086944,42.03763271872284,39.920595772336874,43.31668939377861,33.63130760840547,45.17687161812402,46.26077097742645,45.98474804650448,7.999916074477149e-08,8.121829118203252e-08,8.00043554368353e-08
N0390,0.75,afternoon,False,True,True,1077.0083637210753,1115.1294806538986,1091.1258468091398,933.7734166012839,972.0962447253422,953.6032485637593,930.8833794322236,969.336975872254,948.9652383965716,494.6076467504717,539.7629451429555,507.9602035032396,452.30345106328804,477.166156897591,453.1009945149606,121.30256760185797,122.13903783643704,125.7328260523601,27.74443617696954,27.612279536615834,27.622165695527904,190.05956164700447,180.5660258854664,185.68544220551314,191.04188474047024,183.9119998684702,188.78603945840266,123.25300653513244,116.59168362144295,119.93595961985237,125.94826829267629,118.20718473691616,122.06639858590528,19.01450838606697,18.935547694640356,23.087209791097337,8.387053033509257,8.475760455577998,8.40968088774421,22.158469010227968,22.074485824244814,22.354895835546188,123.70090939022252,123.20094479850847,123.28735622541947,52.04739050687806,50.156611932555926,52.54883212719879,48.4367828818321,51.63555749603104,42.12603688483595,39.93505741152418,43.04406726669534,33.61424451840116,44.90013056199284,46.28041250673561,45.873499930466515,8.049209225587201e-08,8.086532577560512e-08,7.976743720434561e-08
N0391,0.2,overnight,False,False,True,1295.9774077148456,1302.0734000913515,1296.3996725074148,1150.4976350121126,1162.4956618891838,1156.271366989188,1151.9101889691374,1165.031187876929,1151.9318931056616,678.0570381253555,691.139352911651,681.3259871546363,618.6836450535322,624.8527664101271,613.2998444721441,131.8584479087187,131.2639936849276,132.99851710228225,7.842178065205211,7.519324707445031,7.702238912879409,198.18819701233926,196.8678272309774,197.7522821795703,198.3868693404088,197.16146748433206,197.61793015511137,131.94675670618773,129.7579568742106,131.70199312781295,131.91964423643202,129.8013913220773,130.94362700983163,5.114035561104776,5.176555354475268,6.218879563432523,2.265647671822245,2.320844843435893,2.2610206892317843,6.276453498177702,6.272200982046399,6.264570382211967,135.13701121024062,135.40939143528587,135.0667648687063,63.26760084503037,62.6052314391863,63.74808527298823,12.98344166155818,13.929750253782228,11.398277387570188,10.805366828300023,11.755930914708761,9.092485196560926,50.76311556389013,49.96317804827884,50.55523711136118,8.55735873934499e-08,8.584802152108433e-08,8.494045650388217e-08
N0392,0.5,morning,False,False,True,1184.6205126603602,1211.2364063905968,1197.6340142650306,1042.680425100471,1066.2735509702754,1052.5654617025345,1039.944164238437,1069.8917645990678,1051.813142877975,586.4699404462124,615.9851601809253,599.6027305053523,534.599080984272,556.5816182663583,534.3955232104021,126.51281421868772,126.72699482943285,129.24692219414766,18.717755894676717,18.694326061265045,18.761084033785423,195.85547931714933,189.7123341655618,193.24891229976646,196.25920323935287,190.74192505008435,192.51653752706858,128.02398011649333,122.92023380926777,125.79811833309252,128.37627305000515,124.01872169652515,126.59673576263279,12.805210751286776,12.9084899720976,15.673711323142749,5.695215789249061,5.720369209826224,5.667398541810876,14.994330897343687,14.97268163479452,15.037581760012634,129.7420227059948,128.04429745821471,129.05554308571215,57.182385615460475,55.746909453903484,57.27552107209927,32.65654198228364,34.99586552286633,28.54669475839312,27.139422335835377,29.325759449603098,22.773451776285523,37.13812958620451,37.438254648397674,37.65272720731599,8.17829479317205e-08,8.290836527942654e-08,8.171988410692807e-08
N0393,0.5,morning,False,False,True,1172.224486957837,1201.935151853872,1190.6381763287925,1035.6123528858686,1069.5454685178588,1046.6985245952717,1038.941263594894,1073.6029648083531,1051.1903101922235,588.5964455851109,618.3769827796382,597.7106937142862,535.3334805212121,558.657675024342,532.886504985796,126.3195616229002,127.43262433874102,128.97341604851087,18.65299742053495,18.804981257647757,18.787357366587486,195.66436334705514,190.20903433557768,193.11878154249473,195.90025079241119,191.54215492168098,192.90792697108543,127.22891255456712,123.1167028617466,125.00707739938886,128.7729066152597,124.25242150682976,126.13327011394378,12.750485571755442,12.857744176040624,15.611265298058028,5.684368177226445,5.753024176299702,5.683266639508407,15.066051662074095,15.083277863888217,15.007384531475735,129.26737265367126,128.79230536194808,129.14944678267662,57.31751734808144,56.06971298240299,57.25490579066308,32.62832308442583,34.79510915153767,28.458843587228408,27.131464553282377,29.518078305995573,22.75818441312175,37.19652810828242,37.26473788241716,37.799467211050214,8.218480259851106e-08,8.300182313946408e-08,8.198653156716075e-08
N0394,1.0,peak,True,True,True,969.3294762838866,1021.264359733805,994.7668586025153,825.9413748622185,879.6319986009072,858.0233556840726,824.8202917131698,878.7671240920262,852.845475482004,408.9284792211805,463.4419766175633,427.29070439996724,369.2681249373066,408.0080046726099,372.1764865311083,118.27132454145112,118.38278390245301,123.30534663652108,36.729186430596314,36.7121717238339,36.814738574338854,184.84318070081378,173.13691508902642,179.79733328955808,189.45284557889235,179.0688811925439,184.8324731105802,120.8203062443619,111.30464497712684,116.91766658995724,123.27734464365685,114.61128353699984,119.19244273548566,24.928987389832642,25.150895115326076,30.496619076612358,11.125242313268018,11.169613204760521,11.10467320931394,29.536637772183745,29.46570468312662,29.526256095174176,118.97453390644897,117.67940577092432,118.51567175613344,47.97112723912968,45.91989923536705,48.35217145844036,64.02853444933663,67.85202257314347,55.71082719213761,53.138443438532775,57.36102724601783,44.55251517667287,76.40290372447751,78.43420080728475,78.12130558874289,7.769767321219135e-08,7.9157938736995e-08,7.760429656493978e-08
N0395,0.75,afternoon,False,True,True,1071.7423823056201,1104.8870507074266,1088.3191833671501,930.2980447746537,970.0639233773578,948.3482530198236,926.9614212440912,969.2687557054986,952.88319597021,495.34707818268436,540.79054977577,510.6304171744227,447.9456499131447,477.7998318126153,449.4132285809043,121.54124967425189,121.68001747274985,125.2367721229149,27.605721607951345,27.98043825883658,27.75216670755571,188.38195943722107,180.57116379629136,185.2571437489792,191.75151329711554,183.24116045757236,187.88174439906217,123.57676935881989,116.02793311025307,119.71062468172902,125.6532418675384,118.26357837071939,121.99191482472484,18.916233891784476,19.047018749911118,23.150857714926953,8.407886529512313,8.469079518407229,8.430088885311674,22.17381871631163,22.212163182874853,22.108363674530906,123.71385837882755,122.90567815846339,123.44682749129304,52.40668916495273,50.31912551421456,52.60410477795603,48.365395031196925,51.642521791811625,42.114097071300264,40.0762750689423,43.34831493193977,33.70409546098676,44.93697021340005,46.37845708155702,45.88227956562723,8.051152133015379e-08,8.13991574251302e-08,7.902709010979836e-08
N0396,0.2,overnight,False,False,True,1292.8274987384768,1307.0316374554488,1298.1903160850989,1150.111788042501,1158.6098573016827,1149.9670739519206,1155.4402615698743,1161.8471510872425,1156.442402814183,679.1657864266026,690.8753883425798,680.1722923076126,616.4707374054911,625.6541632815583,614.3193874787939,131.0601800916533,132.33675894696668,132.71294030883172,7.812296088052963,7.536234617528723,7.65629067014807,199.0478557384965,196.65019642343998,198.61684995795946,199.2058440572958,196.402196494329,197.18338209606003,130.87269368306363,129.63937021384777,129.98723824546565,132.23768788170696,130.00132095776837,129.5248922184707,5.080428581787737,5.151959398842482,6.233057871762802,2.2633908855920035,2.3269041411451807,2.265216365082537,6.224845926250441,6.293523813466357,6.265580015985704,135.62194309378665,135.00413413994306,135.3166136449295,63.64005155150846,62.65394040194585,63.373752221217956,13.037869340148914,13.974366213981012,11.391378165678633,10.81445592421888,11.71119686610677,9.07744762194843,50.45029089099555,50.55686710410061,50.648044512312445,8.554544940495945e-08,8.612923912802091e-08,8.475190013445811e-08
N0397,1.0,peak,True,True,True,968.1741381161618,1022.395171575682,996.4817294078237,828.3906201374735,886.3286848664399,844.5067004755186,830.058060180869,887.3218173028856,849.488507480865,411.413202592183,468.8946114639129,425.5279864981104,368.46583335396235,412.1420267893079,366.53628514215586,118.11985165763498,118.05911710389772,122.45790975952347,36.70099262198455,36.97923919519775,36.73597382935182,184.34248939310746,173.05803403277517,179.2733632437359,189.0757761025348,179.8054510487977,186.29851062206149,121.22218803639235,112.32871696357266,116.10258752805119,122.87550430115294,114.1488992523961,118.64157681451249,24.943585034867304,25.153581820981483,30.5661642978859,11.127624330290104,11.20150973463104,11.01487711172474,29.424711472168315,29.328645788121968,29.504962512598507,119.32408555508951,118.54659033656264,118.71398841370787,47.718795119443,45.795031111960384,48.565619472776056,63.58700077162541,68.13236942405402,55.59035551351046,52.79651369385828,57.295665466052576,44.34330983963917,75.82181071047516,71.99576581005759,71.14852052015583,7.843402618375618e-08,7.869298333468395e-08,7.733996813057384e-08
N0398,0.5,morning,False,False,True,1184.266395662764,1201.5525277045958,1195.497248409813,1044.6387245638268,1064.474508912916,1049.3955698738982,1041.615474859074,1068.2940197434339,1060.7323917144743,588.8031900806762,619.4404021892686,598.6082203689365,536.8763064393594,557.7951033118007,533.4725775967819,126.75835862064191,126.74102300648345,129.41994169649647,18.824460589995937,18.671770928680466,18.72808556153869,195.11923591461036,189.92008057650554,193.387657347816,195.05599451307947,191.24255525757715,192.85469750489136,127.29445728035941,123.26629306526004,125.8020566928321,128.5960884179521,125.200944956131,126.33502287885425,12.840803051812433,12.88192595682106,15.64356786120934,5.66158169039571,5.741836595093975,5.687634815952828,15.090915496056757,15.011713930021225,15.091382854885106,128.68626442075018,128.32531137337793,129.54726914981944,57.02597611745202,55.692304965524364,57.356451755069344,32.96076589556341,34.99144165423242,28.515032469470743,27.070009481117786,29.28609680093244,22.768588848715805,37.094730699777294,37.25181414124775,37.76482543648837,8.2345967117527e-08,8.294871493360932e-08,8.137782983034826e-08
N0399,1.0,peak,True,True,True,969.7225500673487,1020.7255184284313,999.772434553208,828.9555990209709,879.7251853727366,858.8051930486007,827.9969774529108,884.8875553609255,854.7191071227445,406.74869842766344,464.13552968329,427.4463931468673,368.1681172033522,408.0489692436802,372.2217799544469,117.70699545212459,118.35179148613601,122.35998620967966,36.73612143445748,36.88467542617075,36.53425966456043,185.439626203686,173.24351259661933,179.3618518996048,189.71059446766813,178.7967343827188,185.0008009622145,120.61472544481738,111.8363694419782,116.6487644531029,123.85760874531385,114.46821279935776,119.13678334525112,24.94648917399317,25.143175619918217,30.445184347053697,11.101137455234978,11.192569697919323,11.129069127719653,29.547699747265543,29.39437916512678,29.419356055731054,118.56099794383407,117.88291511253776,119.67955138852227,47.91400632621625,45.72606921547772,48.316022806900484,63.779959232961154,68.23932162726486,55.61375423152909,52.84164036694621,56.78578378916687,44.43975636538764,76.21722218581559,79.12597611121673,77.67034288133947,7.816388588666151e-08,7.875218073604833e-08,7.729006966989873e-08
N0400,0.5,morning,False,False,True,1182.9926720817648,1210.4863699701702,1196.3981987033444,1039.1142925028398,1065.0457150339266,1048.4228252858527,1039.1045005440387,1071.7646383009096,1050.5769238560936,589.8784163876702,618.7603195800477,598.70232294144,537.1928131882671,554.2031467148654,533.79203004018,126.65538216576871,126.64658380516454,128.64205887842465,18.77560389586159,18.812029358202775,18.776481339944297,195.189498919229,190.209436398039,192.51052122084772,196.5516928917043,191.42740975878996,193.69973308107956,126.99885242711275,121.88857440430482,124.84564615218564,129.20202458195385,123.10247780007607,126.02338463460093,12.85783214369822,12.872717861804047,15.712553143104362,5.699903590899303,5.73839184678142,5.666659737143685,15.15230679215899,15.160642763401029,15.0373994453613,128.98435321013548,128.4886388624393,128.74645092336885,57.06348714801569,55.73407655552761,57.22948957077166,32.858339246402814,35.11400699066793,28.51385186449857,27.084598616968282,29.54615532294819,22.816546479974647,37.164220671302466,37.28578150757454,37.62863335733105,8.271836458088112e-08,8.326988633962325e-08,8.104026090767907e-08
N0401,1.0,peak,True,True,True,969.1397950264047,1021.5124057872282,998.3115786289029,828.8910529969836,874.7724424544373,853.1522703036444,829.5241218758966,882.1063758203427,855.9056482956205,408.34985113669507,462.980235477851,426.28296786304924,368.06666825328244,405.66066474018953,370.5737640498629,117.17449601275143,117.67354057126472,122.96700668821322,36.709652470642936,36.8736360460231,36.58499569690196,184.0514257371087,172.81699637707962,179.2570848808495,189.46232111205705,177.62803041816147,186.05177931948762,120.07037597723425,110.89288189629488,116.1613836420829,122.77773809071326,113.95352925487808,119.10465540884427,24.844244330339404,25.10526927193808,30.46383857607003,11.109078765344904,11.206754909994327,11.128902237103409,29.36767278369899,29.32300437068351,29.478344890318443,118.43213390253652,118.23191348699334,119.26704888751283,47.85711912688198,45.85633821648109,48.44716323211552,63.49697353545817,68.10831158348905,55.48795971855073,52.7855988751116,57.11413226667386,44.371260733648334,75.73402671131947,79.22197364941145,77.95226100137695,7.791724475712807e-08,7.88207639118421e-08,7.709639924734448e-08
N0402,1.0,peak,True,True,True,968.9973872261196,1023.275672269866,1000.3521852222951,828.1512433349071,876.381375333965,851.8125535171347,824.8636023284172,882.925897459201,859.6706734020075,411.3240696535774,466.1178991367222,428.9536164808114,370.33828849618226,406.0173385696388,371.392333981928,117.54161704783223,118.13027826514099,123.38392690761948,36.68350029074534,36.9409953565101,36.725678624182805,185.5348332353192,172.34043343718213,179.5235953319607,189.809293771666,178.223340562773,185.08390781449515,120.78259318945788,111.00923692488597,116.24828914281392,122.94458905395548,113.82483038794828,119.41657092645542,24.904079191395518,25.045465414434982,30.551882588611097,11.080434238436931,11.15802893355315,11.124153237980943,29.40148751471498,29.526896992770784,29.310105043342123,118.4426420097386,117.8791430084931,119.62936934953825,47.628855227934665,45.50938880475766,48.632602353313835,63.836904131344035,67.9953830475056,55.84317290728515,52.55537876531787,56.909547977876784,44.328372212661485,75.82849351957057,78.63610243972663,78.0121068299434,7.828525389934326e-08,7.896032132945159e-08,7.677100811601426e-08
N0403,0.75,afternoon,False,True,True,1073.0905805553728,1109.2373141791293,1091.0229269784743,931.3640135293354,974.7600802758228,947.2475963549948,929.2651352445911,968.7872885485751,953.4229686106455,494.40471323781253,539.3349807187368,510.88981863057893,452.33716931370515,479.720667428578,448.75093336916984,121.3681456804405,121.99695186307137,125.88155317620046,27.6392347026971,27.711876082978353,27.544269088888903,188.70549252780705,179.54322451095064,185.1083398703549,191.68652152007007,182.9451240820741,188.00367827411117,123.22660917032674,116.97014956578637,120.45529413483185,125.98634276698681,118.8723735536129,123.02035138262225,18.986140298069326,19.161024349528844,23.111685062715043,8.381202392618844,8.510772128092515,8.381574463048636,22.249504202343314,22.312409487811912,22.128805539061208,123.22360796067024,123.0136173983939,123.24589794453051,52.0578317598696,50.01739699694705,52.39128410154111,48.49568754309223,51.62534930057918,42.18207351422647,40.02422099173309,43.36503093144544,33.604403029903374,45.11356469624101,46.12744816152682,46.12804882638667,8.050792234087625e-08,8.118439859845215e-08,7.941593427124769e-08
N0404,0.75,afternoon,False,True,True,1070.7937827072979,1110.5159260206742,1087.6463805249234,933.7141181148643,964.9761156024449,950.5156702906035,930.0009708964487,973.6534988532711,953.0650152699569,497.4611188374656,541.7341961046366,511.09416346680916,451.2189454249941,480.3768046917876,451.37660802869397,120.72219792730417,122.60594126281742,125.21680429884151,27.752560292945077,27.78036856414178,27.642340269124553,188.4308862190409,180.4901962911852,184.75802523011714,190.9875468181398,184.75925108762237,188.23625776002757,123.34639411472091,116.73730476605628,120.65438137703465,125.80184269489374,118.26871034833809,121.43058355931461,18.943164401318047,18.987149342571172,23.343331330923572,8.482255290970969,8.47671154444838,8.423884627560422,22.369470789578312,22.454200482519756,22.33248811276679,123.60272943289395,122.77852158178996,123.21050369692377,52.203924919770756,50.52687428746171,52.42212176681942,48.59885266513849,51.99974495407186,42.25672607677523,40.093966180259734,43.29440658801213,33.53933043516911,45.409857045076755,46.26548105933358,45.763856014083636,7.998041984792727e-08,8.135115009353095e-08,7.94413685714181e-08
N0405,0.2,overnight,False,False,True,1291.341161943545,1299.9356656585228,1296.9094849247745,1148.8807781464577,1161.3216084120588,1155.0544817191906,1152.2786645399196,1162.5946278962883,1165.933360707088,681.1121457796764,692.448918701263,680.6486499111531,617.9101785655105,626.4642549250912,617.4487709751116,131.58649823080984,132.531740304293,132.47232089825667,7.829031528554751,7.530811155004798,7.689102431846728,199.80724877827083,198.40249289399267,197.45027432523239,198.98433847253978,196.96215219683364,198.30683680987414,132.0622994195077,128.90380759599552,130.67599350297806,131.9079802495169,129.56886137865476,131.70329013062988,5.067621992975151,5.1577725256776406,6.224674940092122,2.2556570975856904,2.3201282150179092,2.260058682043285,6.2890996165301685,6.2967426408763725,6.271042694969377,135.71755645484825,134.43689413555396,135.4264355209133,63.27613418713671,63.04012320913403,63.53894297006934,13.04378664112856,13.95087385147965,11.344243987075668,10.751087730573904,11.702711955502888,9.08554051155516,50.53787807672928,50.61106548061573,50.30072898848545,8.525316274597531e-08,8.620009488949026e-08,8.48367030875458e-08
N0406,0.2,overnight,False,False,True,1309.1738109852113,1310.5550197256014,1303.6894208426029,1156.426765963607,1160.840796588335,1161.1722785512493,1152.478316564121,1163.1118947444138,1157.8820875858685,677.3396815574305,690.8762431643192,688.7312961165823,613.2039242591549,624.7841584795685,615.7856302819749,131.63124912055224,131.87127122078303,132.76241057835563,7.886971104907368,7.496038328834296,7.690297428486463,199.87568439827072,195.95630941656862,197.86063270268505,198.71438938781267,197.4746864649811,198.41487145424207,131.53359522411222,129.110012343032,130.10576952718975,131.87673904674378,129.5256600646071,131.36807742317006,5.085628807406069,5.171649430029648,6.257039277499502,2.252415653461669,2.3216595178888126,2.2462303321435826,6.25076212352306,6.2454391746574425,6.26857220182908,136.16358474297314,135.56111786471232,135.8261809835044,63.197988197804285,62.97971553831846,62.956168826687104,12.965817069232957,13.973841455033138,11.315486606337167,10.825464703455646,11.73012759486542,9.0805046825699,50.48942293367378,50.13071096039478,50.314112691697936,8.574224262638517e-08,8.619144231941232e-08,8.528074582237159e-08
N0407,1.0,peak,True,True,True,969.5920023704273,1020.1800054127382,996.2988474328408,831.5824486874974,883.9507892634051,846.2257320156914,831.4069331292476,892.9647943363317,849.5367591853025,409.1996614368228,469.80185237175533,422.9893190852705,367.6503074122011,410.6819517180307,366.8377146939874,117.05693559016444,118.59465636607483,122.43745389235605,36.74744291450145,36.92182831527675,36.63601325233265,184.803730364443,173.5190203371758,179.25715526314877,189.14715936198493,179.17883286580388,184.6851918694482,120.33116466506668,111.55702915228042,116.12468500140652,123.18561322890939,113.28316169987383,118.25247475846037,25.066377026384288,25.069941620424945,30.501294232140463,11.085563110091622,11.166106452369409,11.087148550985058,29.460292023120253,29.468526431843937,29.484427064911646,118.67791332435924,118.06919126959225,119.38238947737257,47.980549080426314,45.908225596454415,48.52129146876459,63.81250042944002,68.25466665547923,55.5494728480262,52.92709258684695,57.01863306702293,44.72543950574981,76.14698152990073,71.86597716273127,70.45824130825449,7.781529800127678e-08,7.934048524347126e-08,7.716686066167237e-08
N0408,0.75,afternoon,False,True,True,1066.4806676367205,1111.4191204077065,1092.9772867180002,923.6999150323252,969.7014769758225,942.6189171053055,931.5133210222343,970.5056052901169,950.8675692735621,494.82508871303116,540.8917746300989,511.2239311865818,448.3677993538552,478.9228176814718,451.7303273251962,121.08867979195695,122.26585330769338,125.2488342585799,27.76098812815975,27.801227384734304,27.775616805250586,189.02680507475858,180.40287180445944,184.8809719948146,192.99274327901176,184.00808959355933,188.01923799499124,123.15152575462302,116.17244937213007,120.39809562256106,125.603322429525,118.14322363355753,122.31968956079228,18.947435448098148,19.115983093866756,23.09455201838058,8.38450381592668,8.50371024871536,8.36811209251022,22.261437066483225,22.23865218269613,22.286285591004354,123.55563061720525,122.65761732038828,123.7510173001042,51.85629939902884,50.32305700180512,52.451921955784236,48.42866296127275,51.72821234263054,42.12453175593693,39.720254185015634,43.28066157702982,33.55744594427209,45.07635736326117,46.00640640882177,45.90224778129719,8.066244589395388e-08,8.113710117736948e-08,7.977461800477106e-08
N0409,0.5,morning,False,False,True,1182.900784306672,1202.466966214594,1191.3605960572124,1036.8623071604104,1066.5720982005603,1052.6419426499167,1041.6885929462703,1065.5900077177514,1059.2134000056312,586.4759603788209,617.9596465174394,595.6452733182992,537.2155029234862,557.1998306516977,533.2993859478725,127.07835324521376,126.738439727122,128.91879539952356,18.707330236656897,18.74697667263735,18.70441922782556,196.0584366534474,190.8876740640232,194.33633812669976,195.77777119919338,190.44836670005756,192.0791897846158,127.09580441706792,122.83071248353893,124.66670955528144,128.6084396826498,123.51837409929396,126.12909213203673,12.774927189520849,12.880533581175815,15.626450043888308,5.646592124748187,5.751881886390187,5.7022209331626,15.028677996821118,15.081948648040045,15.042346085940899,128.7051830260139,128.7120145523629,128.19572220460836,56.825934887994464,55.619381864658166,57.616738652942246,32.73286476924689,34.81011616823777,28.568473623797736,27.08731118373184,29.315943922919768,22.766481635028526,37.10633417339056,37.597621879095776,37.764556568087826,8.208328259662624e-08,8.330417046897588e-08,8.231731255683607e-08
N0410,1.0,peak,True,True,True,975.4731523291327,1021.0339534501151,999.3940217642198,826.8401784278683,880.5885171339397,854.4908685731433,832.7666251495511,880.0142545022658,852.0744634337865,408.7554337223863,464.8449704671884,427.80374851369976,369.88470002320395,406.2689633019592,370.0571143844931,117.78796215339929,117.74612763880754,122.8500134659156,36.65441107937209,36.793258447092626,36.57069343203714,185.05602987365262,173.14980915659203,180.34311348501203,188.33048000731804,178.78234151989602,186.28338431070662,120.4258642830496,111.46115358217362,116.32701785141819,123.07704708991035,114.92722587314026,119.30461630710585,25.093875961664846,25.026879004959177,30.40204810984932,11.093807699658349,11.200990417430724,11.130774644093261,29.530270068513996,29.428572064496922,29.350835066501414,118.96449643302529,117.54609348707929,119.33236548559272,47.877379192396056,45.70966311690441,48.73705102147144,64.19215646135902,68.28681454665367,55.456113307409304,52.76396498510332,57.247488446617425,44.74953141401696,75.46119143118327,78.6578589383543,77.43227379367383,7.783853991422306e-08,7.908654488493657e-08,7.672989406125544e-08
N0411,0.75,afternoon,False,True,True,1069.2913375294993,1118.3972170633388,1088.0042073534112,929.0875811501376,974.0349200024099,951.2449533879286,930.3488274723135,971.1695803965735,954.2429447717021,495.8071278404793,539.6421819128326,509.0856179893825,450.42497092455665,479.3525461130555,449.0053487337098,120.55389059813439,122.12987352194973,125.05891278794907,27.728425699163125,27.953930598485996,27.630416193883,189.12225798462157,179.5492508339743,184.91728182212063,192.30546957468502,185.18049816324867,188.56112611310039,123.30362685166332,116.57242355973523,120.12771684328987,125.40097286130457,118.6354048756177,120.89419357376129,18.849438098034003,18.90802327972887,23.268600006860982,8.371120233282193,8.433807348626555,8.40014628861507,22.279129279489478,22.36667241974038,22.270837233929136,124.26655528418215,123.70560008697191,123.75513098705338,52.13865613324942,50.17688450614088,52.384365661868934,48.43870363620074,51.52716975422363,41.89590187729374,40.07910037066631,43.193018005027255,33.71548369646664,45.142955569881025,46.09410198074158,46.05333684155259,8.015218933960081e-08,8.11176787206073e-08,7.91321466882947e-08
N0412,1.0,peak,True,True,True,967.0467689952194,1016.8642181320678,991.2808805461448,824.3278215461826,879.0354350782407,854.048031448004,829.7704914613674,883.6348377162627,854.0769545724982,409.87422297522755,461.032708841058,429.36082314098655,370.7162507011758,405.1105001794758,370.2124578441217,118.05869293530372,117.90296882045728,123.48568345740944,36.533009942251965,36.7824024204527,36.53205404427264,184.31080489001116,173.499509549121,180.23051846734091,188.73558229267852,178.67587291671146,185.62688456694386,120.70791110208829,111.49561393881875,115.8291752149304,123.05135149330117,113.9694535403579,118.67655858747388,24.90827216195652,24.9348206509785,30.491203678547617,11.072869874920487,11.1572702651046,11.087872620215006,29.38286138601444,29.470707409924437,29.487387061023473,118.74654974013222,118.24615827589955,118.53421717280352,47.92340639331704,45.62773543930503,48.41328237270647,63.538077630948194,68.26399482864197,55.58766833739311,52.80015453038076,57.45314593537809,44.35039934910453,76.48182638629201,79.05891871916486,77.68765157157979,7.782590082066185e-08,7.94916177967373e-08,7.708403540845394e-08
N0413,0.75,afternoon,False,True,True,1071.229809472761,1108.155746812418,1090.4084509698139,931.5716147997946,967.7752528392838,946.9453244123082,930.5224143786198,974.1361855303343,947.8814248450333,495.4682474642542,539.158602765658,507.56234113601556,450.8095563015791,480.730578314199,449.15080263352644,121.47826261680115,122.274510020335,125.78476002098365,27.681269722908898,27.824027559008208,27.705374700316895,188.69000501303154,179.47470013698253,185.50335003800936,190.82906965499308,184.99889723301885,188.20332423322722,123.71165464273071,117.01305924784758,120.53915994098098,126.14159904497497,118.9122692089277,122.54096437643682,18.907433126472963,19.04880598612566,23.13925862528104,8.45931758765346,8.469952121545663,8.426045986170765,22.14612296639388,22.283772187556988,22.302693025054577,122.85283955494175,123.08360104767453,123.34115768145713,52.07992708322827,50.19731502111221,52.39128014687052,48.43159201302323,51.54461842940261,42.11209927579251,40.06701068213967,43.36683512122996,33.63006094794707,45.15513775396226,46.27599286360645,46.05071041765066,8.089771256534447e-08,8.119777157488037e-08,7.955056683369392e-08
N0414,0.2,overnight,False,False,True,1292.1554008807334,1303.0929693846201,1300.8793413346236,1156.2050488254226,1162.5278896636041,1157.884262969729,1153.4346612746158,1161.2107919715088,1155.0857247293475,678.8574576554555,690.9136181797242,682.6655251996533,616.1584271407288,624.1943514583531,614.161151581649,132.2163844131148,131.6585305389993,133.13677687606327,7.832406019149326,7.535435124832293,7.65560612236814,199.42994957954315,196.02228100801085,197.439249025785,199.23798613213728,196.68181048763648,197.2845637946506,131.55472624625963,129.3999734823224,130.4091466247497,132.22983807667364,129.80382821459358,130.78143977427717,5.09332186940327,5.135636480010836,6.240400174473868,2.264296742423782,2.3163265074763015,2.254032620575303,6.263311868984083,6.2605528161502075,6.234331461671194,134.43984000321913,135.2606995904499,134.68831088371797,63.45383356102821,62.8154095007431,63.39852623312334,13.082956591450552,13.960531423067989,11.404176688542282,10.81234087407444,11.698279060582337,9.090768915032937,50.53919726357017,50.79627138359138,50.145904456550184,8.584897351605748e-08,8.600745811008341e-08,8.541661487055097e-08
N0415,0.5,morning,False,False,True,1188.3295495694683,1207.266289549894,1196.6670031724068,1041.5893579235344,1073.8585947672054,1052.5545200855063,1036.8545476428699,1069.517501380955,1057.7861284162757,586.3592104021374,617.4533014006537,597.7521522915949,535.9164654689107,556.522989936841,535.0281133272968,127.07145836263861,126.49987152063207,128.96461056432,18.715343762516508,18.775964562255588,18.72243250955634,195.8716260840872,189.4091942002029,193.02961510915068,195.30946209314115,190.03401796847658,192.37962048460423,127.7760276214342,122.51523479820135,125.10428703261216,128.7472655388755,123.40010570515037,126.65239548066155,12.804883321989907,12.815244487619038,15.633273935106766,5.701190937032078,5.733698127151515,5.707918269449956,15.002942278619832,15.064135616249027,14.989952979612443,128.38178495302486,128.64502869597675,128.8388684043762,56.74588634856719,55.897320989312206,57.36960878042015,32.600720758027535,35.10562867107355,28.489812967941337,27.009595559537367,29.261104774763197,22.754526534515794,37.12314574054431,37.356044168061864,37.580250192286904,8.219662318870066e-08,8.244462472750472e-08,8.147286921988761e-08
N0416,0.2,overnight,False,False,True,1296.1785829343012,1306.5393401612655,1300.8947277554341,1155.790257535572,1165.2806543425625,1161.6482487927212,1148.702653832606,1162.6129188521,1159.1543231916266,681.335779369244,690.886324787472,681.7079409588351,618.1241488035963,623.7585639796744,615.7181093173008,131.43450250435933,132.09884581069025,131.4659450881872,7.796646633437109,7.825151861671843,7.8473378448464075,198.34719374538668,197.13025033566416,200.03937538964817,199.25153283650468,196.68234376251618,198.25699531518924,131.51557957840666,128.91775942334078,130.58448629302515,132.0218824238944,130.14615098155784,131.32604286680635,5.075946254648802,5.175181908724865,6.248323036008336,2.257229964498314,2.330100548639705,2.270859289389532,6.279262002313953,6.258795767521042,6.266337558517527,135.09497516994452,134.8771170677468,135.75747690474057,63.600346675993286,62.775094444481255,63.61502513245828,12.976759204575014,13.958750256895057,11.357441774919435,10.793902626968249,11.76178135907972,9.085925655258777,50.598835370375724,50.340912204288365,50.379065120709065,8.562980157834111e-08,8.56146884456199e-08,8.513901284099775e-08
N0417,1.0,peak,True,True,True,970.9046678170773,1021.2830361763695,994.8250765732845,828.5842331504857,885.8281342519598,849.4931863862868,829.9892176753626,885.8849583241858,851.1875943655833,409.6093690104128,468.0224336471707,423.1281269641212,370.07271344863375,411.8300508031422,366.7490777725306,118.01097181351338,118.23838878826479,122.23559683342256,36.58478274709356,36.80188607826717,36.43466317847143,183.73393011071298,173.04293297684669,179.71699895209866,189.79933555163785,178.7632914623718,184.99801108129068,121.0877946755762,111.6992671816359,116.52036354830102,122.78549451110513,114.07240972141032,119.21498479929095,25.1268063717583,25.235634230543305,30.570184570600677,11.097582076394701,11.229985979769987,11.086840341175991,29.468564964465365,29.418419411780942,29.442258858216455,119.1917230845845,118.4765279079307,118.88534873008796,47.86957413331074,45.818134452635725,48.410332905611035,63.90081418279993,68.29398631853883,55.865235149652065,52.88351712014121,57.21372444959906,44.436554948363735,75.57171398348603,71.29118847563218,70.27946477956931,7.785506709514064e-08,7.907561144990591e-08,7.717734587341127e-08
N0418,1.0,peak,True,True,True,963.1794183391032,1028.4573179243116,993.1141006599174,830.1324514735524,889.7565069556432,848.8474781214179,831.0098489019024,886.5470964812738,852.4274351195888,410.73743586819154,467.3613885112715,422.52715925080463,372.0844773633546,412.5090277624525,368.6503001906925,117.28355901117003,118.86440236366259,122.54485338299057,36.71496490387063,36.725013817797716,36.49850401296357,185.3912191773858,171.57801252025072,179.72074336059768,189.24042246961474,178.9144551053292,185.33108181844295,120.71691618468246,111.01223591826555,116.05355381674443,123.60618120479359,113.82867114980742,118.61270588958931,24.997706584416417,25.158944672149037,30.45349113797266,11.046879720476527,11.195539782157425,11.101011753101895,29.66837981007947,29.570701387271182,29.453894447447936,118.48637837045378,117.84338484777817,118.21997454269108,47.74384647338804,45.69236567243024,48.30906958038808,64.11213159835945,68.00274470107759,55.56960843166693,52.69485697127383,56.98381661301794,44.40289200709381,75.68866147785229,71.55552155640078,70.8385594360752,7.770478712259262e-08,7.913468063410998e-08,7.716700492977379e-08
N0419,0.2,overnight,False,False,True,1299.4127193267548,1303.364393064865,1302.5129349868025,1158.3124085134684,1164.8292194096593,1163.295920497967,1157.5946572998193,1163.4748742391039,1156.1680676870642,678.4397960368831,691.1452084905917,680.6018976803023,615.3994546579784,627.2829140820288,619.0832973278606,131.60249605537226,132.583393428675,133.1112910854934,7.8212823988993545,7.484057029880964,7.7018432602449085,198.27615958758722,196.09035953704034,198.11674338103222,199.19092295556703,197.7081401839143,197.78326645496273,130.66780084977665,129.2193360353139,130.51863185224812,132.1347542996979,130.71231989427048,131.31470875594937,5.114324428318755,5.162313634169755,6.243280642176774,2.2653347111256186,2.3070444006553803,2.258180232528527,6.247839935409296,6.252580196730326,6.251364141643539,135.97790481675307,134.3489571817471,134.9003047276304,63.7033861308728,62.898586447482685,63.57806085210144,13.043662637124704,13.931601438068379,11.335554048712487,10.771171687689598,11.714277363600482,9.084138447357871,50.26449813077368,50.2678139086796,50.65053506745353,8.531887254543584e-08,8.62912218585845e-08,8.522314775753677e-08
N0420,1.0,peak,True,True,True,968.72589141143,1028.652539115817,993.6270376992672,827.6048968438572,882.680830616027,851.9049061393158,831.9001768523676,885.7157937658541,853.1803055143998,411.50913294328035,466.95834583332544,422.9172563254824,369.5134917606995,411.4254720700501,364.19360378833494,117.29222266691045,118.18724689330033,122.60066538948176,36.55952674863209,36.86176315571333,36.95227621046809,184.78747702394062,173.50560865063233,179.62603014504748,189.7458600673285,179.06522573758915,184.30556749130054,120.84935435600124,112.2381802136227,116.50854770314754,123.0001492118179,113.84534591726344,118.57921960528965,25.00751012920195,25.06013732064749,30.653937949217333,11.11400500264989,11.159542262464889,11.16209675273006,29.415816531087057,29.669070891445365,29.289108716770603,118.56621280505104,117.32805612174215,118.70826095692678,47.90881109967915,45.950457416849176,48.37650829937116,63.67663771838307,68.37148723568363,55.589263788405304,52.87417046996985,57.47768331992439,44.58318728348086,75.79738116344092,71.59546258660637,70.6877778041288,7.8230168393436e-08,7.87543156327247e-08,7.699761582321143e-08
N0421,0.5,morning,False,False,True,1178.1623628935442,1201.128196640739,1197.3834157330323,1042.3644489681717,1066.6630541013249,1051.7662339375352,1035.7112495629156,1071.367843363424,1052.5532686061595,587.1535181370992,619.2079647333555,597.9211329626611,534.083238967304,554.899326456481,533.1782003736109,126.32346323677636,126.05084803302846,128.8658462795089,18.72837102616835,18.733277673882768,18.748446370074994,195.5546390538821,190.9447247358597,193.65648997491948,196.59602019766646,191.09136140399525,192.17193511716798,127.85129692634322,123.13707976528235,124.9587755279431,129.70174490095707,123.5708691359244,126.00873998366271,12.832680416435526,12.857909408919582,15.653445832517557,5.665454722024291,5.7540500612971615,5.67306438644198,15.131414539742158,15.063261605785284,15.034982006620055,129.4911777111626,129.30453912503884,128.60104505034244,57.037109480273465,55.588944017624215,57.235924599505225,32.780904486180454,34.9160330118474,28.473244122182052,27.215722267216652,29.468618043057017,22.670985957737905,37.250956653670684,37.43083352721208,37.75220225756346,8.223685174305355e-08,8.307032462085105e-08,8.162753449678851e-08
N0422,0.2,overnight,False,False,True,1301.0816983729992,1302.668322217507,1296.7415397236439,1151.7961055730561,1164.621837634684,1160.3275727379923,1151.884000944339,1165.0517887088988,1153.3269591542157,676.5242748332685,692.2343248858276,680.9727749903874,618.5943450428373,627.0764899820152,612.9254106833921,131.7197489313374,131.66348295273653,132.66665948458785,7.794643905350357,7.789169006274268,7.828220788009807,199.62118576349363,196.42114688782394,197.91304730681887,198.73079838697373,196.59520447104177,198.0151218082007,130.937901866731,129.1742765182483,130.38251019644085,131.41905553359885,129.49505206762416,131.07347166014046,5.105427905497183,5.174682744035822,6.262726940115448,2.2638530337125964,2.3299334531737714,2.259858161409995,6.288447370972749,6.262190740538874,6.253804044071545,135.7200354997603,134.88817682074165,135.18890091294048,63.847461049409134,62.82002445654843,63.012963005355026,13.05215406107966,13.994379544611533,11.421026315075286,10.830297070541407,11.784202125574875,9.095834819274017,50.732919945986644,50.4155997455717,50.28435561720585,8.556615659615755e-08,8.564180308431945e-08,8.531761865610357e-08
N0423,0.5,morning,False,False,True,1179.9515337708913,1204.1166727648122,1191.2096704607975,1036.7807910084832,1071.1752090746866,1055.7576070279124,1034.3400968177339,1071.3694179921774,1054.9482388971048,591.0635404440344,617.9916655223609,598.2508815604159,534.965213885498,556.8033996236296,535.8553067243541,126.71565294421438,126.41215069366378,128.61830219963343,18.794497938352507,18.777926993525497,18.68993905621167,194.7757488861774,191.56997747129387,193.0588340490839,195.447583849388,190.18165157535117,192.89342459976052,126.82886267835323,122.54211619509644,125.06670834029467,129.07836669200398,123.90864245696035,125.81127064315729,12.797273993966202,12.858742772107526,15.633964701893634,5.680042571204407,5.753087051739108,5.702226859761688,15.044294197022971,15.097328642770881,14.994207730177102,128.5211860165613,128.86475032994724,128.20644267349513,57.15428633831005,55.91907496677812,57.19277770300304,32.80910082532897,34.94714062040893,28.59031589270662,27.13003472699485,29.238652536341785,22.789364972429258,37.229337055299226,37.570124979679164,37.79102385717596,8.221268974151625e-08,8.309746400078126e-08,8.167363052213009e-08
N0424,0.75,afternoon,False,True,True,1071.790080961911,1113.3842466780957,1095.3044735557044,929.9215100068759,970.5108349284391,949.4219333043357,931.5781139159236,970.6303967070571,953.0008668043279,497.2550026361149,538.3322066008938,509.70932415407117,449.457654537239,480.58240016534205,451.34746793804567,122.33569232062882,122.2207356050566,125.5724259003611,27.697815938948974,27.790465095066804,27.691525006383685,189.19694956817713,179.67821165297525,184.83824881309835,191.78709134067498,184.2412077322709,188.4062632155107,123.17904703008915,116.8564262514896,120.46490503455257,124.95246532302437,118.22412765993502,122.8378114668934,18.987285154605964,19.018387990110035,23.278279539357744,8.431730341306126,8.47744233665889,8.438493296653133,22.33675071391081,22.123982139434748,22.13453785383994,123.73672263045287,123.294537971148,124.7710519371003,52.08798861677003,50.29423671780287,52.42321753061965,48.455247671859844,51.92261844735513,42.00578158451659,40.029016371196064,43.16880379246824,33.68656357331612,45.172547833275715,46.256106260865465,45.796919855665124,7.983356530860652e-08,8.133955685220913e-08,7.982996229557629e-08
N0425,0.2,overnight,False,False,True,1288.445382636279,1308.0157492403328,1299.7302865972306,1145.859777110201,1167.1049091865962,1149.4046364344085,1150.6903390264474,1166.4955652053345,1160.9269189093602,682.1087152599745,690.2442644219552,682.4026527430192,617.2447854219051,624.4357674924878,614.7540501770311,131.67409421560527,131.6391201115524,132.71651172895724,7.825876489861077,7.503213819944788,7.700994218459716,198.55873510963602,196.44659564383736,197.64207429002886,199.00896924888843,196.44603142795134,198.35206514299398,131.37583960607785,128.77172319580947,129.9081564589434,131.89174148245587,129.24682778407652,131.08062528030752,5.086546432341382,5.17271618074678,6.267128011040891,2.254700960857242,2.327154146215687,2.2606052707274817,6.2826727753390585,6.256492418172433,6.270798067119299,135.6617679284771,135.444548503841,135.429904134859,63.878799189586154,63.04253348987753,63.26336952710012,13.009573487256162,14.000230035941737,11.397681161734345,10.804157469732097,11.70952388858973,9.085136637940348,50.56565897709245,50.2513215112923,50.47263946365188,8.567722980687422e-08,8.64453920731616e-08,8.575108386859409e-08
N0426,0.5,morning,False,False,True,1186.38307483997,1208.9619607576583,1188.9947345137714,1035.0606069228486,1068.5559578691493,1057.5142405672227,1037.6686283368053,1067.215893342646,1045.5341543869852,589.239522217622,620.1229107838492,597.5916875571307,535.7966638043263,555.4788489265995,532.8913194606212,126.50298757437015,127.03734121625686,129.67117923917712,18.73864568930475,18.740595332919963,18.80367425929466,196.69598728524798,190.04856439187932,193.0698806028653,194.12908777752716,190.94786187026475,193.48410694225757,127.69952443397878,122.48415623433502,125.30606523085714,128.61394600585248,124.64415692148387,127.06927818201598,12.814242459039695,12.848878196075376,15.66535086122921,5.665110971760979,5.715916775722049,5.654588527589958,14.996685192723147,14.986725892895455,15.105818509057478,128.58739995713353,128.69690028158143,128.60349493334618,57.04035966256853,55.702523237520474,57.509302231873484,32.799859335723156,34.819110213038634,28.470087132595413,26.991455528392613,29.319759837502378,22.75480001405582,37.05226178413504,37.39678021370236,37.789583303678036,8.229852706358014e-08,8.330902048724853e-08,8.204052845210203e-08
N0427,0.75,afternoon,False,True,True,1069.0923030359386,1111.4037768004307,1095.7290236683514,931.4864095429848,972.1536631950676,946.9404834968069,928.2585459150059,970.0073333061848,943.9969788053587,496.62352944128526,540.2640855138727,511.6588362045523,450.90114776642696,477.95728122880706,451.69598802094214,121.27068155713198,122.40850862582685,125.16828585982785,27.810107256180007,27.84011384532689,27.687754343990566,189.32815913744693,180.34596035110087,184.50784662377913,191.57970321260834,184.5814273285263,188.39236758568168,123.4881006396034,116.5656882673117,120.1981012245521,126.1445547843643,117.91762759537316,122.62126090841767,18.974578345825858,19.059299040300548,23.20760483038318,8.380456914181321,8.481569003915133,8.40856768175548,22.24433354437871,22.368534861026145,22.197126784802858,123.53849326539058,122.58236254648773,123.46171048290182,51.8909591979054,50.1197502195565,52.41076387484249,48.40922027636461,51.76052103952418,42.155868867042415,39.954991295488774,43.121277234092496,33.64914259955983,45.18362742146142,45.93119782156523,45.842592938617805,8.022276834372917e-08,8.138511112211089e-08,7.988097693430996e-08
N0428,0.5,morning,False,False,True,1182.5961128613003,1211.540275034975,1199.6563975463469,1043.663884544723,1070.1106094499023,1050.4345808152211,1045.8767525950982,1073.576102302176,1053.6975286188506,588.3468462684644,618.8246913208094,596.5656449730415,534.4612575772222,556.9190247873316,535.5742698901722,126.25199678232916,126.65706318963687,128.41695850600073,18.693656703156588,18.7906696196825,18.73980062435996,195.37348612525813,190.2813648672858,192.33383059771072,196.71290655278273,189.8023280973881,193.13395484239197,127.75515237575937,122.39752815228158,124.80581354661305,128.67518100220175,123.56359041194109,127.1383243641656,12.791038420052281,12.834942526721855,15.653687415747738,5.700283915946609,5.720374666270225,5.685446923925554,15.078669843342341,15.066584870498048,14.991109395238539,129.28071029576975,129.16190157552816,129.11176166486123,56.94161455519014,55.886212349218134,57.53466318779806,32.83431606800493,34.94339962049485,28.61810103578426,26.947029328460722,29.303064743602746,22.741108823173924,37.11379279128976,37.32415605249534,37.63148136180399,8.249998919996885e-08,8.284720236309416e-08,8.208501395422541e-08
N0429,0.75,afternoon,False,True,True,1068.1606251117116,1113.334944283695,1089.8530112669607,926.2155929128767,970.135898029985,949.3872671772198,927.2896346216711,971.1835575813859,950.8122881325941,495.7448524346499,537.0236275989647,508.34440586347665,452.00636787170174,478.2578796797429,450.4505495083107,121.7802984744684,122.11890369996436,125.66155136310068,27.87907363373374,27.707130944740634,27.77520920424866,188.38725700203983,179.89878879001753,185.75653795968472,192.08585983823804,183.70984906917752,188.49430818194682,122.51502967293149,115.94064901997521,120.59575852181726,125.32604218787881,118.7994830523714,122.2224330225793,18.842299357816618,19.085892748996383,23.11697021805309,8.360124290161652,8.460074094876207,8.397652923110932,22.20979090634151,22.24351299283275,22.271587032767695,123.54210872990139,122.32013684243674,123.24728641944075,52.043673424425315,50.3367010428608,52.4246209934282,48.163806472841934,51.829206614454776,41.9202163711344,39.94883790579138,43.472859790103875,33.56265160051973,45.0048637034533,46.05219607387612,46.03774240079083,8.086369901092225e-08,8.12882036178131e-08,7.954959524568334e-08
N0430,0.2,overnight,False,False,True,1300.213092855033,1309.2712892428358,1296.9982129875923,1157.601690587743,1170.3112387224364,1159.2119210874596,1150.2410247886996,1163.459308866518,1161.3348466425416,678.1366269395539,692.706647145581,680.0197961426489,617.1715548297733,623.2802023947527,614.3152077668209,131.11107055449273,132.37586732209766,132.94901890078592,7.818885370894082,7.510774517198422,7.665436469065891,199.29697857774815,196.9721277193432,198.98801341123325,198.60589579541212,196.36834468831938,197.53641417781478,131.30197485087157,128.97033822024787,129.66512388037938,132.0416364316712,129.601475838062,131.42701897945756,5.111499454883192,5.19043511676745,6.226840824575721,2.260456938458603,2.323078720225687,2.2741053162199343,6.292639279576873,6.24567305100229,6.279346489721647,135.39687839656239,135.21419868553653,135.66481386283834,63.375190149685764,62.63748849993662,63.442060784016206,13.014515043254235,13.949257997937522,11.322869150614068,10.809237672249118,11.73330630289636,9.094920406862293,50.36575534464785,50.28001519643765,50.464582804317395,8.533141349549778e-08,8.585231984960975e-08,8.495613826785218e-08
N0431,0.2,overnight,False,False,True,1289.2008625432895,1301.522088886387,1303.318370829165,1150.6218515206838,1161.8275524397911,1159.8475841443926,1146.844265150414,1160.9746024846136,1153.784895315472,677.9672315387816,690.8054580856689,685.6746390058299,618.1497372303846,627.9792081636169,613.334763802666,131.32442787934866,133.10415608390267,132.35583929227707,7.832146964281802,7.549617659968648,7.67277373680792,199.25471477283233,196.72554201112803,197.61993697003578,197.85106060325336,196.6977495226096,197.90711363772715,130.98912884513314,128.83218210541855,130.08881275285287,131.61405076450538,129.6830098206079,130.8142136800131,5.093852180303158,5.181037217211418,6.241840119663601,2.2522487713379853,2.321746994252067,2.261404770288576,6.261803400591107,6.287181350342872,6.267731593907029,136.23361081153087,135.6605101024475,134.78603928461115,63.273151993544744,62.85477763813296,63.543232086424595,13.071228743697958,14.051530397729536,11.30392949142233,10.841635786832363,11.767801235771282,9.071766199427616,50.458304068648694,50.1624055389684,50.83064398033098,8.580148763958724e-08,8.617020642480327e-08,8.501398490061951e-08
N0432,0.5,morning,False,False,True,1182.373311263583,1214.6547919892967,1190.5306182338834,1043.887337927073,1067.9829834645839,1051.6163903570693,1043.0117347016896,1065.6982627236594,1055.1854180943863,588.3066417289645,620.8728351543875,599.262745432485,535.4326306136603,553.6145892116683,536.2408140580084,126.1898864304143,126.68959958455984,129.5946039555048,18.755913827609344,18.81711368308987,18.75541689383789,194.62814518097758,191.0473193955021,193.4845391549701,194.93881209011158,190.86961108869897,193.17081196826825,126.88136294623511,122.94900488617961,125.8387039500337,128.83670385016043,124.12851218902694,125.85674039585204,12.713443555142216,12.840960994579438,15.611345619331738,5.678407203300552,5.726061314967228,5.664723506320874,15.062338639944526,15.143062959780314,15.052441663520705,128.42895390117874,129.402355758959,128.3172576670585,57.19970719437924,55.90474795682698,57.03263904359009,32.643642425890505,35.10094778858029,28.393329285407834,26.994410511889296,29.31552150458648,22.836897064298622,37.170883466637655,37.49943840001624,37.74982608637167,8.20798810543267e-08,8.294117113617342e-08,8.163483795868558e-08
N0433,0.5,morning,False,False,True,1183.5283815874611,1210.318160776135,1194.5855986400506,1041.4931222574617,1066.2911072522759,1048.776521703013,1040.8166660933741,1071.6826105321493,1050.0542562818396,589.9767645624811,617.2192128006087,596.6833465869704,537.2584067443422,557.3258110359845,533.8914099116615,126.4367650946031,127.10845487103657,128.64775970633957,18.709980668487532,18.755871281116914,18.778120599410954,195.38017537560478,189.60853055619276,193.09683838780592,196.33374128433627,189.93153509824356,193.0245950752968,127.40321741314878,122.64126427482833,125.23883452154959,129.09426401212795,124.14815903425388,126.38880425605197,12.76430377084798,12.895307301077684,15.621950237560057,5.6661919620289485,5.73002545742863,5.682680942746215,15.125005252298182,15.11896995860459,14.980643643377775,128.94187830608553,128.6045847029416,128.34449685310173,57.093211843622576,55.54517263766556,57.29544619764063,32.64290025768781,35.016727664040744,28.5357798964541,27.02864958869393,29.16719372978797,22.651859427884467,37.00770179317,37.338255223220465,37.46928688595457,8.289551359427432e-08,8.255322434882438e-08,8.18839664448298e-08
N0434,0.5,morning,False,False,True,1185.0334648897776,1200.731163332497,1186.3495123816847,1040.6087047618216,1067.470141072313,1049.3881379711281,1037.3827772661693,1066.7586647821927,1047.7153562216313,592.1220048538413,619.8835750654395,595.9559135934308,533.9631759252527,553.8917857715522,536.1207482395337,126.00372303599153,126.9491944660434,129.3279883774228,18.635295693518927,18.61380118810841,18.787653390589657,195.32298644846097,190.30148001224762,192.54300515083102,197.6979743564571,190.28943470010387,193.2277290240496,127.37148856002382,122.40098103170385,125.10103774884978,129.0847024537905,123.79514958018474,126.77273779415042,12.75242522119374,12.902542408139794,15.620656977265257,5.68081555428814,5.731544466147125,5.683932343676922,15.034299937109736,15.101467926151058,15.064245202681704,128.89327919816287,128.61503761131254,129.44531638558692,56.90563343660443,55.643922469901455,57.15287011458942,32.564316411879986,34.99168845103894,28.703036785977652,27.017172164668505,29.16441838608398,22.727486696782407,37.21270909912834,37.44036214261803,37.80600295837159,8.256623963135458e-08,8.28053919077745e-08,8.177257872503248e-08
N0435,0.5,morning,False,False,True,1181.3631932049323,1211.8066997465535,1200.4975228823862,1033.7977503371753,1068.1677228229507,1048.8496906649646,1039.8481981765271,1067.374548348732,1056.1981845697298,589.4475785630184,617.845488905553,596.9507453814064,536.2939206807805,555.532639515099,535.1016450447356,126.60003299528259,126.19669117844683,129.48431801142974,18.729472606836573,18.737751421882287,18.680507631708792,195.92675303850683,191.25779809980648,193.94643179179874,196.20027847107352,190.01921285979225,193.0942298365543,127.4636286067282,123.3547169796476,124.57971958334286,129.0861846727021,124.4951811921147,127.13392138122342,12.81676865605112,12.865804814716236,15.531265124131988,5.6698900719846,5.736477342843086,5.672882753960548,15.04209734543005,15.00008479028841,15.047867364307782,128.81116712134704,127.85137324225752,128.76834525873647,57.09054378140169,55.72741285487609,57.198009195514544,32.612891883506414,35.09983314853104,28.663344809990384,27.07388616397165,29.354863480565452,22.834707301788672,37.19445011931391,37.397160953511275,37.6679864600473,8.310556154057452e-08,8.276974158797629e-08,8.182154573735211e-08
N0436,1.0,peak,True,True,True,967.9362265933735,1023.5659518199549,998.2675879289218,827.1606214071545,877.1237141426931,859.6158789283417,828.1347765375676,879.8865925716283,852.9649913426252,406.9850092412667,463.7415536822649,428.3394100365343,371.3894138343107,407.766196884361,371.3054707436921,117.81709720249772,118.70485497192446,122.74893522363628,36.732054879001325,36.77379224661758,36.65338447585638,184.96579066507596,174.13765761531857,179.44316773410918,189.27165779064066,178.90244428418106,184.8588615694016,120.73174710478852,111.47357899978564,116.54133974527333,123.52004652260723,114.09664090168272,119.3324871618484,25.0984565674361,25.025942669701898,30.65546400902386,11.151344160072286,11.17249570561468,11.082297233232092,29.56941416814009,29.46911009688267,29.490107979980607,118.2597070565653,118.18361579127281,119.36256489829692,47.83582117137138,45.67237654852246,48.77594761037134,63.68663316648824,68.39865277700034,55.409992678690664,52.37309926060313,57.00400923568476,44.61885587465923,75.9385070771778,78.67638826912287,77.91886554586416,7.767576272627492e-08,7.874822196055019e-08,7.693782472145234e-08
N0437,0.5,morning,False,False,True,1181.3755456262916,1210.2672343794031,1197.0492237823767,1040.1074053323907,1064.403883039355,1053.9249812708795,1042.971275554951,1066.3754453158688,1043.9495475318206,588.447378456114,619.7173527253736,595.8912427386146,535.648187914695,556.743082819173,531.6917314583615,126.19985305423361,127.29583601250731,128.8830877074606,18.725512013377898,18.77269326735847,18.761431501982194,196.25121436608873,190.5764457356728,192.9215215833445,194.44830265369254,189.75038560388694,193.9356991770179,127.49376162919327,122.20801350255321,125.2138936827192,128.30861224810835,123.846685396108,126.05012823207194,12.794902999665746,12.946357342055759,15.599546624458565,5.675020018882749,5.733977811372783,5.670797551516698,14.993242390950588,15.027971463714602,15.041664218810716,128.90043423326964,128.69727123206937,129.3333007564822,57.01112248022627,55.89757343071559,57.036738368181794,32.65431412557778,35.10423190423543,28.452532435469802,27.084279177875846,29.378045474424663,22.742313011538496,37.15234503115974,37.38458980666683,37.63240809076582,8.211455772966447e-08,8.266224534609145e-08,8.200944251493742e-08
N0438,0.75,afternoon,False,True,True,1069.6444858903312,1116.0412241625465,1093.6175689630877,928.6614755884199,962.749169380158,951.0113188005249,938.6049056826623,969.9696420180682,949.7009765060182,496.97473843186805,538.5908534351844,511.13198638778977,448.39691077026043,481.70344209361065,450.41100606172853,121.60939482470205,122.03943389794986,125.01802380077984,27.695684133083276,27.81073712662314,27.782672100873665,188.21737549271015,180.6915704799224,184.53205754628738,191.24003813145245,183.30896783944638,189.4180756998452,123.45601013860153,116.67158190150901,119.98075511872719,125.95304013768617,118.94727045094595,122.82457133968813,19.01707093265662,18.994983800016616,23.154331311819593,8.436611776821191,8.467387260052218,8.368490047580655,22.330536929365028,22.32581911155033,22.280077997974995,123.08551059417867,122.13916876729705,123.93090227205103,51.937462000579806,50.046532947909206,52.67620793238404,48.24854522331876,51.81994946526825,42.00269062067974,40.07729105162063,43.535287292944204,33.704132939937026,45.17932004078359,46.35517841417237,45.984086612717746,8.039039035854308e-08,8.134476420512652e-08,7.970158259962368e-08
N0439,1.0,peak,True,True,True,971.174503524433,1023.2872298576973,999.728754817932,823.4315785088198,881.6118356847758,856.1791621694931,830.4861631895701,879.930716037636,858.7916047874917,410.91054014472155,464.2740537129154,428.900556662735,370.4677517166147,405.60571535541544,369.2287868727293,117.11976319767192,118.74022352516089,122.51833059658112,36.79415491112036,36.72448286818028,36.690862427023504,183.9340247053657,172.48145826199956,180.3442802913304,188.72981099518077,178.27228724595815,185.95450582983298,120.88147604975097,111.10631390341958,116.38662690105308,123.67288980016625,114.17215183406373,119.39909012171766,25.03695663810375,25.109632430182458,30.46216023665881,11.10540066847566,11.255644408317323,11.165189403860627,29.44422984935982,29.496283997468502,29.491517887683184,118.16964013780216,118.48714840604481,118.49883229870693,47.68362021009095,45.829353693879526,48.41871667435351,63.88901355773982,68.0145606413696,55.603469140608574,52.792534894693866,56.97427410152518,44.588540727492706,76.30255358549242,78.63469294944522,78.34448161073611,7.789647520793594e-08,7.957993552861161e-08,7.7264829727704e-08
N0440,0.2,overnight,False,False,True,1297.009598108827,1307.98947751384,1305.5306864871147,1149.5404552204957,1158.8353207353518,1155.3657306940274,1157.761457625293,1160.1903630236902,1158.8932297135786,683.5609779343378,692.3582806647428,683.4939071441315,619.3649549610675,623.606133071338,614.6206422604083,131.76595935383506,132.2040936476883,132.34448837926365,7.8021832318882325,7.5606448378767555,7.6816611306695,199.03793369829268,195.36936561022506,197.59439533880249,198.8236785562996,196.67871594637418,198.01424567260645,130.79567728893082,128.91713306446135,130.15407043531152,131.11961064212943,129.34495723336485,130.83199783813228,5.090297299550708,5.156149251833269,6.2274802522669885,2.2539116225599205,2.314170741777998,2.2662330716598817,6.281333242182137,6.250494096789596,6.275930207921496,135.39766116312632,134.93132854122635,135.73462360071312,63.1345190180548,62.83679026351888,63.22483137905945,13.025929566841729,13.937302148373346,11.366002346309395,10.824199744589324,11.732946000301668,9.102357065798708,50.60523335208519,50.3498936203978,50.376771369269086,8.538950212113237e-08,8.60583297081367e-08,8.532493971089063e-08
N0441,0.2,overnight,False,False,True,1287.149593683505,1303.12598874777,1295.9333879915603,1151.9877888061262,1161.2993079830062,1161.240682167816,1155.9945945146706,1165.5569142309073,1165.5932041217848,675.7555150355768,688.5937162771593,682.3194400689961,616.2330608148086,622.0473799051665,615.6183027167328,131.87740931629972,132.2601426532015,132.79902591355275,7.8443936757490365,7.520236158177853,7.694525265376989,199.4377699895741,196.24238723794386,197.59442999792003,198.3462617889857,196.23400654895116,197.35257893438353,131.9555822504874,129.2046819711584,130.13456159175647,131.53078209149118,129.61863189435937,131.44283086031717,5.0864958273061145,5.146192856304366,6.23249651229478,2.260692335525056,2.3245239967137756,2.2559432555427477,6.277050617895469,6.2803545377604895,6.244050999855591,135.2028442644057,135.46523575733568,135.2118038156309,63.5459290238065,62.79593512679115,63.55622467261887,13.0144921848586,13.98245100513595,11.404707524499596,10.812989537368612,11.786732612616229,9.084509494581166,50.541825662785854,50.72629545237606,50.65112848711238,8.526688633044178e-08,8.626445750904908e-08,8.545371900253622e-08
N0442,0.5,morning,False,False,True,1182.9399571623328,1210.2171659358542,1192.0254985524246,1040.4401788804341,1068.5472047530477,1048.12530953954,1042.5304053740374,1071.8963948020692,1051.2592971511042,590.9120753552486,617.3995721175494,598.2755930675999,536.2626461762579,557.4461647931076,532.9876330173643,126.59653353731501,126.97761802514461,128.36588038735252,18.691500230737084,18.760389472352532,18.804393843283954,196.00806624706226,189.85430697964063,193.84619525419805,196.73208768557714,190.32474256251223,192.83916197273203,127.78154471520935,123.14062327348995,125.44094710522104,129.1194943318468,123.69050413126911,125.88220875879429,12.822643305475024,12.856706547985048,15.596831203965117,5.687666569366835,5.729335411430329,5.700272936438991,15.093254966590791,15.115200430739158,15.013354291871575,129.19371705709327,128.24820113164935,129.05255455104944,56.99231248453304,56.04208202460053,57.462448202875855,32.77995314344029,35.118986136424894,28.595261097720567,27.006144673563224,29.19946801722315,22.756050231714852,37.1712274245281,37.488379500394686,37.64289169545982,8.208168726978526e-08,8.26794675458383e-08,8.156850315969278e-08
N0443,0.75,afternoon,False,True,True,1073.790023533536,1113.0276341176007,1085.5228048431193,927.3862709890992,975.3501497738428,950.1680062981592,931.3954751701613,973.4344234652821,952.9048963128172,495.325455667733,541.3093416537318,510.63172381736354,449.2133459225827,478.70878575754926,452.5635676257464,121.74464729559817,121.96302390028048,124.99753193113186,27.846960131710503,27.702893997592636,27.597793368445302,188.51445778287544,180.61310993222386,184.53618269053263,191.04943089382132,183.87750406946768,188.1654508324898,123.16025561109302,116.93049424705936,119.78265710018735,125.3138476963228,118.14612826756718,122.01356211117496,19.0423180368911,19.12908446994012,23.258933953364714,8.403985801291228,8.529017196806334,8.407736599210395,22.32883780783115,22.27914873216821,22.261002361077768,123.04899271430628,122.721786460813,123.31873442007716,51.73382188329652,50.263559494414984,52.401202517355856,48.298237398001795,51.70020234763837,42.04679736426687,40.139647926341624,43.08569425452117,33.50258886915918,45.10774740781501,46.316844904095284,45.98194977474319,8.02713064622948e-08,8.120968143935851e-08,7.92500116786619e-08
N0444,0.5,morning,False,False,True,1187.2497424118176,1205.0028222320109,1187.6975387939287,1041.7315015597853,1062.4194307640087,1056.635841936207,1038.0033739128148,1068.756040699537,1054.4175972383753,589.7104136967316,618.8172027890121,598.2753183311763,537.1288911889042,556.2233355206149,532.9827219671133,126.20389448454378,126.80110328236829,128.39253476324288,18.807509697472252,18.651213349413197,18.741185232002792,196.57545717810484,190.33406169741733,193.61146061865196,194.94079672456309,190.19213421185236,193.6091247049936,127.43790974513202,122.42945007895459,125.81421503665774,128.7218290641823,123.94154987805997,126.39284590242617,12.871264014750917,12.86748583817411,15.646397775235613,5.696154750160568,5.704759720984557,5.680141739405361,15.016698265161091,15.048232122572077,14.997081129098845,128.79235717994652,128.63628289031013,129.29317623427667,56.85099549895265,55.51487535791353,57.157667819159585,32.632972986274304,35.07270155731424,28.410353641379654,26.959407149840512,29.41769691197105,22.834135826017295,37.038028866104334,37.204827175482976,37.4901777697145,8.243196437422292e-08,8.308321848467632e-08,8.178010822858877e-08
N0445,0.2,overnight,False,False,True,1296.935716601317,1309.749665416955,1295.8786594917326,1151.7560843439526,1166.548803108189,1154.5570553165599,1146.0724916320773,1161.1327650849873,1160.2648159033922,676.7277572202488,690.9245447245418,682.8260293581125,615.8276039059166,622.3392570386022,616.0350021645263,131.28834597826432,132.54136573018496,132.9741328921256,7.845721226854947,7.856564278470996,7.839950561043976,198.4584300994416,197.22139348021284,197.46301715564982,199.41374504592332,195.99472468544184,198.48661876271254,131.19948461267583,128.74712131205553,129.78252074591032,132.21727189280023,130.04728576871793,130.73662555622872,5.093053998865957,5.165917323703927,6.209025428583625,2.257429914296391,2.322242311832667,2.264541705511835,6.2748633924271,6.269513390750929,6.299654476639974,136.08409419245967,135.24220843766648,135.28909670917997,63.601032173094715,62.738020348452864,63.24616334224861,13.026837148734282,13.97912070059511,11.43799277912339,10.766369716455237,11.718577134678263,9.074628579799658,50.54691071011342,50.36300371314404,50.49967876983562,8.511107785897241e-08,8.626101811846037e-08,8.510012846244064e-08
N0446,0.75,afternoon,False,True,True,1071.744049135821,1116.778719572912,1086.0139561937726,933.0008310601995,972.6084667302285,949.4713217378364,933.7315600983363,973.1848244200565,952.7379195218884,495.7110623906174,538.8837224937183,506.2553338479466,449.9354215900732,481.07963197579613,449.63262739420446,122.7142108974605,121.24180890151331,124.90163655871076,27.779172916078213,27.887189454103357,27.693482506669966,189.32443673425567,180.3163746971742,185.50696714644602,191.24578948029858,183.40529110974074,188.91917965934866,122.978630342951,116.77421477180572,120.0645201455651,125.70449321567952,118.48487410243601,122.00098560817874,18.965029781457204,19.06508607088287,23.045408161743687,8.380076439328993,8.496070334029447,8.387232614564468,22.29826577593122,22.384445739692982,22.2636812688465,123.6302735536643,122.93739628961056,123.02411115694774,51.674613297038846,50.22138490050688,52.56116581642924,48.27225410519095,51.58096947586666,42.10361720890976,40.186020931529505,43.51849101122703,33.767721412045844,45.01584496271641,46.46727577413208,45.7234671565875,8.02203076464281e-08,8.087594199509889e-08,7.964999173044533e-08
N0447,1.0,peak,True,True,True,965.008606358308,1022.6621808405355,993.673928913619,827.5645813720001,882.4365076058793,848.9308411367499,827.0487439840383,881.5506223623998,853.6990287744834,406.189419191223,462.8992348927679,428.19999135454117,369.2255402407364,406.8278933967521,372.17875449513576,117.73454259006775,117.98541132607454,123.06765856934346,36.85856731599479,36.72640782908238,36.667755980204944,184.21748887548392,171.92325120135644,179.02714099069357,189.14627509537885,178.47640982493007,185.0644030658649,121.1039527108662,111.84152583309886,116.12550033321514,123.91836905091903,113.97863269654874,119.58255995348227,24.98255635843669,25.167540877331422,30.553525972125044,11.119204930115973,11.168358836671167,11.021512838157351,29.384915017681706,29.347460792432976,29.46602646099141,118.02788506502053,118.93301390464624,119.2335263563165,47.55290578199854,45.695850030951554,48.604062078248035,64.11440742340052,68.00648233219809,55.45231164925154,52.523655047128685,57.067385493129,44.578576556744444,76.0300630780113,78.86886678361607,78.0282676229099,7.787912713398088e-08,7.917754431537731e-08,7.698435928681461e-08
N0448,0.75,afternoon,False,True,True,1068.1700620712672,1110.6834553557417,1088.0181480362496,933.1284343531481,965.3822208050574,948.3513698078796,935.086427333217,970.7119323140696,955.7045406790472,498.35299068130877,540.1303543419413,510.5316011571735,451.5270934662121,483.3065556035598,450.10399521876354,121.83267969326467,122.03734256508764,125.64754640661238,27.795160584758897,27.903817447381282,27.696290603222398,190.27973182300843,179.26558981083795,184.27604969957997,190.92555089575907,183.63013524113757,187.88493254041654,123.54416324466331,116.77448564473542,119.92315286670603,125.18294007864503,118.34764574721689,121.37581842272398,19.03999594642461,18.933170016976742,22.994265831911676,8.444989266718414,8.495489778605222,8.40166788591107,22.27535445399306,22.184694638659142,22.230920682080033,123.49459952165456,122.37387216636537,123.14629709295816,52.235956088778984,50.159005220990494,52.34042901170702,48.56441993369404,51.5879828116584,42.03125710563931,40.05680023865856,43.43178133436412,33.8797001465885,45.186677647032226,46.201601136132915,45.877581951234184,8.095760914172434e-08,8.097747570202895e-08,7.955897100360306e-08
N0449,1.0,peak,True,True,True,969.2572793002548,1023.3220600685842,994.9520520832119,828.0592358636023,881.7984932972173,848.8136677900322,828.6975675301966,880.8207681673512,854.0820706249684,410.3887160113639,463.1258826581037,430.38802735275385,372.12697371751335,405.7302634035298,371.32522614557155,117.93198590974231,118.12164328856255,122.25998739723154,36.704693682585365,36.62101572589214,36.68516838744867,186.26651541583928,172.71663953056355,178.9606315932123,190.07673716456299,179.21224313267285,184.96490757853022,120.0521798673793,111.56134956022278,116.48141892785048,123.74222730271245,113.78188401456492,118.61863015785046,25.019445951771484,25.164750624676678,30.54493449591017,11.115275131658132,11.17536785803614,11.06141408077684,29.61737676925305,29.422813556573544,29.442080414836692,118.24856445610953,117.99844918024012,119.62355493696033,47.77151096627722,45.57131540457357,48.518405386376195,63.63142125959765,68.31252474647036,55.49503214506748,52.85301804002984,56.79076001843231,44.444261632110376,76.21340071647073,78.93308276053983,77.56734048150197,7.776259855898946e-08,7.90515061708197e-08,7.713089532328877e-08
N0450,0.5,morning,False,False,True,1175.1092615219598,1210.458302262771,1197.4745497326287,1037.4318879621164,1068.1043023634095,1052.511938717604,1038.837368286373,1068.4470614266233,1052.8607435329664,589.4950594061794,618.2577805388347,601.9344490205415,536.0036015566616,554.6733332697639,533.3408637662966,126.69305478353327,126.7518158759528,128.7796508912651,18.751240038436578,18.870117263886005,18.636017801792118,195.07129836802022,191.63433647381817,193.17618015944157,195.96228461565806,190.81071403469963,193.91237554737853,127.12977214627325,122.88387406486294,125.35107648463686,128.65730413138982,123.68667799887875,126.30646726638821,12.845278274165777,12.820106020559626,15.634676779482307,5.684558898670431,5.739549939782909,5.667648833618164,15.033969023471837,15.052956432186972,15.034922498190983,129.58690628491448,129.1398875096679,129.22429251268773,57.18103165741357,55.622781421316596,57.26263743451077,32.638716899914584,34.96265639118393,28.50314244204173,27.040031760165586,29.29058770824076,22.871925566170624,37.13094246432146,37.49327226201853,37.60697797360815,8.223314376237315e-08,8.309242077987581e-08,8.158969085206275e-08
N0451,0.5,morning,False,False,True,1186.8944479292163,1207.3699083466117,1191.2097875449863,1037.399480293469,1066.5804765917514,1057.8663319121147,1038.9726982918842,1068.3547355581854,1055.1852157292076,585.2171087664854,616.9883368500095,595.037966620437,534.4702372196882,556.1511007863717,536.7979609336718,127.29831032610956,126.77114492581961,129.198789619198,18.80468720020582,18.8642929609233,18.71409782028219,196.12787389585867,190.5557400145772,194.3345523100752,195.1151568171949,190.96969129735663,192.48415708535384,127.98442813486349,122.361426303106,125.632577791018,129.46523641176978,123.86272112968797,126.37400455013568,12.797009932320602,12.885874724256833,15.614874478103774,5.694100623599381,5.75806201297949,5.682951433219855,15.026991119062403,15.00518411533468,15.008500624247421,129.59102590413622,128.09838480519554,129.1278119765543,57.023194108657826,55.66299301305743,57.116893822541876,32.788400639809666,35.13097190000756,28.49863204872686,26.993927840877202,29.3945497808785,22.714676467786532,37.3535823515023,37.36114407493608,37.65708585884994,8.27368780940671e-08,8.259648211920648e-08,8.192324796550253e-08
N0452,0.5,morning,False,False,True,1180.714789251647,1212.169122198238,1189.172381427876,1040.679060786671,1069.7191771540279,1057.2187004597054,1044.8587835432093,1068.4323317542976,1056.4388411430389,590.1202267906896,615.799159972173,596.8855303359198,534.8640744753892,554.542288795795,534.7818727247494,126.99802302422354,127.09410567741304,128.83461154441233,18.81594846965217,18.80269871789106,18.740725493187437,195.30532864452815,190.32130130853108,193.57443863587437,196.06310169259515,189.95297086387652,193.1567580635968,127.39258582902107,122.67374525350802,125.61757866859341,128.1693754508069,124.10799616929609,125.72500095587644,12.74303944550435,12.891277339087232,15.70501327840072,5.670133951866037,5.728265160619897,5.6578506191143845,15.073688355033536,15.053372694210479,15.055422132031213,128.79929543534843,128.15596282602505,128.69906391722188,57.090976434961895,55.96158917101613,57.36394135142177,32.92982404758654,34.971749489643024,28.509543090768712,27.040097744893483,29.564656956816474,22.761557265798796,37.03234535046015,37.50768789432627,37.82794482828554,8.253716012054158e-08,8.298760250755788e-08,8.208925763328931e-08
N0453,0.75,afternoon,False,True,True,1077.109080269734,1108.2781961681144,1086.0996216323385,934.4455531797515,972.0303607353964,948.0828803387546,933.0699163660895,973.727569826787,955.3008869501145,496.7741485480946,540.684241245608,508.9013453086984,450.07248371292025,478.8020848564687,451.1870217322661,121.2697225980747,122.00588821797108,124.90954856220017,27.822708366748724,27.704960802485047,27.774973646843172,189.4341155099526,180.14101585310164,184.50493007842186,192.2215674776186,183.47796707627757,188.40143672507668,123.42769913481213,116.30843070985054,119.72184987603956,125.01869946116575,118.4289715245045,122.12003287612238,18.953601286924073,18.950917869179314,23.144175309620998,8.435331572096834,8.530096937453983,8.389175000648383,22.29850820904778,22.242230554503895,22.280831504837213,123.23950121577816,122.5494236634809,123.74859857890036,52.13072956358076,50.34912726494585,52.449416731637974,48.26660524717084,51.5001813155708,42.13051137471513,40.14467739060976,43.52131557472603,33.71854853312155,45.238219074034085,46.41474223410465,45.92900780831272,8.015707139915823e-08,8.115414458157258e-08,7.973043186774817e-08
N0454,0.75,afternoon,False,True,True,1078.2513960253384,1116.2595460694497,1087.2122547425167,937.6289363756008,968.9703053020679,949.2893742127059,932.408810283449,967.9198209025519,947.6300211003734,495.4073608471674,536.5501091996244,508.0408452326131,450.5384951107097,479.98558941454604,450.5638498504197,121.44823098525718,121.40925783953566,124.96147583377754,27.732042586846195,27.75324937187959,27.744101909256692,189.37575358127813,180.0267163709348,184.8314965327694,192.1638223019592,182.92158279561983,188.360384790109,122.8710504513264,116.50082788258958,120.20075993125435,125.09827947771576,118.8991516031968,122.20380355871666,18.85480314661214,19.048288959234885,23.169318987969042,8.439573632008189,8.48825851924448,8.374826390823156,22.24457019158214,22.31951200652236,22.246302273273745,123.52397368016736,122.20763654980458,123.43591768108433,52.38125846999251,50.092478261495,52.375625218639634,48.43508783855211,52.010384147788606,42.14010628768563,40.15458936435271,43.27040820146549,33.53711930284862,45.04690197361842,46.405234982989704,45.75036416879909,8.062567273063157e-08,8.130244792182194e-08,7.971337887286568e-08
N0455,0.2,overnight,False,False,True,1293.8928354734721,1296.6214726459466,1298.3155595011024,1150.8943517897212,1161.4634364857636,1163.577370413715,1156.649963355471,1171.0277903910894,1159.2525985216785,677.3262018090567,692.4522479032872,682.0577640968597,614.3000302525572,624.7893947254673,615.9487431254302,131.72289321564313,131.93167642956664,133.24434761708324,7.86664796700589,7.532589381911534,7.688905376477841,199.7018737903227,195.96066109200987,197.43999738366162,198.51226147506716,197.49320395146245,197.94842882101952,131.90159728395702,129.30064842679667,129.98880895162594,131.38807365804774,129.61809886236279,131.63353781761504,5.061864459265626,5.148238264208066,6.248284744952798,2.2692640543553444,2.3257185455333893,2.264849407672026,6.252530093655644,6.256376399649233,6.249760125467692,135.4348668628334,135.2249285909535,135.6422184591181,63.431549264994274,63.105920400824296,63.397304694461795,13.035424887140314,13.907379707387573,11.399099862103048,10.780069109069993,11.68046365741547,9.049111943516692,50.490176453140926,50.27131730777417,50.35364394149357,8.556937497023755e-08,8.6037733780851e-08,8.535035955700945e-08
N0456,1.0,peak,True,True,True,965.5096136387363,1027.0013496694626,991.8729662334466,829.1074905387572,878.158806635535,851.2197534189348,831.9245196954952,890.7290968011282,854.332030704099,410.875764686357,467.6037334521846,423.4068543925327,371.71942971749166,411.85187996813755,366.7338116560174,117.01662129765343,118.09983721248203,122.80529436663862,36.55455730547048,36.90775484042292,36.52926006161887,184.87010544955876,172.4724112149463,178.5401024166375,190.33104485964637,179.4661354486154,183.9003368218169,120.55934484244267,111.6436154794002,116.14040743410003,123.07427209260129,113.194180268885,119.14677893636672,25.04190698114997,25.14111953146803,30.666793164859623,11.109651929641606,11.135517872143174,11.09503450709119,29.236870943757335,29.461533015405365,29.418056172138808,118.09373262866843,117.73856311726885,119.36544834412369,47.93285623625522,45.794226900835696,48.28679606117404,63.56088105230077,67.91559532908377,55.44160867476012,53.069353095221715,56.918804684179904,44.293061386476005,75.86937221197014,71.96995056042164,70.80366210156296,7.813360495193842e-08,7.917096186859504e-08,7.751111298187208e-08
N0457,0.2,overnight,False,False,True,1292.99750919498,1310.2979942687014,1300.0707323930833,1161.19678896853,1162.2899413606006,1157.030461190337,1152.9959813421112,1168.1715282958119,1158.6123910224885,681.4993504794287,693.6802623932189,681.2157651295204,616.3276666157645,624.6859401735129,616.5542384808568,131.44967103688168,130.92566022464175,132.43973171450907,7.882501266976412,7.533310437540792,7.674957005173037,198.22380687183374,196.1304223559361,197.92991163067552,198.48049518407802,196.90344537186903,198.08560580339724,131.40641679554915,129.72270897985015,130.1685149702285,131.81953935509426,129.25600456709077,130.86534431662716,5.095852866895593,5.1553714112558175,6.229338114229339,2.2551683660701003,2.3294152862348416,2.258096384705148,6.216959877870742,6.265906327244205,6.251209808023287,135.18881767452947,134.75470874937253,135.15940612481288,63.57719927900243,63.01435686014757,63.280815530386235,13.026748696582267,13.934805188398489,11.40998950289434,10.786141498276331,11.77233499359718,9.120254626610608,50.3532247068118,50.15582448757631,50.835959055973184,8.589008035408174e-08,8.591266973688501e-08,8.528180676788036e-08
N0458,0.75,afternoon,False,True,True,1073.3724469282567,1108.7668207000713,1091.3898168520411,927.4332178613382,970.0190237454827,949.3487294848193,932.5561889736077,972.1658906110434,948.3624660977833,494.880842569999,538.5872805200971,510.7202350881313,452.9356297301409,478.1591155710348,449.67340435531224,121.84460254205148,122.18459662644054,124.90388974474867,27.67006991753291,27.91440252713767,27.701295053721864,188.63722384567518,181.3440949653878,185.75695831535123,191.68815292106484,183.49220174400492,188.42199665770556,124.40750773671046,116.15053759646936,120.53332143034619,125.86986501398061,118.31751246323317,122.37068481196701,18.941581236926037,18.97499030862949,23.1875497659911,8.382255428051106,8.479486888554586,8.407649768670463,22.17454771958336,22.373613438770356,22.28013179816785,122.64285672270533,123.15712109580078,123.47979765095683,52.111920064307625,50.10444817246548,52.55071007637399,48.66876182683918,51.664016949672806,42.31801965316303,40.12675832534055,43.29312493040111,33.62240566392769,45.38409591227674,46.12734310906344,45.921297828986454,8.05798684371027e-08,8.169511512471876e-08,7.946094263516022e-08
N0459,0.5,morning,False,False,True,1183.8943194897308,1211.2815418294183,1192.0176568953807,1040.8924145706876,1069.7639534756597,1052.832441842731,1037.9357706203452,1072.8556026257713,1057.4856927748442,591.030237713797,619.9967198386618,596.604733453409,538.0268354181636,559.3981870679913,535.7254867071659,125.6878772759163,127.21153886377866,128.2416378664148,18.68574002634272,18.850717337642585,18.774891010330716,197.08806860841028,189.5944045563012,193.57229672272615,195.23228728110283,189.65912962022654,194.06768138818802,127.77066791161387,123.55482176764404,125.3652874083615,128.38164431230837,124.22197852109643,126.06462908367506,12.765109972208156,12.80542221375838,15.638267939846275,5.698937680986035,5.7583725164772845,5.660510965505014,15.013806169511618,15.086121934337331,15.076590908563839,129.4456553166843,128.29622612478138,128.68888777903942,57.4507791709482,55.78508414171955,57.378045763865785,32.84215817975012,35.11724688763195,28.44854456626413,27.121153914057565,29.243449393494227,22.699717397567195,36.990747016369525,37.430755645009256,37.758133740539876,8.215921654630841e-08,8.329887650519574e-08,8.143899414328422e-08
N0460,1.0,peak,True,True,True,966.4314180908153,1025.2276364565832,1000.3845929252258,826.7330618098539,879.3986908618449,855.8291621780771,832.0337796219313,884.6597669877572,852.1912766468182,409.41366828935185,462.0537868447497,427.50485096048453,368.0458635891497,407.3200828656111,372.1603077625118,117.20449635837393,117.86575564385554,123.21377973209941,36.7095195755168,36.794889371972104,36.82214602888123,184.28439675714506,173.1023640051399,179.9280779000638,189.12924502205598,179.0501155163045,185.83445307748232,120.48370563990652,111.71221844987453,116.2449506054313,123.25211296218063,114.38987494138648,118.73779260008011,24.995189301665295,25.090884458735356,30.542431276434097,11.143863155919954,11.110952069971507,11.098052022423419,29.458026196863692,29.52943315368837,29.25936874311353,118.67464624554448,118.2768592534469,118.78007877474175,47.67591089819275,45.799557841909476,48.697760253355725,63.82669800787479,68.13768760539217,55.458997153417215,52.88270536690204,57.0872448029991,44.5072408821774,76.0715183208535,78.77820277921433,77.73094890460915,7.824988300024847e-08,7.910042692763561e-08,7.731318990455208e-08
N0461,0.75,afternoon,False,True,True,1076.2357430792035,1113.143953134173,1088.6539980345808,933.4914337082595,974.2644295749196,949.4680022158566,933.0735613206905,973.801586912712,949.3273065524331,497.7696705135168,536.9863643925428,508.3565025858993,449.34948167279117,480.0981288690453,448.05061037268604,121.49939283342505,122.5825173855989,125.28517518909182,27.549102722465598,27.615355904148842,27.697859783317945,189.7547347562536,178.96496912908432,184.77820556301327,192.37062606642016,184.21749438441358,189.3910184164465,123.28242528180012,115.5346241427339,119.63686546018867,125.82030954878554,117.96153979878694,122.21008560171292,18.89371095691501,18.926161520951748,23.20583049257799,8.394249880682043,8.490508841464518,8.410998160852587,22.280695626609756,22.284658061340554,22.16469615878377,123.49529694473235,123.11409514367371,123.44229946071432,52.14393588904074,50.23081706624036,52.49671365067154,48.17686130714981,51.76143945207291,42.004997860588986,40.03677032705217,43.29674158503745,33.866179407332375,45.132420330542274,46.164424414575144,45.80653936440264,8.058254427585087e-08,8.103631034399972e-08,7.979424818386997e-08
N0462,0.2,overnight,False,False,True,1293.3834757450386,1310.2056349499496,1296.9920626120138,1147.4904486877674,1164.1767752471558,1154.2050408772539,1150.0496740281314,1170.2155922081997,1156.090800057267,678.4579456056808,692.2072457456946,680.915936749086,618.3241013694341,628.1312910089858,613.0966763839002,131.8418080527135,131.86397050953656,133.04236056001244,7.849783939575805,7.487244343633834,7.680408768041427,198.72278938357414,196.09465434318187,198.52353091707366,199.82741926294997,196.74911528088734,197.57775877749899,131.9143359836201,129.25789546359795,130.27241479178232,131.91239618581102,129.60069854554783,131.6968778972296,5.081208237433527,5.189928810347505,6.292021563196433,2.252287998790134,2.3221510574381403,2.2578949555593977,6.273054990860224,6.241511477866033,6.273216725186217,135.21813462178838,135.6127922180232,134.84428437908986,63.16164327214664,62.76766296535766,63.57556352458346,13.082280866373676,14.038107117286037,11.368926292583016,10.826996980406514,11.72601971240935,9.042255328302652,50.54288782555093,50.52275871469584,50.77955538682581,8.574964815812045e-08,8.621793367936092e-08,8.502811845647887e-08
N0463,0.2,overnight,False,False,True,1290.7861919116617,1310.1653479691904,1304.186315942995,1149.3276854363312,1165.4432104488071,1155.3239649455484,1154.672637575096,1169.8156103860167,1158.460467711899,681.6379121348745,696.9756811847024,686.9236904626616,613.7749410687229,625.5235868725065,616.296804989678,131.90331307502183,131.75248572020507,132.91639134647224,7.85797133319573,7.545626280364159,7.688194583987594,197.55924032037817,195.75432368144905,197.9034542959922,198.47179768435612,196.93448043454038,198.51663105172977,131.75778971120192,129.2943756379718,130.3798203404987,132.750849635103,129.503082951167,130.4520692758967,5.135522858534314,5.145044915271036,6.242447003792723,2.255922084342514,2.334012527917244,2.265086869718732,6.2478538397935495,6.282009454719205,6.275985559747784,135.375143308675,135.34424242210045,135.26841570806704,63.18317379563365,62.7436399400568,64.02306478948596,13.025361155637635,13.986242996612473,11.346110028826818,10.822860850541073,11.73035871471471,9.109309630635892,50.192366089554724,50.5261787892624,50.50849992420416,8.541205007972843e-08,8.604117961826676e-08,8.539996086835638e-08
N0464,0.2,overnight,False,False,True,1289.6550927135859,1297.102977332849,1295.1772853898187,1145.9364283919394,1163.2526621609265,1162.2375040639963,1149.124226241331,1158.4067728814696,1155.3509620704594,678.9666739111186,693.4906768041297,681.6258476352427,613.5843589101385,625.457824420296,615.5538706621951,131.80950632844008,131.90347068547618,132.98877455293115,7.814607848505368,7.537341139769083,7.727605260349486,199.5681430703596,196.51880720792968,197.6131977321247,200.10092986349048,196.64121251920608,198.25242890734114,131.38379022698362,128.97515713636125,130.09880246097038,131.43016245113287,129.81375007012556,131.2768959166457,5.069659748647273,5.143620431966155,6.232020567880474,2.2617525898060955,2.323378462894732,2.2541911811946442,6.272638470252722,6.297952804948767,6.2986333931650895,135.89185736978823,134.6192465626796,135.50560114851092,63.71146889606277,63.04982066663279,63.46750067186257,12.97968804352654,14.055540403662949,11.328372554249334,10.839508196199505,11.703092901449402,9.105988156611867,50.25731688779849,50.02168201547037,50.68528782553276,8.547134524476765e-08,8.592877997402924e-08,8.506699106856545e-08
N0465,1.0,peak,True,True,True,974.3470812284739,1028.5389939078004,991.2039973717494,826.7186120275657,883.762650733443,848.087653630214,829.1126372824547,883.4211800762146,851.6750098757399,409.7936476203983,466.9373418927706,425.46783687361057,371.3387017870835,412.1143896638205,365.37967033249913,117.72253558245215,117.97531290405547,121.72672457534391,36.5274267756198,36.69740089858578,36.79073379503177,185.9083434136845,172.34647253823994,178.3610154572959,189.8590573218047,178.22643910466465,186.09480449280724,120.15793216136862,111.51958634760655,116.03638462975137,122.99301880277396,113.86720543892945,118.83976485568454,24.845781778061138,25.20364853065232,30.56296078120616,11.079191573184152,11.213657224867351,11.089109970704339,29.545039426029206,29.513961408910152,29.28911446608774,118.57403515186625,118.06502037261144,119.02019812644224,47.6021201773427,45.528406637136854,48.3299185362989,63.66803545826919,68.19975083955661,55.69024695534942,52.83817235400618,56.802346007589655,44.5693483709443,75.77544496518351,71.90069529971225,70.63893570393147,7.777246150328948e-08,7.936343672857703e-08,7.785494478348606e-08
N0466,1.0,peak,True,True,True,966.6302339039996,1026.6966992647285,987.5517724187515,827.4870391427515,883.2101617710755,849.9579408666715,834.5684335326519,883.920763598057,845.7799648185071,407.9126840614274,468.4836944758116,423.2101052978791,371.6576892079749,410.6239428742391,367.1842130460763,116.80003737050096,118.50230274333363,122.69043165945334,36.44519832690721,37.12638089471319,36.61043805907776,185.31005947866348,172.91168347547566,179.4872869511769,189.0492423286703,178.92317693927313,184.51951121740996,120.30314034823897,111.56337190565519,116.79483830223712,123.64558540257514,113.55107269457969,118.17688746659424,24.904037084533623,25.2169692906736,30.64575036685104,11.091364648447605,11.225775140317648,11.100216322202376,29.245637017388667,29.417107144175944,29.412070622495122,119.48062205267301,118.43803486039194,119.57744784798109,47.8683977809123,45.59093661856595,48.32864618182943,63.7555635212992,68.09050827572617,55.541537370549975,53.01671549475254,57.186422366597874,44.451135048877326,75.58723877438784,71.35663044995495,70.83747130507535,7.762338119856823e-08,7.886757427992905e-08,7.72343443989239e-08
N0467,0.75,afternoon,False,True,True,1069.4341433757384,1107.6165942085881,1086.485094324898,926.9854013887367,973.3598222153778,954.0301309664759,929.1880553899865,969.9496835266714,945.1348021904683,495.64124629842246,538.4180116871225,511.1967108494359,450.1228127692796,479.4407716606727,451.1058003129519,121.54191783422311,122.29056622118615,125.08069038616723,27.61729106964983,27.863036350446738,27.69593184390974,189.6647088753333,180.39518469686752,185.2840545908258,192.96960170746559,183.64042675458796,188.69605878628244,123.40260664706402,116.13217946934263,120.8728546981687,125.73370138110121,118.35427509536821,122.32709285068482,18.979407994563275,18.930179399739348,23.197033512245845,8.389159908094854,8.492226880021725,8.392282026404654,22.257781858599397,22.33067033245198,22.368206952935555,123.37677929935334,122.74809107971664,123.81601892602274,52.319100257800265,50.24160694471139,52.60600093249226,48.328758164581586,51.73049381132684,42.031173831383654,40.09295876245529,43.5113393008267,33.556120600217895,45.094399898462704,46.10123606027297,45.97188544715845,8.06588796768811e-08,8.125171967706408e-08,8.032022595924787e-08
N0468,0.75,afternoon,False,True,True,1068.161565236214,1118.3529257935083,1091.0315379781025,931.2169465474277,968.1182625030659,947.8722164113144,928.8109616378631,974.0233220417867,946.8140838373757,494.93066348075536,538.784003482855,508.1479950839825,449.4582387673207,480.8366458254255,451.78706520687916,121.16633398657882,121.54165433641721,125.5003376034347,27.808085487583742,27.599301467211983,27.55269799527859,189.00926423009483,179.46604617087303,184.86620314436823,192.17606330233858,184.64701474354075,188.86874238856396,123.44590856173541,116.65719899013135,120.8743675135093,125.54649329333859,118.78123487675316,122.03216566367388,18.98066084121138,19.021086969808792,23.16937082820336,8.379369087057137,8.47926280065544,8.411455087959665,22.246255052184132,22.3061941079724,22.217394407826763,123.60399286434861,122.71287199897756,123.9091641868329,52.156198847366475,50.17245357481409,52.2132802701003,48.57120280254314,51.484457666221516,42.0067646439595,40.199589141472835,43.43575621528857,33.93508937621471,45.403474753919866,46.11081815217954,46.130964609385664,7.996391297131734e-08,8.127302852923888e-08,8.016406447273106e-08
N0469,0.75,afternoon,False,True,True,1071.8750189738694,1117.4418527328344,1092.1369015166015,930.4135157871076,973.6483499926433,948.1336500229617,930.4297135909176,971.3407135280773,952.1903660826673,493.9794110084832,535.4781382855678,507.5085870168695,451.16342636419495,478.69419536727753,449.72940622443616,121.35744378550206,122.05576519731639,125.54317535504147,27.921281588927087,27.850807164405076,27.751241912710466,187.41846894834802,180.57011919829495,185.82168485551497,192.04250221089137,184.505000406827,188.772390812611,123.44561044630561,116.72624627307519,120.43767512903898,125.03591908270711,117.93579710505344,121.3908385648996,18.924149699096045,19.017911843571436,23.2007516054016,8.37080085391359,8.449592743554312,8.399971786766793,22.276868478023943,22.24813106721294,22.25993523263879,123.7259929664167,122.37302999791329,123.63846996815974,51.99096165766446,50.41987414471258,52.829218506099764,48.104541632389704,51.70615704895442,42.199502982315195,39.990198038793835,43.47414883799175,33.776534070688896,45.24449815532254,46.380685863317666,46.100727758834815,8.045835146378583e-08,8.143722320097312e-08,7.962595578706972e-08
N0470,0.5,morning,False,False,True,1187.6372112719425,1209.1793507447344,1197.1049014745106,1037.2991205269955,1068.3531721854195,1043.1980562565439,1042.11114125663,1069.3087408721358,1054.5258508231534,586.6548732286167,618.9354460268787,596.4857424172245,534.6601995098881,555.6632318920322,534.8743101465773,126.09195366059124,127.25662190630072,129.29993414578456,18.754945240009267,18.80708322864936,18.711112072444315,195.31837086302272,191.62703849005354,193.38782610809375,195.74732006446987,190.07919597088295,193.86952944635829,127.53288958563898,121.91536229739516,124.56358998328118,128.14786128687314,123.66657996871828,126.36094618617517,12.792342110708958,12.853951336893164,15.674831551959935,5.6788822235515,5.740515233367343,5.659451994935357,15.071596293049142,15.008841771951513,14.982505679102198,128.93097997255495,129.0434792578564,128.7088856130904,57.238590037608404,55.834932989077956,57.213064827558725,32.50024731768667,34.96480813852161,28.484398647815006,27.039384942780973,29.074535397598133,22.775207401746982,36.898264609169004,37.35846078802533,37.71608280866647,8.21495162521466e-08,8.302663057236601e-08,8.21536019148041e-08
N0471,0.75,afternoon,False,True,True,1073.4759229413446,1111.37910030134,1095.4811119260974,933.7346069738509,968.6724873310518,951.772138586195,930.9194547561606,970.1613698368847,951.7880211877797,496.7133461178472,541.4099515874381,508.55663427390346,453.7965033863902,476.83493329265565,448.322154291408,121.92525665762328,121.90629745453904,125.65925531731006,27.69111300784236,27.75178479755593,27.77180263983848,188.2899092672114,180.86520821349538,184.66176172671416,191.56872453654393,183.82169635122204,188.5766595728866,123.57052718890763,116.10010468340988,120.20494245128343,125.55585358714978,118.64472547644797,122.60006303645308,18.95344437942895,18.97034836102134,23.099716021848643,8.365634883016483,8.456516329922861,8.470581277432137,22.198003648849006,22.284327166321354,22.33049389435553,123.63406654230467,123.13650741983639,123.83090593804975,52.05369645347293,50.23335320384243,52.75020509205838,48.558782813566616,51.70721377731524,42.439797596952246,40.117508775621786,43.40395064084267,33.5158256339872,45.37016745443828,46.11611049722686,46.02002379590511,8.027293961644462e-08,8.12522849432065e-08,7.986337736956692e-08
N0472,0.5,morning,False,False,True,1176.796873661413,1214.821553647885,1195.3268537904348,1041.9809532521772,1068.7499625889616,1058.0579242785745,1041.8722602999608,1073.2704964276181,1053.539339668249,590.4521505825206,618.5971998514566,597.194123457431,535.7623144666479,555.8391605909123,535.6775668973214,127.14835208062004,126.56530208492674,128.5763598041308,18.78712076902223,18.731027225324002,18.67208177745526,195.79367083202305,189.8446509431383,195.06112727182392,195.21574783802964,190.76504531598658,193.53109760858516,127.82483946366132,123.01762301606023,125.25073512538398,128.2935644575007,123.75185944100504,126.3520374959864,12.756929966792734,12.909498229676906,15.652799739621551,5.669042383798865,5.736782534698605,5.68894013976508,14.97060015974536,15.069485692402598,15.013680764309713,128.68161199145013,129.0946284506271,128.995718034612,57.00727903665886,55.88129787149918,57.249350804952364,32.620338564052254,35.01122165693282,28.538815310628504,27.02516047458858,29.241888799234374,22.85787088283277,37.05261757499577,37.328658036618975,37.75159458891725,8.264267291964925e-08,8.274827637002464e-08,8.2248123757836e-08
N0473,0.5,morning,False,False,True,1177.4355734696862,1208.461787144508,1195.2378745816789,1041.1379875705206,1069.981423674733,1048.8557781698626,1039.2164118081366,1065.240268316181,1053.1340766287644,590.6070780128271,617.3770346356414,596.5872457126445,538.0279033580916,554.260986983332,535.329541715021,126.51589408752233,126.58939797205248,128.9399521142402,18.7802651526189,18.841898444744146,18.78136417451278,195.93083735957174,190.87947243818954,192.48919924738735,196.9146190017082,190.06857543898047,193.14652563765935,128.1765261480133,122.18246320503,124.59651366043781,128.86095589192783,124.16333901686507,127.04053324229838,12.815094635902296,12.927981534710842,15.636445509068436,5.709113907608892,5.730125977100721,5.6759020741244255,14.936492750634374,15.018470897194407,15.034308204422942,129.14053422355158,128.82171995066042,129.13733917848532,57.57436392982513,55.85850342517517,57.42895886847121,32.80061259535895,34.916791323054234,28.419971958981442,27.05519974399098,29.19360936859211,22.744806220912597,36.91421262151677,37.52972556927948,37.80788409716714,8.190863221271648e-08,8.311249653730088e-08,8.18940858867692e-08
N0474,0.5,morning,False,False,True,1181.167164918153,1210.52915917972,1194.2054368418194,1047.8350402820051,1070.7464977651068,1052.3912945559318,1044.353902477003,1071.4249813779043,1048.4621663091264,589.0169529913574,616.8993144431392,598.744983747095,536.2206867649152,558.2652730208343,537.2649374927643,126.07968644699261,126.48122608327108,128.93165790315115,18.699272995736845,18.77909756484404,18.709007194108278,195.74119252917782,190.62878092296083,193.3156388218508,195.7865005029449,190.17515004309683,194.2183238464541,127.14353962692537,122.40464562127832,125.50086699337352,128.63803506859102,124.09195009409957,126.39599325764047,12.808554664035968,12.899189976823946,15.671765971221324,5.675196111330181,5.747362845632681,5.719168984928607,15.074324140988617,15.054866291148054,15.053309274782086,129.47981733722435,128.8697563783346,129.5444068748256,57.30590907992951,56.03706741555383,57.22004677325163,32.72479704306586,34.91204699473725,28.45683691138862,27.074849271363036,29.28641162246416,22.687417581665603,37.26874880876315,37.36737330336398,37.541786073442246,8.292641459773526e-08,8.331843991186879e-08,8.185105793262476e-08
N0475,0.75,afternoon,False,True,True,1076.0359290944061,1115.594293700244,1093.2279109418018,929.6372356166527,970.4352358785467,948.3575906211046,929.5264602266667,971.4383760653031,947.0838534466719,496.62352621187176,538.6928748446131,511.99224797335955,452.45472968291386,482.0268534308279,449.0246709903618,122.07448312031124,122.16698394195393,125.65717025144832,27.831709073131936,27.888491081010297,27.736804290532685,188.25633052524728,179.974000831045,185.35042247170304,192.28868098115728,184.07022102721444,188.14769516236825,123.79146738664579,116.59895060909611,120.18500595646186,126.01692647432853,118.50529881938793,122.56602868693686,18.912017365197716,18.9547925851605,23.067420340196236,8.375203853863956,8.48654826592367,8.355198596096509,22.198399398566814,22.302505561779686,22.29481326389709,123.1955383225057,122.43744135562721,123.05990366537762,51.96114564763297,50.41472624121987,52.22036729640132,48.54261138053244,51.919536447125374,41.96997751267348,40.1567229262857,43.221426299250126,33.63967598820553,45.06715875703428,46.48689795906887,45.99942669096252,8.056133310934058e-08,8.121272109582987e-08,7.982693626024914e-08
N0476,0.75,afternoon,False,True,True,1074.075145990174,1117.7780087297992,1094.100369096946,929.4578726301164,974.2170292964231,949.661920615086,932.7371319073461,976.10363865813,949.0687314848218,495.09158627775486,538.9265043336977,506.494125575821,452.1013079105801,480.3112540517615,452.5752211496526,121.58856034844366,122.27195211099313,125.25328065909844,27.586775746690915,27.81358105351459,27.687063272745544,189.81943242957547,179.00441617239295,184.87743806336175,192.62115772182946,184.89992667996663,188.30224586237526,123.54309551116539,116.94621009421428,119.7750313498475,125.94808702691081,117.83574333605492,122.05678208174253,18.933061627978017,18.969313221680512,23.09456205613974,8.40853852903398,8.464184476330558,8.44292870216354,22.24635195528306,22.243460343874784,22.329229820374277,122.78916642920602,122.50684055630191,123.39201097886905,52.00219261371397,50.16450670396619,52.384172160915604,48.434109382519885,51.81763463027155,42.01464954023849,40.07924214535301,43.1445546008682,33.71582206272111,45.16542431681186,46.42826825556298,45.69321840175887,8.059111615317962e-08,8.123887406633048e-08,7.93280009386967e-08
N0477,0.75,afternoon,False,True,True,1067.5165397631506,1111.0549263305722,1094.4097455709957,933.8710177896648,971.1969347930717,948.2944270038515,929.1375410538609,977.1084469533313,952.1258021317694,493.7072760710143,540.459577048897,509.5102216857057,450.67062616239946,479.41689641890196,450.98262735538157,121.41166116156644,121.32214753247936,124.85791282820067,27.643876583285305,27.729902903141802,27.724972612692532,189.201568682228,179.7270638618863,186.50314185119183,191.61026647608747,183.27849946304696,187.38065840792663,123.23824835287556,116.51532151630141,119.88321634390229,125.33231592258862,118.66614477745995,121.7116723982909,19.020788853766465,19.060409892397367,23.29988418208647,8.423014155588891,8.481664165761632,8.42144183289099,22.288779664136083,22.173685057914444,22.206292997074794,123.84505950372936,122.77303646638569,122.97409843948863,52.075958780755535,50.3255473908453,52.495133881164286,48.471244013000074,51.741091895707505,42.136412978755764,40.119818098989334,43.33841891496451,33.523512945597965,45.1200911017995,46.36285847979486,45.80172808936925,7.979775372740254e-08,8.145434802436087e-08,7.981826047087187e-08
N0478,0.5,morning,False,False,True,1186.2373589629394,1205.3051023352173,1193.3489607892502,1042.1316648702257,1063.674504916192,1051.5382726327048,1043.7172215350622,1063.9766157376441,1055.6470251255757,590.2563572798138,615.4553598623341,598.5335997800819,534.3406209733654,551.9238192621863,536.2509800598358,126.01856909495069,126.42055724392091,129.54090781508935,18.595366421024448,18.731839410682984,18.802058606195498,195.65695238180248,190.1222903462246,193.09868225615932,194.76120347127903,190.50919634633976,193.9988624499374,127.03911259737444,122.16678900422676,125.01732446065213,129.4345147955271,124.76920530965806,126.81974035063034,12.73772509672767,12.910237828103694,15.614306888945702,5.7061582789125085,5.733793092891227,5.689476234264975,15.032045619883498,15.03136996686644,15.02458752418785,129.35808701303486,128.0783491819369,129.51712033270462,57.39769705533833,55.76042380015047,57.53793252040855,32.85612799080098,34.87561630316575,28.474196804856305,26.987121557910985,29.23989317936794,22.850187073937064,37.17067353479881,37.49441729017364,37.791602142510484,8.265792703310122e-08,8.290276892687727e-08,8.230589139131925e-08
N0479,0.5,morning,False,False,True,1183.2388949172569,1205.8296761126055,1195.275284077238,1035.6657618488557,1066.6774508963301,1048.8954732553598,1044.7687798493464,1069.7103786444072,1048.5151486691316,592.0387111775979,613.1799991661385,598.5865221383962,535.8211743942309,556.0938427572911,536.0236836289836,125.83437785830093,126.23327432285834,128.6599290490147,18.838586699936997,18.810477570199847,18.655727486028113,195.6580375308575,191.03023316602616,193.0061486511885,195.48960734963532,190.9420547632149,193.11622111537554,127.85035865035546,123.13124406857041,125.33943077218967,129.10523988418007,123.77387095760328,125.28708135420761,12.831357793423741,12.7903945859663,15.633426178824324,5.68347834590858,5.75142291543421,5.703540266725669,15.01888646187138,15.069822886407307,15.098694390348154,129.23828068028558,129.0051921327193,129.13241308929443,57.16032418250292,56.03118789604681,57.60056808569371,32.71218508486654,34.96171095062008,28.704829676445424,27.144792194359226,29.32207926117415,22.769077792213498,37.07764595036816,37.52226863337062,37.77177574343489,8.19364868864888e-08,8.293668783145551e-08,8.194975186862597e-08
N0480,0.5,morning,False,False,True,1188.0098194217169,1203.470046745877,1197.329593458544,1031.8188505882974,1067.6033685514499,1048.997063235634,1038.626800915961,1067.0140804243508,1053.8101657972677,587.8519732590657,616.5237757664976,597.8670367849845,536.0779983482483,554.0041963587578,534.3155481372809,126.82535145610933,126.34124858623618,129.25808894548285,18.764789863752245,18.806425090885902,18.626452647285436,196.40135221466065,189.78257288015314,193.3605789958318,195.74979231597402,190.24560436464128,193.05732188709246,127.02118708272283,122.28727981868596,124.52128027888405,129.69699121478737,123.60227054041829,126.98341821591458,12.807669137991653,12.923370318386919,15.653858651501036,5.683835476618071,5.771370076648075,5.692431871760749,15.003805165788414,15.119996739881282,14.975765842611237,128.36829494481984,128.43497521930902,128.585154600126,57.421237914975734,55.743568299222034,57.51206663208711,32.75186469725629,35.02765846121926,28.71817191072964,27.23868422740219,29.448200289705454,22.756213357236955,36.69182511919777,37.40613742017966,37.63255008355545,8.21135445275176e-08,8.238925145779814e-08,8.159473010375777e-08
N0481,0.75,afternoon,False,True,True,1077.41939938812,1114.090604375506,1091.7504579963484,931.9565592948641,970.1774499122729,947.5560618413097,933.1837686445427,976.0724795986007,950.6353891038049,495.0643426578914,537.9208187839095,505.38612591405104,447.1707452149018,479.1082537406525,448.84648538676583,121.83537281658761,122.01782808784242,125.34337474831507,27.705387664105285,27.876424368342583,27.591457267758017,188.73211960620472,180.32576507629,184.68715003877875,191.80110393779938,183.96575795981016,188.23530114539673,123.65490193009833,116.76561319141403,120.17344270445918,125.3603685047597,118.86651923894523,122.08702427786905,18.930393395862,19.038599222872637,23.06874010936937,8.433039442084443,8.476725939561813,8.378005470877957,22.19271567786227,22.27133848822221,22.370692219372646,122.74922005287075,122.80170792558374,123.33083491760779,51.92200699893019,50.32812663639363,52.461862422312976,48.35648354068076,51.34916212456921,42.34516814603888,39.88161771137523,43.1226064945697,33.59677684869801,45.248362704435124,46.08502144968474,45.81499685235159,8.013549507633848e-08,8.088116427273294e-08,7.99299449521703e-08
N0482,1.0,peak,True,True,True,968.8724895553612,1027.120915580761,1001.2436812868973,827.9245971361294,878.4294201776846,856.2027937069016,829.3547611748206,886.3212950368351,857.3519818368978,410.1106239680084,460.94864353970576,429.00369266814056,368.1128016792837,406.2111648260906,370.92764259485125,117.86796188100266,117.63631482975384,123.33238084548249,36.697580867113494,36.832181592243415,36.579286808534306,183.9636658832176,173.46386056014921,180.02695628945472,188.1340628343176,179.42516138426376,186.20637701795366,120.61450921591555,111.68828532796876,116.04992025871091,123.8659890767307,113.69474252470931,118.87678541595511,24.960241746761707,25.175660361943905,30.47007351795791,11.094910344379706,11.168767499128796,11.124652104300045,29.437856469056243,29.458784755986414,29.1555693975491,118.7061065090757,118.20076213021984,118.88167536083257,47.695213011385164,45.76477211933559,48.85442785650922,63.80161576386045,68.20189106107854,55.342904972916664,52.85845621180087,57.375453646481056,44.66240385180672,75.99523886934134,78.81197287295267,77.6476598438706,7.826884933595405e-08,7.862051342831601e-08,7.692224079558733e-08
N0483,0.2,overnight,False,False,True,1293.994150956592,1304.1819940563148,1300.4438685419352,1150.3793023500434,1164.3705427519599,1158.1101886956465,1150.406414506225,1162.966612979589,1159.554340134455,679.5339592446218,691.5753331013588,685.5232734548018,615.786531054777,628.5218545284221,610.6289586252561,132.1502236396796,132.0005192683113,132.51922609048503,7.807048310410882,7.557003839607216,7.713780285250392,199.4799252567402,197.22545718386453,198.35783060414622,198.92809159921674,196.5157150987175,199.12936875788407,131.68544341123976,129.4704368560345,129.64513525967365,131.88448214669998,129.9289399380855,131.03678843605735,5.094544767261794,5.14405626664505,6.248783729531296,2.2462521011612853,2.321921949867112,2.2575175251654636,6.286245070643452,6.290758597817504,6.286913687670689,135.77975790829143,135.36482653271128,135.87121099696844,63.437995792757185,62.76266872445839,63.68636744953758,13.017839749536146,13.95149191221848,11.377552146642062,10.77700192092672,11.735116559820518,9.078629750094276,50.36959386088358,50.2702806543736,50.453188904411064,8.519606435638318e-08,8.608272594911519e-08,8.5149349287281e-08
N0484,1.0,peak,True,True,True,971.4946577531276,1027.7427509191548,996.8559393501068,827.5540687884745,885.9826343275578,849.4886666423685,830.8200595422683,885.6600790514823,851.2974737717236,409.96100633861255,468.55697092624257,422.2429451606395,370.13095605131105,410.845809272258,365.4749812926264,117.89843326008513,117.56132813855208,122.73969762712449,36.66812113900697,36.77361694234095,36.64956790254123,184.8119609872485,172.97235772613405,178.97261083772403,189.16853349857337,178.97905545895503,185.86765871624354,120.712594344284,111.19080984868386,116.51780437229152,123.16923937021407,114.440910694207,118.75649851121474,25.04531739528414,25.13202961908209,30.43455989765357,11.099690431615779,11.201657953245027,11.146845771950995,29.278320705153813,29.414656964382566,29.325083741010676,118.37556966423759,117.24557662937892,118.78892374490523,47.8313599783102,45.702060969981574,48.52903891206568,63.99882754377718,68.16166681409914,55.54514503023909,53.191631496606135,57.373803589926254,44.654923902744926,75.83065172299878,71.43946992911329,70.60197814784166,7.766752435879679e-08,7.894947486092462e-08,7.77225856145012e-08
N0485,1.0,peak,True,True,True,965.5822388869482,1028.1022300428886,996.9199484993466,833.6514497502578,882.7995797043086,850.7060906617812,828.8802201026723,884.0255267094504,848.8294138674466,410.5725330031562,467.53044265698793,421.67970296717834,369.16072195483997,413.3970884756102,366.87204282824786,117.64306324173263,118.81818382158086,123.37727396956346,36.680880764993155,36.934972929418386,36.70450545395757,184.77381626939092,173.34489461814454,179.2436254577399,189.42641712970752,179.4854973287842,184.69176913670307,121.61127885742995,111.29077589464595,115.91092925159974,122.93343253939764,113.83694208284324,118.65053609986973,24.867854914480205,25.067155891024523,30.615584258631287,11.101608287559669,11.144765223276803,11.162024068771853,29.46458758394237,29.46038781379466,29.554262909903247,118.72299691545352,117.74108640574397,118.7934342733858,47.730432714271345,45.713737299188395,48.47290802160919,63.920564762336326,68.25784880032859,55.5371059341134,52.52891337726808,57.073938633559486,44.32319151422626,76.01965049797101,71.49611569192398,70.73634265035352,7.796962757458917e-08,7.888914742026542e-08,7.690172419845908e-08
N0486,1.0,peak,True,True,True,970.2883427627096,1022.811278735956,996.1936973563664,824.3149419816764,881.7177534178752,848.2946706426471,826.4184569168407,890.9040462259351,847.5781186177989,409.0179753743193,469.74388977397086,421.74169406448163,368.73205553849687,411.91434069134243,367.1116542034605,117.46508690636705,117.56815984134742,122.1887243631036,36.74500410266903,36.84404494748256,36.69363043485253,184.416581180471,172.8398491858822,179.87906643481932,189.594800704676,178.60710487519177,184.47711483442436,120.79134954917524,111.01303000790556,116.34334414003655,123.19413698302338,114.1362300578379,119.2254666248271,24.980674802092242,25.086664350464844,30.554177915575785,11.088592378163344,11.186531167202308,11.095987857586287,29.521198776651925,29.27107900548232,29.365202108081892,118.37154942772605,117.91413698292482,118.56519334155222,47.793623296418765,45.663495226589305,48.702937674043525,64.21448069147101,68.50106486791994,55.88108440487684,52.76056981455212,56.931691137153976,44.52926085189706,75.8422142951948,71.54338468122961,70.84499354918253,7.816713145367527e-08,7.932245502254465e-08,7.762162395237008e-08
N0487,0.5,morning,False,False,True,1181.9821175708084,1206.2802714583534,1191.2457070037954,1036.0570744352794,1068.9599425968102,1050.1866422061735,1039.8624008843829,1068.1813977064025,1051.6837324902845,586.658002985574,616.2489665703744,599.6676375123138,536.4518652547441,554.8159807614962,534.9583718384982,126.43989490305127,126.78930527075534,128.95065741299973,18.698054611111125,18.822574767293634,18.715057146688526,196.67793447958843,191.0400977910123,193.23015239809862,196.15276589447546,190.71050301911788,192.86053658392578,126.84714518616282,122.54509128622993,124.38521743515295,128.6147040915675,124.58032972312711,126.63523801843641,12.849309591548128,12.855619853843798,15.588853188378613,5.693651359438203,5.733927706241459,5.669994682304721,15.081587502966467,15.111260937521974,15.0520510659121,129.00852671944372,129.0460389692872,128.66910496583588,56.729491477844995,55.854310312927716,57.442894235287255,32.784380649141205,35.038998381523704,28.663971855641552,27.203860351086917,29.29041216386019,22.686271798052623,37.05628640118314,37.68794508607076,37.640838424574724,8.249455597541017e-08,8.310075123600616e-08,8.254632942296081e-08
N0488,0.5,morning,False,False,True,1187.1184912495764,1197.8138642257907,1187.489399445181,1036.7233946046595,1074.3360878935666,1055.8036538278755,1045.4714487619149,1070.2808066124605,1055.3540171994246,589.7629211488921,616.9111206726622,600.7151267028972,539.9170406894989,558.8123447460202,535.1373469493517,125.7273413985937,126.631771416061,129.31396606644813,18.71638343470203,18.76373376890303,18.638646768007998,195.4186449372268,190.67749507335574,194.8072433745001,195.67746132518465,190.16206209660902,193.23480592761044,127.6382601796783,122.7896397778299,125.66126030156278,129.33671187320078,123.52824721501788,126.70723481441327,12.766985707486937,12.86975170831301,15.60744234351773,5.686910173999601,5.732625360698957,5.65709067429497,15.097382697823202,14.989651581677162,14.929402272443074,127.98735012507225,128.03586389330545,128.52020464042272,57.299113869074695,55.83521849671485,57.34788819567804,32.83707940574406,35.0127380992261,28.47915105721588,27.008518568820154,29.29262586177955,22.717254754780537,37.14420963910191,37.41389951518106,37.67781363485615,8.20270565411338e-08,8.321226956742087e-08,8.189437199909473e-08
N0489,0.75,afternoon,False,True,True,1075.0805024364265,1112.472269963086,1094.1028018238549,927.5839891825653,972.5925905190678,954.1582557301821,926.7302779176758,972.2997069269458,955.7354937326106,496.396509150575,538.9634048374636,507.83929409681417,450.15209888247585,479.23661873966574,448.1987351469301,121.63597107055743,122.41168479194562,125.01207131637679,27.754905086483618,27.88069965116834,27.69979557823151,189.01150061646123,180.83415286965882,185.59040254171276,191.5217598720974,184.28262428026986,188.38977396286435,123.33013470744028,116.09680677144573,120.0125731351915,125.73652201304154,118.50012812661976,122.06846996056254,18.9232790695899,19.14096660508458,23.111277835062197,8.420150964276097,8.49729010445815,8.40395146876336,22.376667285906276,22.400670129846755,22.244091559332418,123.07602852754245,122.53259700015197,122.97280882628367,52.24042261135397,50.11778640663195,52.20231016840568,48.53467146399135,51.82790843874954,42.2569223435696,39.956323760731024,43.208069195903285,33.73712213666998,45.170388836080775,46.11859831234,46.109567055853695,8.044770202371398e-08,8.123887879576564e-08,7.96743778404068e-08
N0490,0.2,overnight,False,False,True,1294.8568100369673,1300.4960411628138,1300.7862476089713,1159.2396943724036,1168.3165755841983,1156.667830942509,1155.8087074709013,1165.1382461700916,1157.3125154355032,676.2397792403292,690.2591756948441,683.5548842436875,616.7549340727574,625.9095060129928,615.4120342336498,131.83378140009125,131.75771239486926,132.63671600026456,7.820481172748719,7.543735260472943,7.670133443029401,199.582689007416,196.57650035356625,198.09552291179858,198.82707688219986,196.68234200085607,197.40475206691073,131.07441476143234,129.67612912999545,130.31910804798514,131.90272343240372,129.43591113961884,130.4457576042065,5.088921022869202,5.144393624820947,6.210008788131608,2.253385135178056,2.325638106644872,2.2535266614295324,6.247606410452331,6.24836655920239,6.263495002073606,134.47303390065895,135.36397524278254,134.8709716515502,63.497231859613684,62.897231208929504,63.65588764724859,13.03803260816058,13.946104700584176,11.33914729804708,10.812510791477367,11.675686699633145,9.040262823542523,50.4604588675865,50.30350034135973,50.52821239368947,8.566608826512863e-08,8.578507829202667e-08,8.531522478000962e-08
N0491,0.5,morning,False,False,True,1179.6693300861414,1207.8885170449128,1190.2344909179342,1043.374482698919,1062.9016099291812,1054.4954163319169,1041.8316150700036,1062.4495709478965,1054.0005584325368,587.2085075557051,615.4225508462238,598.9909664577639,537.6299088787785,557.1786776863134,535.093807289227,126.74716829711504,126.86575914211079,128.50795945141658,18.785354698504403,18.860877417393734,18.651310913715893,195.83981068000935,191.39678929132592,194.08531827081237,195.62647291360986,189.26908282377855,193.52749961100233,127.48213897931142,121.91943039039782,125.56736275816837,128.5184264163922,124.2961547049813,125.98273292352532,12.820130978913921,12.903117951692433,15.643408988344014,5.649286355237895,5.751103651430984,5.666730673230723,15.061271014630327,15.030091083485958,15.020828948700284,129.09844404878086,128.96317737280455,128.25719453381362,57.145902439651984,55.645495404409246,57.31475150871756,32.80616670529258,34.807771752795276,28.479998270203097,27.025760457332805,29.35754700184291,22.877477926410364,36.940276551667274,37.527784811194486,37.56875084659602,8.199098839769116e-08,8.324569706886229e-08,8.125718474045518e-08
N0492,0.2,overnight,False,False,True,1298.4406522087952,1310.493262426257,1297.2388186849632,1148.6885777618459,1164.5343034866125,1157.6670366790365,1153.6401161085075,1166.3466459874774,1153.541644699147,681.8342173681721,692.3200239043451,684.389852417748,619.9341225303806,625.6330637087204,612.7916860817753,132.15762482858423,132.00422009123082,132.42345869234887,7.842128509356875,7.819596334036346,7.852002101027317,199.41620787177408,197.55606618005584,197.59881912434972,197.822436265894,197.28464814988487,197.4938391485528,130.8498749012986,129.134192879387,130.32016073534024,132.01177239095705,129.86069877173253,130.06793729484895,5.089643739794281,5.169745318374619,6.250133346785765,2.258129680530104,2.3251056946572555,2.252232644506958,6.278666202340384,6.288956401048142,6.282091228947479,135.79391227403752,135.72399147470637,135.3562188690635,63.17639654611414,62.539434020344615,63.56767453595,13.083016717170867,13.986416836278412,11.402610329443819,10.80826101906304,11.732476331049321,9.097668970804348,50.86959965871593,50.33428687540419,50.34973343735869,8.581424408848055e-08,8.580624644778201e-08,8.488673472384562e-08
N0493,0.2,overnight,False,False,True,1298.0630855224008,1303.9909630971695,1298.948589041555,1161.4880189521582,1162.0138339653445,1157.3531788534026,1147.8013474636202,1166.8517279175899,1156.3123194616082,679.6904492591281,691.1907811147462,681.4166981790997,616.6192811957586,625.0032727668721,615.4433399159171,131.32769468279506,131.6381437378201,133.2551476018159,7.797268560263394,7.814034370517434,7.867473636009742,197.7693520604191,196.50140877835426,197.41233135117417,199.29480573537307,197.03818808660085,199.079603678673,131.03036673280508,129.38986067141977,130.31375782253068,132.71452861278118,129.7498903062279,130.75533966939057,5.115797198486267,5.170346723604907,6.251865804981789,2.2614394163102314,2.3169042193176237,2.253835281521244,6.285564783286118,6.261194879087979,6.284383281369974,134.325766083679,136.02005919608413,135.36908766070903,63.80386751067308,62.849852568156585,63.41476618259458,12.959824590833204,13.952015359006387,11.431366344668753,10.784031709041457,11.749429203130257,9.081244903188205,50.671434382646616,50.39182867378435,50.617961392918076,8.57837495200447e-08,8.560712159532428e-08,8.45710571447186e-08
N0494,0.5,morning,False,False,True,1180.5705652001593,1214.7359378410501,1200.083337249158,1038.2084247308092,1069.0552496711239,1054.2286244102258,1036.5685727440882,1068.8851280196948,1050.8336551859225,587.5619424261404,615.4993403643515,597.520146588898,536.1186433139563,556.6786101420132,534.1284128344432,126.21792447715923,126.3623357360779,128.93623053323932,18.778402635029465,18.757139187767898,18.72485040474434,195.31473512021458,189.9326777085028,192.71649018828253,195.9493143461677,189.2426207982315,193.363078141657,127.41663982640438,122.80567444099184,125.57027315895832,129.10251113195162,123.83436170989464,126.89190177663158,12.786256519118613,12.876389941794056,15.677534867767122,5.691388754251453,5.716256365617179,5.684742177662368,14.981793885287594,15.125112478525729,14.987440762340915,128.59039543622347,128.87340694546145,128.59435088671108,57.38654455211142,55.80578818187626,57.48926137000655,32.48637138386848,35.06019438961002,28.515012701102396,27.02736153843647,29.271353124966247,22.73503970439523,37.157754446053794,37.50632163185128,37.71739573063324,8.264723865613034e-08,8.271831024625184e-08,8.197295784386604e-08
N0495,0.5,morning,False,False,True,1183.3009051556069,1209.7252234967675,1191.2961635927866,1040.8736442170507,1068.7344671676426,1052.0266839764279,1040.4944764485679,1068.4404140422046,1055.7569145147293,586.656308038501,618.0840971707131,600.8588683404481,534.893067371774,555.380890780205,537.333562338705,126.75440367955552,127.54851320620615,129.04188094084364,18.730848157289063,18.684549764968754,18.669321597410807,196.23845422290754,190.50589574802288,193.68786773131518,196.40785582720213,189.69315935562187,193.19159359713876,127.54003206892483,122.6364368668717,125.27776458766091,129.09524993188592,123.85970258643087,125.94888119385122,12.811757854733635,12.931220146073942,15.635990310242546,5.706102189817729,5.729397365459841,5.677513184389997,15.042560437019533,15.067435005910424,15.003604902356484,128.98771094293375,127.68784453275522,128.036545430562,57.122700437601914,55.81138142383497,57.66400581271856,32.655670651490084,35.04107207131525,28.541015588271705,27.145450261613977,29.25973284199487,22.800258831743424,37.08287261162527,37.29050067382883,37.85560201091731,8.237024840657658e-08,8.28671111756631e-08,8.112280461150749e-08
N0496,0.2,overnight,False,False,True,1296.5954735867158,1305.6015253029875,1298.9432523303183,1148.861060938418,1166.9315867203486,1162.4805601144312,1158.4132533829925,1167.224673953335,1157.7008456403282,679.0115383560724,692.4188343131718,684.9571405440815,614.3364078422079,629.7704512292062,616.5695594339135,131.65147046097934,131.60663020239681,132.84928311635088,7.84125693665384,7.812681937486248,7.8445590793348,200.16431380683082,196.55663926508524,198.02107913153145,198.73148971522428,195.60758671591927,198.17413446979282,131.26505984656782,128.98317143372932,130.46343313163982,132.41260703115728,130.08463151576538,131.5888108135486,5.095884140006177,5.136927095343952,6.250725063264296,2.257337277675821,2.324387823636211,2.260365847676974,6.2512252915107425,6.251668970976891,6.273334959752499,135.9635771979666,135.09264479294035,135.74290355541146,63.320110722389636,62.25003781152291,63.13989079285631,12.953918628161334,14.010340161466841,11.379486995218329,10.846068327076578,11.751511435781591,9.090351951928266,50.632661740500076,50.360354314331545,50.394032530754885,8.510220041777522e-08,8.570740384924486e-08,8.501190623232942e-08
N0497,1.0,peak,True,True,True,971.0008851895892,1024.6787072662523,989.5878913341439,826.4848060057785,884.162228766116,851.5813008569764,828.7631178936683,888.8295316821377,852.2247542063185,409.49102232609266,469.1103409196231,421.65730395659995,369.47000469298024,412.66189639455115,368.3470650005084,117.97370722170294,118.41703060326074,122.99136507770896,36.68088847231534,36.94244531804643,36.67855183086736,185.32525988654115,172.27755355037337,178.56614532043037,189.70581714193494,178.97432602069213,185.22886156525016,120.65657944945711,111.42656365786512,116.77274761176069,123.28658070431953,113.92225449549042,119.04545282914074,24.985342371783002,24.928766088234234,30.53036529881506,11.125016768238602,11.224716528314389,11.079183589056507,29.25363167959659,29.260944300488667,29.37841915783434,118.8355041764715,118.33354960751404,118.43990805455068,47.501931364158445,45.46305227197369,48.40522567391452,64.02778867997479,67.94804699927755,55.35783245015242,52.65292727958275,57.04278731389923,44.395849106337636,76.22456529071219,71.72358135173417,71.09271061701907,7.825700254026814e-08,7.889867403533678e-08,7.703884353221791e-08
N0498,0.2,overnight,False,False,True,1296.9776512832761,1303.6588037014492,1296.048173391194,1155.3083802438243,1166.4499319516374,1160.060810876402,1152.551609368039,1166.6805536702875,1152.396996210358,680.564606949943,689.5798227777556,678.4837551565727,617.1684325947849,628.2418781445076,612.1662499893183,131.81321737360926,132.1800858766538,133.13899428382112,7.846142220123713,7.5205405941826005,7.699597554419274,198.5092294413258,196.9363049092168,197.87669581133207,198.84606563176175,196.69879897690274,197.3998954275399,131.178791904019,128.9448287636741,129.77756543197162,131.34601874073522,130.04799665154815,130.17647844196307,5.096837788494523,5.165330143310152,6.230528935077113,2.262808480581378,2.327912891368024,2.249815912224973,6.295309903968302,6.2532171324065065,6.285294669835885,135.6374770862479,135.085534212384,135.11630511477279,63.149800220413034,62.906766813085945,63.04470732831641,13.110434221856432,14.005316067841923,11.409107403756344,10.781983741751102,11.755595272398422,9.091758498491547,50.46642426034479,50.40433677649077,50.641132194961386,8.556218446944733e-08,8.576006362773937e-08,8.493344406630514e-08
N0499,0.2,overnight,False,False,True,1288.879490428109,1311.4359355739482,1298.644218001038,1157.2522848372962,1170.385230548455,1159.2203845634797,1150.7327167768503,1157.345859444428,1159.9558213796893,678.8666918333846,692.8498923906417,684.2852728295528,618.2562118254513,625.1774163479024,616.8471552952167,132.15069142527398,132.54845434510196,133.70900356956673,7.825148074068199,7.533347539488412,7.747120473350619,198.72556398180657,196.14503976757956,197.4703361421806,198.74191214522818,196.66294378709853,197.14655627123793,130.86124031949032,129.3206510315085,130.59652858394023,132.83708418398277,129.18926873617053,130.3440030716154,5.088828612123244,5.165099176996509,6.237985315483669,2.2666716612363285,2.314516987177853,2.260321940387129,6.2868781892444305,6.2664456652882405,6.256393014358668,135.28242056841077,135.22331621169909,134.91315265629495,63.457342985250044,62.79976397021944,63.627312738826184,13.054468245343925,13.951340749665482,11.392759509120989,10.84900659139528,11.695195898804364,9.089543414932583,50.47680671707212,50.45324039330917,50.56324676489419,8.531493631190945e-08,8.618342634811579e-08,8.483453897504596e-08
N0500,0.2,overnight,False,False,True,1292.4249269051356,1302.145074605965,1310.3809898804327,1156.0342143764078,1170.8760900664581,1162.656809318438,1154.024664143838,1165.7091682302264,1156.5149302902155,679.7218103180227,687.8250175628347,683.8033809563665,615.7846696289489,627.4051019038626,613.6369602702435,131.3348070029655,132.57666618118003,132.55505748719023,7.817901022960266,7.5183115879782125,7.670411405948057,199.18099311269503,196.8423905052603,197.55917471359476,199.5454742536287,197.08052235138243,197.38022916489996,131.0670082689527,129.41631439223576,130.91628854031404,131.99014843152298,130.43816511694737,129.76015377857357,5.095898846569927,5.140144443656038,6.2313982891171795,2.262717040610841,2.3170582450277406,2.253390454955724,6.2776129228399595,6.249760321018612,6.2593192614110045,135.75210781542185,135.30767443733473,134.50432790607482,63.248193140398854,62.449310113023316,63.51980239198367,13.130623266619843,14.01290465315974,11.3490279955203,10.821755526245193,11.77469674951513,9.110149868359228,50.56848595458529,50.415440696907275,50.3857093585727,8.57862300450842e-08,8.597315780305226e-08,8.524280184494458e-08
