hour, t(sec), V1, VAngle1, V2, VAngle2, V3, VAngle3, I1, IAngle1, I2, IAngle2, I3, IAngle3
0, 0.00000, 6888.45, -39.5009, 6910.96, -159.184, 6865.14, 80.6211, 11.5706, 115.494, 11.6901, -4.77009, 14.3331, -124.418
