hour, t(sec), V1, VAngle1, V2, VAngle2, V3, VAngle3, I1, IAngle1, I2, IAngle2, I3, IAngle3
0, 0.00000, 6894.06, -39.4841, 6921.33, -159.166, 6875.77, 80.6639, 29.0862, 115.5, 31.957, -4.50132, 26.4634, -124.403
