hour, t(sec), V1, VAngle1, V2, VAngle2, V3, VAngle3, I1, IAngle1, I2, IAngle2, I3, IAngle3
0, 0.00000, 6886.4, -39.5041, 6908.87, -159.187, 6863.07, 80.6178, 5.15927, -64.4556, 5.21618, 174.946, 5.15813, 55.4616
