hour, t(sec), V1, VAngle1, V2, VAngle2, V3, VAngle3, I1, IAngle1, I2, IAngle2, I3, IAngle3
0, 0.00000, 5.03622, 120.171, 7410.61, -165.369, 7532.32, 87.3039, 7.1205, -69.3408, 16.2099, -173.935, 15.0405, 35.2311
