hour, t(sec), V1, VAngle1, V2, VAngle2, V3, VAngle3, I1, IAngle1, I2, IAngle2, I3, IAngle3
0, 0.00000, 18.4707, 123.081, 7406.7, -165.641, 7534.89, 87.1921, 1.62695E-010, 79.6952, 8.20654E-008, -74.638, 8.28577E-008, 177.383
