hour, t(sec), V1, VAngle1, V2, VAngle2, V3, VAngle3, I1, IAngle1, I2, IAngle2, I3, IAngle3
0, 0.00000, 15.682, 126.091, 7411.5, -165.581, 7536.63, 87.2202, 6.34456, -68.7601, 55.7875, -100.084, 46.6945, 155.713
