hour, t(sec), V1, VAngle1, V2, VAngle2, V3, VAngle3, I1, IAngle1, I2, IAngle2, I3, IAngle3
0, 0.00000, 13.8716, 113.31, 7401.28, -165.59, 7531.32, 87.1808, 2.08243, -67.6464, 26.4258, 170.488, 21.0699, 55.0546
