hour, t(sec), V1, VAngle1, V2, VAngle2, V3, VAngle3, I1, IAngle1, I2, IAngle2, I3, IAngle3
0, 0.00000, 6896.24, -39.5001, 6920.8, -159.185, 6875.51, 80.629, 7.66024E-008, 51.4439, 7.69097E-008, -68.3838, 7.58002E-008, 170.943
