hour, t(sec), V1, VAngle1, V2, VAngle2, V3, VAngle3, I1, IAngle1, I2, IAngle2, I3, IAngle3
0, 0.00000, 6963.84, -38.7218, 6975.33, -158.565, 6960.98, 81.3609, 20.1965, 115.785, 20.2687, -4.22015, 20.2909, -124.247
