sample_id,load_level,time_of_day,cap_CP_NR_613,cap_CP_85W_900,converged,RFI1_A,RFI1_B,RFI1_C,RFI2_A,RFI2_B,RFI2_C,RFI3_A,RFI3_B,RFI3_C,RFI4_A,RFI4_B,RFI4_C,RFI5_A,RFI5_B,RFI5_C,RFI6_A,RFI6_B,RFI6_C,RFI7_A,RFI7_B,RFI7_C,RFI8_A,RFI8_B,RFI8_C,RFI9_A,RFI9_B,RFI9_C,RFI10_A,RFI10_B,RFI10_C,RFI11_A,RFI11_B,RFI11_C,RFI12_A,RFI12_B,RFI12_C,RFI13_A,RFI13_B,RFI13_C,RFI14_A,RFI14_B,RFI14_C,RFI15_A,RFI15_B,RFI15_C,RFI16_A,RFI16_B,RFI16_C,RFI17_A,RFI17_B,RFI17_C,RFI18_A,RFI18_B,RFI18_C,RFI19_A,RFI19_B,RFI19_C,RFI20_A,RFI20_B,RFI20_C
N0001,1.0,peak,True,True,True,969.7630142693488,1021.619857469712,995.8823022223039,828.5113933944999,878.8647360399141,854.4596840352157,828.5113934609533,881.8221435791751,854.4596841000442,409.0896487707952,463.3241955782136,427.9579364168681,369.40538029704254,406.4035812230673,371.27637599718565,117.5779313717338,118.28246263285209,122.7935142794598,36.66375521735398,36.78103638276756,36.60499073394487,184.8502373660201,173.0581417525498,179.75083700583463,189.37499452067183,179.15018270923238,185.3336679174955,120.72695888409895,111.58856254661427,116.52536823674468,123.33916558641367,114.0506129445253,119.06338533018999,24.986925183524978,25.08199642168263,30.550711985544357,11.097339852236994,11.168899803291994,11.09932376331,29.447527919805594,29.495565663317304,29.44933266956476,118.73347836534153,118.0808454805507,118.97051874412506,47.81884100063538,45.76912301829837,48.53443356912408,63.85936116623527,68.18870958794166,55.54592849191118,52.806406629032246,57.109164811027554,44.453082494921134,76.08816320702523,78.79072531721941,77.77533338194323,7.79894406506504e-08,7.885878487621098e-08,7.712734719457312e-08
N0002,0.2,overnight,False,False,True,1294.5542327546414,1305.9949145126122,1299.1319043486972,1153.2057533027064,1164.568970694117,1157.791494125815,1153.2057533390357,1165.2295532749245,1157.7914941615559,678.8400801258766,691.9597647248231,682.2454691377974,616.3421029232616,625.1252582482814,615.3579905105801,131.79744939377252,131.93470588538557,132.78324139261417,7.835441566704694,7.526659890586313,7.680945975918513,198.88523181699784,196.6720929425385,197.88213029873165,198.89266592939552,196.6793617432106,197.88213063970628,131.24374162187647,129.2000984607066,130.21597911945793,131.80927060577014,129.76276130606203,130.7789387180266,5.096039764931847,5.161324813446419,6.238903123485267,2.2594382042369747,2.322315600962793,2.2603703834971975,6.264242752478133,6.2674137046686615,6.264511636740006,135.38879894174343,135.23281630563056,135.37359336965588,63.39201912770289,62.77875770752326,63.42815771575443,13.021932789488483,13.971760959204765,11.371887109794873,10.794446470017862,11.742142142021713,9.092365950509022,50.442980574317296,50.32833865001435,50.54699253252554,8.57294812014256e-08,8.610928613767803e-08,8.502744711075638e-08
N0003,0.2,overnight,False,False,True,1294.5540840209846,1305.9944674149986,1299.132042360155,1153.2055704200657,1164.5684855836312,1157.7916030967333,1153.2055704546954,1165.2290684041661,1157.7916031324378,678.8398336820319,691.959257587987,682.2454304876314,616.3418507608186,625.12475267455,615.3579298188813,131.79740773330974,131.9346211812403,132.78323244552178,7.835441309782561,7.526659644982981,7.680945827878116,198.88513527015624,196.67190951209105,197.88209662052282,198.89256938741013,196.67917832218924,197.88209696142874,131.24367356642583,129.19997074139528,130.21595260118994,131.8092025830987,129.76263369703526,130.7789123113371,5.096039858360486,5.161324791971305,6.238903100803978,2.259438266190483,2.322315590957724,2.260370328981814,6.264243180766349,6.267414335677612,6.264512083946979,135.38882063756128,135.23282780852125,135.3736387016416,63.3919977744365,62.778714397140234,63.42815277419688,13.02193262356499,13.971761133227526,11.371887408380918,10.79444622930016,11.742142305888436,9.09236627074857,50.44295682417485,50.32828788450408,50.54698879353285,8.54642871072835e-08,8.598363587824056e-08,8.508502718560136e-08
N0004,0.75,afternoon,False,True,True,1072.157960268327,1112.140065047881,1090.6293221283752,931.1493097690011,970.2881472433075,949.5415046202811,931.149309827089,972.5591221036351,949.5415046775049,495.9683227390177,539.1454577974022,509.3926055406161,450.27295254844574,479.5008090473156,449.8006343355075,121.53848431830775,122.05898990661241,125.37880962112777,27.73592667486151,27.811739758761842,27.694114383081157,189.03213969580673,180.08577561471634,184.99563642094563,191.69189463204177,183.87346082411648,188.43752920701422,123.53343321456357,116.45857793307005,120.17064180631613,125.52713235459194,118.37303358047242,122.12403904684831,18.93222275717101,19.0164210989586,23.14958300569548,8.40719392788211,8.475420868428124,8.40810434066786,22.266936729979285,22.298452930602043,22.267876429094716,123.36351190265472,122.8358979121399,123.46421158722428,52.06011070288017,50.23647541420586,52.468148513392926,48.38877496101186,51.68482908533088,42.10459575669153,40.021047949021,43.30001142329994,33.69345755718196,45.13482414020005,46.24625562510974,45.92096799349552,8.050839702483409e-08,8.117423832367371e-08,7.972069898842262e-08
N0005,0.5,morning,False,False,True,1181.306414447822,1208.1442251061053,1193.1584635173485,1040.6730556861908,1067.0519591366387,1052.4965845784664,1040.6730557397939,1068.5810174494266,1052.4965846318087,588.9725750278647,618.126536054176,597.595973446755,535.9654975494972,555.4692352235862,535.026838429642,126.47185300528687,126.81970048936225,129.01599353915017,18.746144413515147,18.783575605067462,18.72303686762938,195.688853072296,190.35323946322657,193.39743631700128,195.69489574537775,190.35886805974155,193.39743679260724,127.49233783845867,122.61189000992111,125.12204395356333,128.8534349399002,123.9402388379785,126.46608325007335,12.793093483135687,12.86553897919052,15.644574883907751,5.679780997710837,5.744315320780742,5.679886312186692,15.03056615633048,15.046263756942924,15.030657922375477,128.9314393440606,128.55822460176475,128.96135774863845,57.130371475508426,55.75816965949826,57.33305533002349,32.72681208635625,34.9700031108999,28.49509985630696,27.07561228870538,29.310602893129534,22.797307979688192,37.11281202120601,37.41414516779191,37.7025805060352,8.234826129245729e-08,8.298937862367819e-08,8.181077940865185e-08
N0006,0.5,morning,False,False,True,1181.30568943023,1208.1468604754525,1193.1574276784909,1040.672275756719,1067.0546215415773,1052.49545730716,1040.6722758097314,1068.58367998772,1052.4954573595744,588.9717380100913,618.1286027456557,597.5950574364394,535.9646636612292,555.4711893473645,535.0259726399822,126.47170723069526,126.82004137807823,129.01584707261517,18.746146030756478,18.78357319144574,18.723039230744888,195.68854477509868,190.35391642741916,193.39712806942552,195.69458746134774,190.35954502414805,193.39712854503097,127.49212215167812,122.6123451320623,125.1218377314542,128.8532185068055,123.94069661438627,126.46587548094236,12.793096049167485,12.865535394878624,15.644572021375597,5.6797825356323735,5.744312860699057,5.679886417025973,15.030569784487204,15.046263062944423,15.030659955402662,128.93146357316908,128.5583890857228,128.96130144069213,57.13029397437522,55.758344431513294,57.33297876606028,32.72680935665986,34.9700196256071,28.49509074070773,27.075608333455673,29.310620966487328,22.797298511386018,37.11273129707797,37.41427871683989,37.70251084425734,8.23031484287117e-08,8.3035919116891e-08,8.175284106890238e-08
N0007,0.2,overnight,False,False,True,1294.6702211725808,1305.7883494543994,1299.0339142847001,1153.323997208535,1164.3633489279016,1157.6971082528914,1153.323997245197,1165.023841667407,1157.6971082884206,678.9518799899125,691.7523648376279,682.1460273061784,616.4514849048209,624.9178875403617,615.2585554332085,131.80529450077873,131.93920176084615,132.79434870476243,7.828651530593427,7.836037935202573,7.824184070371447,198.89857060797146,196.67862064816805,197.89963259495102,198.9060041450261,196.6858891097812,197.89963293589634,131.25266937129467,129.20447534941977,130.2277120912546,131.81816503754916,129.76711694364678,130.79062203746318,5.09581035155877,5.161118882189508,6.238358458165292,2.2593392125526184,2.3222216455431375,2.2601693434056154,6.264234438932332,6.2673704137484005,6.264363607950926,135.39400021689414,135.23484409375695,135.3803082838439,63.39603903597204,62.78110995471971,63.43396418102102,13.021272888294916,13.971225885973393,11.37090504996726,10.793885670992836,11.741698844146086,9.091587420695358,50.56549789628755,50.33017556495047,50.364678800764594,8.556641974861942e-08,8.582709855997689e-08,8.513685774300765e-08
N0008,0.5,morning,False,False,True,1181.3046703165928,1208.147153355184,1193.1579536550962,1040.6712514344465,1067.0549587248433,1052.4960197571813,1040.6712514886294,1068.5840169846954,1052.4960198105505,588.9709737975259,618.1288952268326,597.5956104290077,535.9639421922685,555.4714682060676,535.0265175969963,126.47157905033282,126.82008447575035,129.01594321024797,18.74614699571218,18.78357307668542,18.723038445062862,195.68828472472256,190.35401510941628,193.39733272190068,195.69432741063335,190.35964370847813,193.3973331975354,127.49194684793056,122.61241076496466,125.1219792706923,128.8530421715897,123.9407627783428,126.46601762887413,12.793097694068377,12.86553647456392,15.644571659803102,5.67978365253808,5.74431322603731,5.67988566272826,15.03056980299133,15.046262365345685,15.030658063336197,128.93139157958996,128.55840022157585,128.96129945745705,57.13022691543179,55.75836650362782,57.3330289406759,32.7268032529827,34.97002455567817,28.495092853511448,27.07560152937181,29.310625753022062,22.797301231849108,37.11268605628526,37.41429406686278,37.702557020308674,8.230180922041767e-08,8.307463233576432e-08,8.181639084661408e-08
N0009,0.75,afternoon,False,True,True,1072.1579617577365,1112.1400584418004,1090.6293225201553,931.1493113824426,970.2881407946873,949.5415054217782,931.1493114414292,972.5591156528608,949.5415054796881,495.96832446845406,539.1454528970866,509.3926067085688,450.2729542852282,479.5008044142471,449.80063551675374,121.53848453554411,122.05898911525382,125.37880975785704,27.735926685425333,27.811739734551082,27.694114354635,189.0321401121946,180.08577420473122,184.99563685083416,191.69189508262,183.8734593488358,188.43752965286706,123.53343353141231,116.45857694956375,120.17064211388097,125.52713267378657,118.37303258666785,122.124039357374,18.93222275272247,19.01642110209532,23.149582994333123,8.407193924970574,8.475420872710673,8.408104331881665,22.266936718136463,22.29845292358979,22.267876409173255,123.36351184891454,122.83589747764317,123.46421149052401,52.060110823358656,50.2364750271793,52.46814859893379,48.38877497330647,51.684829007497314,42.10459575900978,40.02104796340571,43.30001134528998,33.693457566894295,45.13482400185612,46.24625524106486,45.92096853069221,8.035078996726818e-08,8.130994620972256e-08,7.98369792569793e-08
N0010,0.5,morning,False,False,True,1181.3064144479067,1208.1442251071674,1193.158463517247,1040.673055688274,1067.0519591367938,1052.4965845796448,1040.6730557423018,1068.5810174492108,1052.4965846327705,588.9725750289979,618.1265360540878,597.5959734470995,535.9654975505473,555.4692352233675,535.0268384299948,126.47185300532978,126.8197004896915,129.01599353909322,18.746144413618744,18.78357560528032,18.7230368674853,195.68885307263054,190.35323946317385,193.39743631713196,195.69489574574547,190.35886805965148,193.39743679272095,127.49233783873935,122.61189001000227,125.12204395363128,128.85343494012244,123.9402388379458,126.46608325014493,12.793093483116616,12.865538979197,15.644574883915288,5.67978099770908,5.744315320763397,5.679886312191276,15.030566156329503,15.046263756938908,15.030657922383776,128.93143934491331,128.55822460213167,128.9613577485256,57.13037147559746,55.758169659445464,57.333055330054094,32.726812086386694,34.970003110919215,28.495099856308574,27.075612288747152,29.310602893123498,22.797307979703174,37.112812021318064,37.41414516774387,37.70258050601469,8.233946341272197e-08,8.303540620624497e-08,8.163138327229876e-08
N0011,1.0,peak,True,True,True,969.7630228278142,1021.6198659679005,995.8822901762329,828.5114020681527,878.8647436701742,854.4596721084275,828.5114021351943,881.8221512418111,854.4596721732122,409.08965698749824,463.3242000415182,427.9579267031585,369.4053884326463,406.4035851886531,371.27636675297157,117.57793172724895,118.28246388887956,122.79351300168376,36.66375518423273,36.78103645463816,36.6049907547139,184.8502380762371,173.05814366347425,179.75083479923768,189.37499523318021,179.1501846680377,185.33366569492895,120.7269593686725,111.58856380855755,116.52536676643018,123.33916607893086,114.05061422773029,119.06338383551801,24.986925128188304,25.08199649617494,30.550711950730495,11.09733982207456,11.168899834648965,11.099323769473004,29.447527901098102,29.49556570610753,29.449332699029227,118.73347850913015,118.08084626068106,118.97051838355783,47.81884118697326,45.76912357285994,48.534432951013656,63.85936118644261,68.18870983840245,55.54592833483562,52.806406671549404,57.10916503461596,44.45308233129237,76.08816281993282,78.79071994197056,77.7753390674691,7.77937633717337e-08,7.892489302736801e-08,7.730154883103587e-08
N0012,1.0,peak,True,True,True,969.761653571823,1021.6194218454362,995.881523328494,828.5101887758093,878.8644344995386,854.4590393774911,828.5101888421898,881.8218399881998,854.4590394416994,409.08900183928966,463.32416321107496,427.95767891814194,369.40478886203914,406.4035801935812,371.2761705412027,117.57778964591148,118.2824459383519,122.79345389552213,36.663745152988454,36.781023004613516,36.60497910576424,184.8500252968174,173.05814694117592,179.75076746423227,189.3747735570833,179.1501881836005,185.3335924294165,120.72681445428914,111.58857052631613,116.52532213804454,123.33901916916385,114.05062085566904,119.0633384647623,24.986922099623104,25.081992880907073,30.550709087882485,11.097338766896419,11.168897917419793,11.099322762374458,29.44751712750139,29.49555423058901,29.449321424905182,118.73332058641422,118.08076395735013,118.9704062659618,47.81877575283566,45.769123378546816,48.53440990192069,63.859341998323295,68.18870499449618,55.54591915255311,52.80638932222758,57.10916266890101,44.45307521261228,76.08816582942679,78.79072107083176,77.77534889203423,7.793078314641643e-08,7.900122233200988e-08,7.706834986827417e-08
N0013,0.75,afternoon,False,True,True,1072.1575896993072,1112.1346654104532,1090.6270828499537,931.1493802114308,970.2829537341064,949.5398510023012,931.1493802699669,972.5539247290291,949.5398510585716,495.9693193714549,539.1418169665487,509.39207659610935,450.27403507188467,479.4974316998403,449.8002353797714,121.5386210430733,122.05833904982768,125.3786018505993,27.735905227639403,27.811721148100602,27.694082037766346,189.03257691064192,180.08459064705133,184.99549302006935,191.6923632010608,183.87223038404733,188.43738024723112,123.53377432430658,116.45776257637027,120.1705540871207,125.52747563778317,118.37220930458344,122.12394995819083,18.9322021540774,19.016425510934887,23.14957210726595,8.407182723506857,8.4754253670688,8.408099303358778,22.266907783152995,22.298438066065195,22.26785189447867,123.3632257655798,122.8354590430802,123.46389439712718,52.06020016447861,50.236161183201666,52.46806966914298,48.388771318351694,51.68476261422691,42.104575025348346,40.02105368952036,43.29994471670439,33.693443038574486,45.13485749234377,46.24631046732412,45.9209091534712,8.036301344229797e-08,8.12247111737503e-08,7.959352246950981e-08
N0014,1.0,peak,True,True,True,969.763007445573,1021.6198561243898,995.8823077568286,828.5113866755797,878.8647351308917,854.459689374188,828.5113867415704,881.8221426546395,854.4596894393761,409.0896430772907,463.3241958623646,427.9579403962469,369.4053746756738,406.4035816796458,371.2763797101073,117.57793086040537,118.28246228557441,122.79351494799434,36.66375522459522,36.78103634039682,36.604990736304316,184.8502364500543,173.05814130654684,179.7508381010288,189.37499359552905,179.15018224598373,185.33366901954355,120.72695826372076,111.5885622579889,116.52536896096751,123.33916495640226,114.05061265096484,119.06338606631664,24.986925200577062,25.081996375991466,30.550712018434087,11.097339863725518,11.168899781757458,11.099323768393084,29.447527926543817,29.49556563517303,29.44933266241372,118.73347813086178,118.08084518558233,118.97051897285597,47.81884074815644,45.76912287558586,48.534433885599384,63.859361101299385,68.18870950325297,55.54592858228858,52.80640655590022,57.10916474396307,44.4530825826264,76.08816451050772,78.79072732649954,77.77533011156103,7.79119451596362e-08,7.899075149450163e-08,7.701093519311131e-08
N0015,0.75,afternoon,False,True,True,1072.1575896992347,1112.1346654124116,1090.6270828496943,931.1493802102426,970.2829537330488,949.5398509997532,931.1493802697927,972.5539247279085,949.5398510576111,495.9693193715736,539.1418169661454,509.3920765959527,450.27403507197545,479.4974316994378,449.80023537956845,121.5386210431293,122.05833904953899,125.37860185014634,27.73590522774354,27.81172114817744,27.69408203740593,189.03257691066977,180.08459064690442,184.99549302000398,191.69236320113458,183.87223038396678,188.43738024718823,123.53377432434833,116.45776257627435,120.1705540871207,125.52747563778215,118.37220930448369,122.1239499581468,18.932202154072716,19.0164255109191,23.14957210727914,8.407182723472728,8.475425367041241,8.408099303375044,22.266907783167163,22.29843806606525,22.26785189448354,123.36322576542172,122.83545904249549,123.4638943966731,52.06020016452089,50.236161183191804,52.46806966912448,48.38877131833325,51.68476261417345,42.10457502534528,40.02105368950751,43.29994471668022,33.693443038538895,45.13485749244231,46.24631046738416,45.92090915351526,8.02743909773376e-08,8.109634205533997e-08,7.983146210996138e-08
N0016,0.2,overnight,False,False,True,1294.5550928509108,1305.9941903615231,1299.1315613101403,1153.2066108189647,1164.5682213550965,1157.7911302966206,1153.2066108544923,1165.228803992398,1157.7911303342285,678.8407093387973,691.9591503509739,682.2450837614842,616.3426929025597,625.1246713637842,615.357604788408,131.7975499454761,131.93460672557464,132.78317693073666,7.835440909493956,7.526659720972257,7.68094554921306,198.88542527424949,196.67189100825078,197.88199211020608,198.89285938634958,196.6791598087896,197.88199245111895,131.2438709668508,129.19996174402542,130.21588252453745,131.80939997148434,129.76262451098447,130.7788422963405,5.096039752686197,5.16132503645291,6.238903030171523,2.259438183793261,2.322315754560376,2.260370235529352,6.264242724459789,6.267413920027141,6.264512174051809,135.38886330488086,135.23278079033543,135.37360289761955,63.39206984213035,62.778707606251864,63.42812469908719,13.021933076703881,13.97176000575792,11.371887643485294,10.794446770718908,11.742141031153258,9.092366592079038,50.44304113979238,50.32828124518353,50.546952758515104,8.558000646059439e-08,8.597659721380523e-08,8.510214829552234e-08
N0017,1.0,peak,True,True,True,970.1400015136576,1026.7283350218022,992.1532706906088,828.8952058908935,883.8300711674325,850.4666507908548,828.8952059578456,886.8043793550654,850.4666508548054,409.45666081917443,468.22206742791633,423.55319678461245,369.7721288132765,411.28653811871516,366.7562948387707,117.58261676873327,118.15361636725932,122.57413048078047,36.651112601172045,36.79745202588384,36.60985961713527,184.84149313160864,172.8458722925328,179.40717865492095,189.36885944635512,178.94184388799624,184.97323035099157,120.72710353056799,111.45678945853811,116.2893905491671,123.33902632517457,113.9163810030904,118.82487531841588,24.97822801344995,25.098454554712674,30.556573994792778,11.092953164413279,11.176910560936895,11.100972772742635,29.440487400704374,29.502862481365916,29.454033044264794,118.73510106841817,118.0257997723288,118.82593528423985,47.83360634547781,45.72364589450809,48.42865358565701,63.85178627190156,68.21129508351721,55.55850589720274,52.80307020822239,57.12484069547874,44.46384890192423,75.81542664379312,71.6178359688143,70.72492455412637,7.782405521204227e-08,7.902435752962934e-08,7.718601410496905e-08
N0018,0.75,afternoon,False,True,True,1072.1575923377884,1112.1346663060806,1090.627078797992,931.149382948243,970.2829545319751,949.5398470643554,931.1493830067636,972.5539255302422,949.5398471218998,495.96932202111066,539.141817530352,509.39207337240714,450.27403766831856,479.4974322271272,449.8002322776969,121.53862129107783,122.05833904198009,125.37860154265464,27.735905264654328,27.811721144106556,27.694081999332813,189.03257740455697,180.0845905966009,184.9954925011197,191.69236371911936,183.87223033906432,188.4373796997363,123.5337746724998,116.45776254746819,120.17055372430384,125.5274759892711,118.37220927521862,122.12394959169917,18.932202154597423,19.016425522067216,23.149572089806348,8.407182722752564,8.475425372719611,8.408099297601586,22.266907781250485,22.298438073535273,22.267851883152062,123.36322581759235,122.8354590928132,123.46389420556335,52.0602002846215,50.236161188708536,52.4680695164744,48.38877134718978,51.684762621428206,42.104574988223135,40.02105371639016,43.299944719613634,33.6934430087271,45.134858857939705,46.246309050211146,45.92090926108573,8.048778660689461e-08,8.113898566763131e-08,7.976796625483972e-08
N0019,0.2,overnight,False,False,True,1294.555092850035,1305.994190361983,1299.1315613134439,1153.2066108196009,1164.568221354858,1157.791130299949,1153.206610855953,1165.2288039915968,1157.791130336136,678.840709339415,691.9591503503558,682.2450837625388,616.3426929031103,625.124671363189,615.3576047894152,131.79754994604534,131.93460672565848,132.78317693079424,7.8354409095664135,7.526659720889749,7.680945549126172,198.8854252744053,196.67189100810668,197.88199211050355,198.89285938652034,196.67915980866633,197.8819924514371,131.24387096695799,129.1999617438781,130.21588252469127,131.8093999716118,129.7626245108767,130.77884229651943,5.096039752694279,5.161325036488075,6.238903030165659,2.259438183788551,2.322315754557571,2.260370235520924,6.264242724458466,6.26741392002618,6.2645121740526015,135.38886330532074,135.23278079007065,135.37360289769825,63.392069842166286,62.77870760621779,63.42812469919893,13.021933076690862,13.971760005750967,11.37188764353122,10.794446770720183,11.742141031114638,9.092366592087114,50.4430411399686,50.32828124509915,50.54695275852922,8.570476701014605e-08,8.599353588945223e-08,8.50445798126549e-08
N0020,0.5,morning,False,False,True,1181.304855891255,1208.1474112460473,1193.1575139459326,1040.671446432489,1067.0552237254687,1052.4955653708537,1040.671446487092,1068.584281884811,1052.4955654222417,588.971110079299,618.1291339077678,597.5952463394264,535.9640684339306,555.4717006487457,535.0261721604727,126.4716002375419,126.82012543388618,129.01588197839877,18.746151232341077,18.783575884907624,18.723031703337497,195.68832865225153,190.35409873588395,193.39720814066555,195.6943713395759,190.35972733278567,193.39720861632543,127.49197573043769,122.61246823816796,125.12189508334824,128.8530713040518,123.94082049635378,126.46593294628609,12.793097934335815,12.865535625385313,15.644571755219845,5.679783693363983,5.744312735156605,5.679886139290222,15.030569875889395,15.046261722946038,15.03065855364922,128.93140811944085,128.55840616073243,128.96127534351407,57.13023809564182,55.75838784126995,57.33299694104327,32.7268052691131,34.9700254822861,28.4950907774654,27.075603531705816,29.310627056049576,22.797298773077944,37.112699516943856,37.41430495864843,37.70253364741828,8.244254522540109e-08,8.306875761120655e-08,8.170052250874368e-08
N0021,0.2,overnight,False,False,True,1294.6702214892343,1305.7883491420075,1299.0339142820926,1153.3239975266574,1164.3633486112003,1157.6971082509574,1153.3239975636232,1165.0238413501663,1157.6971082876003,678.9518802485009,691.7523645944992,682.1460272893265,616.4514851521454,624.9178873113108,615.2585554137491,131.8052945422063,131.93920172234016,132.7943487015296,7.828651530385734,7.836037934980303,7.824184070359784,198.89857069113947,196.6786205719676,197.8996325876131,198.90600422820975,196.68588903361564,197.89963292854117,131.25266942774854,129.2044752983665,130.22771208573923,131.81816509398257,129.76711689251002,130.79062203196688,5.095810351611078,5.161118882280143,6.2383584581521605,2.259339212556161,2.322221645617082,2.260169343313661,6.264234438835478,6.26737041377906,6.264363608031997,135.39400023290727,135.23484407372825,135.38030828902987,63.396039057051865,62.78110993518594,63.43396417928952,13.021272888287584,13.97122588564014,11.370905050222632,10.793885670949432,11.741698843699597,9.091587420990388,50.56549792270577,50.33017554134601,50.364678798516714,8.558703660725122e-08,8.608533692594236e-08,8.50445798126549e-08
N0022,1.0,peak,True,True,True,970.1400017662124,1026.7283354070873,992.1532707722508,828.8952061442452,883.8300715414971,850.4666508676851,828.8952062111763,886.8043797308533,850.4666509319989,409.4566610548819,468.2220677544544,423.55319684282944,369.7721290485707,411.28653843700687,366.7562948931227,117.58261678520752,118.15361639723798,122.57413048715294,36.65111260233309,36.797452028435906,36.609859620446514,184.84149316237603,172.84587234037298,179.40717866655254,189.36885947729468,178.94184393664682,184.97323036308012,120.72710355090207,111.4567894894304,116.28939055649529,123.33902634591333,113.91638103460824,118.8248753259187,24.97822801433381,25.098454557500187,30.556573997499083,11.092953164756382,11.176910562188496,11.100972773929222,29.440487400690472,29.502862482082072,29.454033045328593,118.73510107058553,118.02579978245748,118.82593528541874,47.83360635280104,45.72364590687745,48.428653587382385,63.85178627539641,68.21129509117993,55.55850590063252,52.80307021139717,57.124840702099746,44.46384890423245,75.81542658999523,71.61783577672453,70.72492444959495,7.785544056945334e-08,7.888187896532654e-08,7.736017122747617e-08
N0023,0.75,afternoon,False,True,True,1072.1575923372766,1112.1346663015609,1090.627078797182,931.149382947859,970.2829545309806,949.5398470629675,931.1493830058744,972.5539255300881,949.5398471205275,495.96932202060503,539.1418175302729,509.3920733719908,450.274037667922,479.49743222712385,449.8002322773497,121.53862129086981,122.05833904178259,125.3786015424385,27.735905264510905,27.811721143951903,27.694081999013513,189.03257740441688,180.08459059655922,184.99549250095663,191.6923637189963,183.87223033900258,188.43737969958806,123.53377467239036,116.45776254745466,120.17055372413598,125.52747598917043,118.37220927521486,122.12394959159707,18.93220215457457,19.016425522065706,23.149572089812487,8.407182722755982,8.475425372700318,8.408099297595406,22.26690778124945,22.298438073527528,22.26785188313741,123.36322581712251,122.83545909302686,123.46389420491265,52.06020028457054,50.23616118869244,52.4680695164285,48.38877134718497,51.68476262141082,42.10457498819982,40.021053716368854,43.29994471962293,33.69344300866512,45.13485885810187,46.24630905004706,45.92090926104288,8.039572485375895e-08,8.128704014674996e-08,7.970720408794088e-08
N0024,1.0,peak,True,True,True,969.7630074461865,1021.6198561243028,995.8823077569909,828.5113866763552,878.8647351307977,854.4596893750085,828.5113867429096,881.8221426557268,854.4596894391045,409.0896430779122,463.32419586249944,427.9579403963165,369.40537467629633,406.40358167985397,371.27637971019107,117.57793086019886,118.28246228581969,122.79351494811286,36.66375522437351,36.78103634032395,36.60499073655504,184.85023645027633,173.05814130662236,179.75083810103055,189.37499359572558,179.15018224606192,185.3336690195719,120.72695826382164,111.58856225810268,116.52536896096751,123.33916495653297,114.05061265103069,119.06338606632882,24.986925200600673,25.081996376017376,30.550712018424395,11.097339863736554,11.168899781752613,11.099323768363789,29.447527926556376,29.495565635183514,29.449332662412,118.73347813140536,118.08084518575822,118.97051897277596,47.81884074822442,45.769122875611124,48.534433885570074,63.85936110134942,68.188709503238,55.54592858227552,52.806406555946936,57.10916474398851,44.45308258257413,76.08816451050481,78.79072732634584,77.7753301116115,7.789526589296953e-08,7.896564484854552e-08,7.724334250779923e-08
N0025,0.5,morning,False,False,True,1181.3066664196963,1208.1467268741765,1193.156654378078,1040.6732896102762,1067.0544802826341,1052.49466922006,1040.6732896640729,1068.5835385904757,1052.494669272694,588.9725516702438,618.128550133417,597.594395727173,535.9654406083723,555.471153143399,535.0253373016827,126.4718409422233,126.82003642852482,129.0157342244122,18.7461444368364,18.783573385405983,18.72304101810787,195.68882328640132,190.35390936825905,193.39690191404907,195.69486597251844,190.3595379603283,193.39690238966784,127.49231077689602,122.61234322236898,125.12168354143921,128.85340821611905,123.94069441798423,126.4657205039433,12.793095307273187,12.86553466040493,15.644572985033877,5.679781831754318,5.7443125756855515,5.6798875649193725,15.030568877108562,15.046262544020585,15.030661058071114,128.93151717583984,128.55836217836665,128.96126900624668,57.13036390871354,55.758342032959774,57.33291991188733,32.72681645191433,34.97001662721949,28.495088079568347,27.07561595649882,29.31061811975514,22.797295019615305,37.11279489739029,37.414275640362604,37.70245728214812,8.251697115961493e-08,8.295804538306587e-08,8.175845648342461e-08
N0026,0.75,afternoon,False,True,True,1072.1579617547952,1112.1400584418636,1090.6293225216366,931.1493113808068,970.2881407935209,949.5415054232368,931.1493114402218,972.5591156523927,949.5415054798362,495.9683244675139,539.1454528967314,509.392606709039,450.2729542843778,479.5008044138727,449.80063551722617,121.53848453540381,122.05898911518166,125.37880975808352,27.735926685284653,27.811739734438444,27.694114354434234,189.0321401118985,180.08577420461052,184.99563685098101,191.69189508231142,183.87345934872218,188.43752965307846,123.53343353125025,116.4585769494038,120.17064211400893,125.5271326735297,118.37303258659047,122.12403935748948,18.932222752726258,19.016421102097667,23.14958299431993,8.407193924970427,8.475420872706106,8.408104331894839,22.266936718133458,22.298452923576946,22.267876409171635,123.36351184882322,122.83589747855822,123.46421149040384,52.06011082329581,50.236475027118395,52.46814859896398,48.38877497329606,51.68482900744362,42.10459575894872,40.021047963360544,43.300011345282655,33.69345756690138,45.134824001891516,46.246255240975366,45.92096853070689,8.045625490782061e-08,8.12977674330439e-08,7.982611435741669e-08
N0027,0.75,afternoon,False,True,True,1072.1577458301417,1112.13728816627,1090.6282327893475,931.1493182725458,970.2854757149724,949.5407152414888,931.1493183309016,972.556448601652,949.5407152986504,495.9688097120521,539.1435813959544,509.3923789385113,450.2734844176792,479.4990676075805,449.80047181520086,121.53855092951387,122.05865407278752,125.37871143950316,27.735915910440777,27.811730249033047,27.69409783455355,189.0323555547476,180.0851641802366,184.9955779726778,191.6921262232937,183.8728256898753,188.43746862174234,123.53360218233952,116.45815686092608,120.17060745858053,125.52730238300256,118.37260791698762,122.12400410263682,18.93221233022195,19.016423488693764,23.149577438363703,8.407188269214931,8.47542324257083,8.408101676411778,22.26692201418702,22.298445422332037,22.26786381922462,123.36336427565415,122.83567332373984,123.46405259157267,52.060154596959656,50.23631319678406,52.468112325444736,48.38877280947969,51.68479499276447,42.10458564534389,40.02105054425696,43.29997716226806,33.693450680137374,45.13484229051035,46.24628346518613,45.92093715077617,8.049387798045344e-08,8.129844563519721e-08,7.970463235954476e-08
N0028,1.0,peak,True,True,True,969.7630074446496,1021.6198561260568,995.8823077555618,828.5113866756286,878.8647351324472,854.4596893747262,828.5113867417361,881.8221426555953,854.4596894396285,409.08964307729286,463.3241958624779,427.9579403963272,369.40537467570795,406.403581679783,371.2763797101228,117.57793086034542,118.28246228547059,122.79351494810784,36.66375522457141,36.78103634045729,36.60499073625164,184.85023645000578,173.05814130664288,179.7508381010452,189.37499359544094,179.15018224609898,185.33366901956617,120.72695826371533,111.58856225812004,116.52536896095565,123.33916495634011,114.0506126510397,119.06338606631752,24.986925200577282,25.0819963759849,30.550712018424278,11.097339863740666,11.168899781767143,11.099323768386581,29.44752792653331,29.495565635167697,29.449332662425284,118.73347813150548,118.08084518576462,118.97051897327135,47.81884074814155,45.76912287563207,48.534433885599384,63.859361101245106,68.1887095032271,55.54592858227855,52.80640655590319,57.109164743931494,44.453082582586944,76.08816451040079,78.79072732631532,77.77533011182467,7.790154299507544e-08,7.889022496327724e-08,7.712692986738312e-08
N0029,0.2,overnight,False,False,True,1294.554232758078,1305.9949145151156,1299.131904348161,1153.2057533031464,1164.568970693803,1157.7914941255654,1153.2057533396942,1165.2295532731187,1157.7914941615816,678.8400801262638,691.9597647243538,682.2454691376737,616.3421029235851,625.1252582477939,615.357990510472,131.79744939362882,131.93470588515427,132.7832413924456,7.835441566550906,7.526659890662665,7.680945976329418,198.8852318170875,196.67209294238071,197.88213029868552,198.89266592951256,196.67936174298933,197.88213063964218,131.24374162199283,129.2000984605211,130.2159791194203,131.80927060584665,129.76276130597117,130.77893871799952,5.0960397649365845,5.16132481345811,6.238903123487847,2.2594382042319117,2.3223156009618924,2.2603703835354145,6.264242752489068,6.267413704680067,6.26451163674159,135.38879894146012,135.23281630532867,135.37359336971284,63.392019127728766,62.778757707470284,63.4281577157404,13.02193278948719,13.97176095917304,11.371887109743652,10.79444646998364,11.742142142003887,9.092365950514447,50.44298057434135,50.328338649935795,50.5469925326641,8.559315590065615e-08,8.608815765210832e-08,8.517698285435785e-08
N0030,0.75,afternoon,False,True,True,1072.1579602613865,1112.1400650473859,1090.6293221297926,931.1493097664556,970.2881472443498,949.5415046225736,931.1493098257595,972.559122104357,949.5415046793794,495.96832273854494,539.1454577975933,509.39260554122046,450.2729525480084,479.5008090475758,449.80063433600213,121.53848431810043,122.05898990659587,125.37880962096308,27.735926675036676,27.81173975857577,27.69411438292151,189.03213969565078,180.08577561482372,184.99563642111434,191.69189463192708,183.87346082420405,188.43752920719805,123.53343321444527,116.45857793299123,120.17064180642002,125.52713235449717,118.37303358053381,122.1240390469549,18.932222757165185,19.016421098949383,23.149583005704685,8.407193927900895,8.475420868435958,8.408104340677944,22.266936729974017,22.29845293060987,22.267876429104497,123.36351190223395,122.83589791188653,123.46421158812757,52.06011070286126,50.23647541424575,52.468148513424865,48.388774960998475,51.68482908536004,42.104595756734184,40.02104794903372,43.30001142330825,33.69345755721046,45.13482414029408,46.24625562510672,45.92096799356533,8.04802167184136e-08,8.113428132872298e-08,7.960163124783297e-08
N0031,0.75,afternoon,False,True,True,1072.157745823621,1112.1372881701768,1090.6282327949964,931.149318268116,970.2854757164216,949.5407152453405,931.1493183265505,972.5564486028591,949.5407153030104,495.96880970869057,539.143581396824,509.39237894225033,450.27348441442405,479.4990676083674,449.80047181875113,121.53855092864644,122.0586540730355,125.37871144000755,27.73591591046628,27.811730249410147,27.69409783464788,189.0323555533096,180.0851641810007,184.99557797373814,191.69212622178404,183.87282569063396,188.43746862282165,123.53360218135012,116.45815686137395,120.17060745931623,125.52730238193828,118.37260791750299,122.12400410340318,18.932212330237846,19.016423488660987,23.149577438342224,8.407188269238468,8.475423242579895,8.408101676415683,22.26692201420819,22.29844542231706,22.267863819234336,123.36336427514004,122.83567332315253,123.46405259161068,52.060154596581334,50.23631319691831,52.4681123257285,48.388772809414085,51.68479499283083,42.10458564539941,40.02105054418584,43.2999771622859,33.693450680168766,45.13484228961813,46.24628346488073,45.92093715195776,8.01692797822372e-08,8.115489879624186e-08,7.994775079603659e-08
N0032,1.0,peak,True,True,True,969.7630074465642,1021.6198561227892,995.8823077572634,828.5113866766396,878.8647351310705,854.4596893736696,828.5113867422439,881.8221426547817,854.4596894383079,409.0896430779381,463.3241958626268,427.9579403957655,369.4053746763029,406.40358167998005,371.2763797096599,117.57793086043164,118.28246228612899,122.79351494799936,36.66375522456465,36.78103634053363,36.60499073621164,184.85023645023077,173.05814130670228,179.75083810085374,189.37499359572013,179.15018224609628,185.33366901933945,120.7269582638124,111.58856225816055,116.5253689608675,123.33916495653234,114.0506126510988,119.06338606623783,24.986925200570344,25.081996376005087,30.550712018414586,11.097339863740691,11.168899781758464,11.099323768357266,29.44752792654862,29.495565635188093,29.44933266241074,118.73347813091404,118.08084518520536,118.97051897293078,47.81884074821683,45.76912287565056,48.5344338855245,63.85936110133261,68.18870950325459,55.545928582249424,52.806406555908225,57.109164743987606,44.45308258255787,76.08816451047377,78.79072732629399,77.77533011174897,7.799564738919751e-08,7.885467091374438e-08,7.706872355021282e-08
N0033,0.75,afternoon,False,True,True,1072.15758969614,1112.1346654109934,1090.6270828503814,931.1493802108321,970.2829537331245,949.5398510016649,931.1493802701095,972.5539247282326,949.5398510581538,495.96931937172576,539.1418169662483,509.39207659622144,450.2740350721046,479.49743169956866,449.80023537984613,121.5386210429693,122.058339049558,125.37860185054008,27.735905227626994,27.81172114786288,27.69408203756558,189.03257691072636,180.08459064699136,184.99549302010803,191.69236320116852,183.87223038397235,188.43738024726585,123.53377432440523,116.45776257637196,120.1705540871967,125.52747563781189,118.3722093045244,122.12394995823162,18.932202154096103,19.016425510916463,23.149572107273002,8.407182723485986,8.47542536702949,8.408099303371953,22.26690778317393,22.29843806606648,22.26785189449166,123.36322576543475,122.83545904293581,123.46389439701356,52.0602001645121,50.23616118313993,52.46806966911715,48.38877131832547,51.684762614178354,42.10457502533607,40.02105368953529,43.29994471664956,33.69344303853584,45.13485749231446,46.24631046737407,45.920909153500574,8.044290972653163e-08,8.122670294826086e-08,7.965432881995413e-08
N0034,0.5,morning,False,False,True,1181.3064144437205,1208.1442251136564,1193.158463515779,1040.6730556870648,1067.0519591419127,1052.496584576057,1040.6730557406304,1068.5810174548735,1052.4965846287362,588.9725750277757,618.1265360579617,597.5959734441044,535.9654975493316,555.4692352271896,535.0268384271978,126.47185300537426,126.81970049024734,129.01599353864214,18.74614441346772,18.783575605038756,18.72303686732439,195.688853072204,190.35323946448563,193.39743631614988,195.69489574529635,190.35886806092205,193.397436791809,127.49233783846472,122.61189001079676,125.12204395292372,128.8534349398474,123.94023883882483,126.46608324946388,12.793093483149002,12.865538979183574,15.644574883921093,5.679780997738209,5.74431532077862,5.67988631221044,15.030566156336722,15.046263756932488,15.030657922387062,128.9314393445132,128.55822460231312,128.96135774824924,57.130371475502834,55.75816965982896,57.333055329798256,32.72681208639812,34.97000311100496,28.495099856283247,27.07561228870215,29.31060289317389,22.797307979648203,37.112812021241645,37.41414516806223,37.70258050573493,8.241542621234757e-08,8.312323709623318e-08,8.175284106890238e-08
N0035,0.5,morning,False,False,True,1181.305689430281,1208.1468604748682,1193.157427679113,1040.6722757551406,1067.0546215406139,1052.4954573074433,1040.6722758089215,1068.5836799874608,1052.4954573601403,588.9717380096478,618.1286027457656,597.595057436691,535.9646636608358,555.4711893475069,535.0259726402062,126.47170723056497,126.82004137795705,129.01584707272815,18.746146030883224,18.783573191474787,18.72303923067127,195.6885447749792,190.35391642752333,193.39712806951812,195.69458746122586,190.35954502416334,193.39712854518746,127.49212215155059,122.6123451320431,125.1218377315301,128.85321850674185,123.94069661440587,126.46587548097958,12.793096049133995,12.865535394886146,15.64457202135935,5.679782535665963,5.744312860715122,5.6798864170305565,15.03056978448703,15.046263062949102,15.030659955393135,128.9314635732115,128.55838908532496,128.96130144103154,57.13029397435423,55.75834443155041,57.33297876605619,32.726809356686466,34.970019625628794,28.495090740738913,27.075608333435902,29.31062096647084,22.797298511415597,37.11273129702595,37.41427871692049,37.70251084424388,8.234989514061477e-08,8.285729201128677e-08,8.176411295018394e-08
N0036,0.5,morning,False,False,True,1181.3056865098015,1208.146866387424,1193.157425023037,1040.6722727858871,1067.0546276280998,1052.495454522535,1040.6722728387444,1068.583686074338,1052.4954545747883,588.971735356769,618.1286076996139,597.5950554154069,535.964661075453,555.4711940686827,535.025970771753,126.47170677286798,126.82004218469856,129.01584675588694,18.74614603566846,18.783573182714157,18.723039235758293,195.68854382635064,190.35391806707403,193.39712741987256,195.69458651264858,190.35954666379936,193.39712789549574,127.49212149590883,122.61234623817961,125.12183730313733,128.8532178485511,123.94069772705481,126.46587504909603,12.7930960577417,12.865535387955838,15.64457201626079,5.679782540678052,5.7443128554675384,5.679886417595713,15.030569790015273,15.046263057261983,15.03065995600426,128.9314635002679,128.55838938961102,128.96130122558665,57.13029373402002,55.758344847221515,57.33297860164775,32.72680934611862,34.97001966747822,28.495090720652534,27.075608319513456,29.310621012125416,22.797298490646234,37.11273109474793,37.41427906728164,37.702510696234455,8.237226238991235e-08,8.308005900512331e-08,8.181639084661408e-08
N0037,0.2,overnight,False,False,True,1294.6702211767379,1305.7883494533035,1299.0339142880175,1153.3239972102397,1164.3633489248143,1157.697108254951,1153.3239972455208,1165.0238416648242,1157.6971082905575,678.951879990355,691.7523648349159,682.1460273079257,616.4514849052688,624.9178875379456,615.2585554348665,131.80529450072945,131.9392017605108,132.79434870532774,7.828651530783583,7.836037934852264,7.82418407025343,198.89857060813395,196.67862064737005,197.8996325954878,198.90600414517544,196.68588910903196,197.89963293641904,131.25266937142652,129.204475348941,130.2277120916183,131.81816503768755,129.76711694311925,130.7906220378165,5.095810351560973,5.161118882210022,6.238358458154267,2.259339212578267,2.3222216455593396,2.260169343400442,6.264234438943914,6.267370413755203,6.264363607959061,135.39400021679944,135.2348440941119,135.38030828393354,63.39603903597778,62.781109954482254,63.4339641810989,13.021272888259384,13.971225885989815,11.370905050007723,10.79388567098225,11.741698844133794,9.091587420687219,50.565497896423565,50.33017556481016,50.364678800945356,8.5631189977189e-08,8.607834163357125e-08,8.50445798126549e-08
N0038,0.5,morning,False,False,True,1181.30467031958,1208.1471533538943,1193.1579536570598,1040.6712514352978,1067.0549587247617,1052.496019759207,1040.6712514885078,1068.5840169849182,1052.4960198116682,588.970973797322,618.1288952272647,597.595610429079,535.9639421920912,555.4714682064684,535.0265175970935,126.47157905048161,126.82008447557087,129.015943210191,18.7461469956769,18.78357307737517,18.723038444865143,195.68828472465395,190.35401510955253,193.3973327219641,195.69432741055488,190.3596437085706,193.3973331975354,127.49194684796242,122.61241076507848,125.12197927072427,128.85304217157685,123.94076277842649,126.46601762892395,12.793097694051362,12.865536474563793,15.644571659803102,5.679783652549876,5.744313226043112,5.6798856627253445,15.030569802990442,15.046262365361233,15.030658063336197,128.93139157982674,128.55840022162633,128.9612994580692,57.13022691538743,55.75836650370701,57.33302894072192,32.7268032529776,34.970024555674996,28.49509285350852,27.075601529353623,29.310625753051365,22.79730123185203,37.11268605619621,37.414294066812445,37.7025570203154,8.244646699500212e-08,8.3035919116891e-08,8.187432559748738e-08
N0039,0.2,overnight,False,False,True,1294.6702216020615,1305.7883492261678,1299.033914086486,1153.323997642227,1164.363348696278,1157.6971080521291,1153.3239976787443,1165.0238414346707,1157.6971080878498,678.9518803324463,691.7523646692163,682.1460271310532,616.4514852305928,624.9178873839355,615.2585552633052,131.80529455549453,131.93920173464292,132.794348676211,7.828651530888427,7.836037935230087,7.824184070170405,198.89857071720138,196.67862059688673,197.89963253713557,198.9060042542556,196.68588905842907,197.89963287806273,131.25266944501033,129.2044753154565,130.2277120515653,131.8181651113531,129.76711690959314,130.7906219978512,5.095810351558468,5.161118882293815,6.238358458146068,2.259339212547129,2.322221645608485,2.2601693433181667,6.2642344388434505,6.267370413716071,6.264363608084714,135.39400024162066,135.23484407614234,135.38030827752965,63.396039063749974,62.78110994140418,63.43396416647842,13.021272888468426,13.97122588548865,11.370905050135342,10.793885671182569,11.7416988435922,9.09158742086678,50.565497930537276,50.33017554910364,50.36467878252849,8.562855412354051e-08,8.595539423141864e-08,8.49870122005272e-08
N0040,0.2,overnight,False,False,True,1294.6634809635045,1305.7917171081594,1299.0361630356053,1153.3172549214796,1164.3668509343581,1157.699476023776,1153.317254957781,1165.0273435559138,1157.6994760601906,678.9467991757003,691.7551612584415,682.1484160486095,616.4466922827111,624.920540083307,615.260926629159,131.80447852430459,131.93964380779883,132.79473902731613,7.828654506126679,7.836037183706537,7.824180801833034,198.89698702137704,196.67952067405344,197.90046580569134,198.90442056378694,196.68678914937166,197.90046614659605,131.25160599600028,129.20508070123552,130.2282918072287,131.81710148399853,129.76772295436416,130.79120074970243,5.095810406010622,5.161117099962728,6.238358888778695,2.259339385769443,2.3222204801843525,2.2601701642304266,6.264234543401344,6.267369262802702,6.264360318333975,135.3935370497299,135.23503414711595,135.38028412065736,63.395627426814414,62.78133297674286,63.43416405808784,13.02126993719491,13.971232095294098,11.370901824354908,10.793882563028676,11.741706190686033,9.091583578139389,50.564993724427836,50.330447914265584,50.364932766241374,8.567470739265924e-08,8.617138970026069e-08,8.517698285435785e-08
N0041,1.0,peak,True,True,True,970.1400017658996,1026.728335404626,992.153270770467,828.8952061444576,883.8300715415407,850.4666508670114,828.895206211247,886.8043797304816,850.4666509303871,409.4566610549024,468.22206775442106,423.5531968421777,369.77212904860164,411.2865384369393,366.7562948925421,117.58261678513446,118.15361639721392,122.57413048693635,36.65111260216357,36.79745202823722,36.609859620691566,184.84149316241084,172.84587234031972,179.40717866636015,189.36885947730843,178.9418439365584,184.97323036285434,120.72710355089653,111.45678948948128,116.28939055638729,123.33902634590535,113.91638103460137,118.82487532575655,24.9782280143128,25.09845455751989,30.556573997495843,11.092953164759363,11.17691056216307,11.10097277392918,29.440487400696497,29.502862482073077,29.454033045308893,118.73510107063301,118.0257997823448,118.82593528528712,47.833606352825974,45.72364590687445,48.428653587323645,63.851786275379375,68.21129509112957,55.558505900547814,52.80307021142898,57.12484070212156,44.4638489041965,75.81542658998067,71.61783577666296,70.72492444965111,7.79191890921553e-08,7.897608918534396e-08,7.718555319905992e-08
N0042,0.75,afternoon,False,True,True,1072.1575923357266,1112.1346663062263,1090.6270787967537,931.149382947553,970.2829545316778,949.5398470642197,931.1493830061486,972.5539255297242,949.5398471206626,495.9693220209209,539.141817530398,509.39207337186537,450.27403766818173,479.4974322271758,449.80023227728077,121.53862129066555,122.05833904205868,125.37860154238189,27.735905264898456,27.811721144386876,27.69408199921428,189.03257740448782,180.08459059658395,184.99549250098167,191.69236371909562,183.87223033901046,188.4373796995736,123.53377467251605,116.45776254750842,120.17055372417198,125.52747598922397,118.37220927524716,122.12394959158111,18.932202154569904,19.016425522052565,23.149572089793153,8.407182722740032,8.475425372702713,8.408099297598495,22.266907781252982,22.298438073542084,22.267851883147177,123.36322581723392,122.83545909248241,123.46389420487506,52.06020028457999,50.23616118872137,52.46806951641506,48.38877134718694,51.684762621455235,42.10457498820687,40.021053716366886,43.29994471963917,33.6934430087139,45.13485885803007,46.246309049980596,45.92090926093023,8.036336521684613e-08,8.125283134129325e-08,7.964905425096834e-08
N0043,0.2,overnight,False,False,True,1294.5550928523546,1305.9941903607846,1299.1315613121021,1153.2066108195006,1164.5682213533532,1157.7911302990074,1153.2066108561935,1165.2288039908785,1157.7911303352798,678.8407093394185,691.959150349883,682.2450837620671,616.3426929030735,625.1246713627562,615.3576047888796,131.79754994569325,131.93460672565237,132.78317693101826,7.8354409097525854,7.52665972084726,7.680945549126172,198.88542527439722,196.6718910079655,197.88199211035834,198.8928593864854,196.6791598084703,197.88199245135255,131.24387096691945,129.199961743872,130.21588252461248,131.80939997161158,129.76262451077255,130.7788422964305,5.09603975270882,5.161325036456599,6.238903030155336,2.2594381837904973,2.3223157545606723,2.2603702355422852,6.264242724453156,6.267413920022872,6.264512174050911,135.3888633056843,135.23278079016714,135.3736028977043,63.392069842154136,62.778707606171004,63.428124699165075,13.021933076674362,13.97176000571308,11.371887643471807,10.794446770711497,11.742141031143023,9.0923665920844,50.44304113987444,50.328281245126796,50.54695275836242,8.565156958646251e-08,8.599210363167967e-08,8.515971764736368e-08
N0044,0.5,morning,False,False,True,1181.3048558908697,1208.1474112453384,1193.157513945642,1040.6714464346985,1067.0552237256343,1052.4955653690338,1040.6714464876045,1068.5842818850172,1052.4955654215214,588.9711100795179,618.1291339078964,597.59524633909,535.9640684341786,555.4717006488771,535.026172160221,126.47160023776864,126.82012543409333,129.0158819784548,18.74615123240939,18.783575884961746,18.723031703481578,195.68832865234046,190.35409873590834,193.39720814059146,195.69437133965866,190.35972733284737,193.39720861622578,127.49197573053027,122.61246823818608,125.12189508323229,128.8530713040999,123.94082049638502,126.46593294623047,12.79309793433445,12.865535625400536,15.644571755200696,5.679783693398426,5.744312735127344,5.679886139303554,15.030569875875129,15.046261722947607,15.03065855364922,128.93140811970645,128.55840616068105,128.96127534309736,57.13023809563061,55.75838784128353,57.332996941008574,32.726805269123915,34.97002548228091,28.495090777452077,27.075603531703063,29.310627056049963,22.797298773140017,37.11269951696645,37.41430495867655,37.70253364741828,8.239744286303099e-08,8.312660413502239e-08,8.187997405972829e-08
N0045,0.5,morning,False,False,True,1181.3056845720994,1208.1468678530416,1193.157425587098,1040.672270792725,1067.0546291421183,1052.4954550904517,1040.672270845439,1068.5836875887467,1052.495455144539,588.9717337193631,618.1286088580872,597.5950559702658,535.9646595042799,555.4711951558602,535.025971320929,126.4717064995107,126.82004236617234,129.01584685806864,18.74614603898128,18.78357318158179,18.723039233312047,195.6885432602264,190.3539184349709,193.39712762681836,195.69458594653565,190.35954703163713,193.39712810242824,127.49212111031942,122.6123464826507,125.12183744756588,128.85321746087496,123.94069797328306,126.46587519399908,12.793096060607716,12.865535388024316,15.644572014047636,5.679782542749881,5.744312855010944,5.679886416158011,15.030569792172907,15.046263056840075,15.03065995442758,128.93146340702538,128.55838948865073,128.96130122487682,57.13029359059258,55.75834494014704,57.332978654919394,32.726809334205015,34.97001968097728,28.495090720614137,27.07560830613025,29.310621025969755,22.797298491553967,37.112730979174025,37.41427914836328,37.70251073010781,8.243064168077012e-08,8.308050728212106e-08,8.1694903112048e-08
N0046,0.75,afternoon,False,True,True,1072.1579617571906,1112.1400584394587,1090.629322522586,931.1493113820233,970.2881407939551,949.5415054233563,931.1493114412923,972.5591156531232,949.5415054807662,495.9683244683714,539.1454528975501,509.39260670936574,450.2729542851631,479.5008044146611,449.80063551742944,121.53848453544012,122.0589891151525,125.3788097582508,27.73592668517983,27.81173973439769,27.6941143546471,189.03214011217452,180.08577420480313,184.99563685105937,191.69189508257872,183.87345934899983,188.43752965314943,123.53343353142652,116.45857694962655,120.17064211412082,125.52713267375128,118.37303258678406,122.12403935753227,18.932222752695882,19.016421102103777,23.149582994345398,8.407193924961483,8.475420872706977,8.408104331908014,22.266936718141242,22.29845292360608,22.26787640917652,123.36351184894349,122.83589747735645,123.46421149081378,52.06011082336927,50.236475027194025,52.468148599000976,48.38877497333164,51.68482900749796,42.104595758971115,40.02104796338429,43.30001134533274,33.69345756690138,45.134824001910026,46.24625524108899,45.92096853067994,8.036449958046208e-08,8.11609903264832e-08,7.977331790545058e-08
N0047,1.0,peak,True,True,True,969.7630074468694,1021.6198561220372,995.8823077547719,828.5113866762832,878.8647351296624,854.4596893727606,828.5113867425135,881.8221426545216,854.4596894384672,409.0896430778495,463.3241958616324,427.9579403958296,369.405374676282,406.4035816790335,371.2763797097421,117.5779308602133,118.28246228579789,122.79351494817462,36.66375522445235,36.7810363402092,36.60499073625164,184.85023645013766,173.05814130645663,179.75083810087108,189.37499359558325,179.15018224588655,185.3336690193895,120.7269582636671,111.58856225796205,116.52536896091158,123.33916495644351,114.05061265090438,119.06338606619188,24.986925200544107,25.081996375971556,30.55071201839832,11.097339863734597,11.168899781752412,11.099323768357284,29.447527926543685,29.495565635156794,29.449332662405816,118.73347813114323,118.08084518549131,118.97051897286627,47.818840748166814,45.76912287556846,48.53443388551481,63.859361101311855,68.18870950318107,55.54592858223637,52.806406555901255,57.10916474391409,44.45308258257067,76.08816451027789,78.79072732610257,77.77533011203408,7.802818904706524e-08,7.886403980199981e-08,7.706773438819012e-08
N0048,0.2,overnight,False,False,True,1294.5542327546063,1305.9949145151354,1299.1319043499393,1153.2057533031275,1164.568970694213,1157.7914941254137,1153.205753339474,1165.229553274018,1157.7914941616054,678.8400801258,691.9597647245735,682.2454691375222,616.3421029231862,625.1252582479934,615.357990510356,131.79744939389315,131.93470588486207,132.78324139205094,7.835441566587135,7.526659890403434,7.680945976113407,198.88523181698378,196.67209294243906,197.8821302986828,198.89266592936642,196.67936174310668,197.88213063963582,131.24374162192458,129.20009846063851,130.21597911956286,131.80927060579694,129.76276130598026,130.77893871798625,5.0960397649390226,5.161324813463072,6.238903123504034,2.2594382042229904,2.322315600966602,2.260370383538001,6.264242752481772,6.267413704667567,6.264511636735147,135.38879894173328,135.23281630573038,135.37359336936026,63.39201912770817,62.77875770751171,63.42815771567994,13.021932789509588,13.97176095921348,11.371887109781385,10.794446469981898,11.742142142017379,9.092365950522586,50.44298057433771,50.32833864997302,50.54699253257644,8.554288659441672e-08,8.590740871977162e-08,8.50445798126549e-08
N0049,0.5,morning,False,False,True,1181.3048560716095,1208.1474111022437,1193.1575139021365,1040.6714466164956,1067.055223578212,1052.4955653245436,1040.6714466706142,1068.5842817364432,1052.4955653774082,588.9711102313356,618.1291337937811,597.5952462945994,535.9640685799694,555.4717005416238,535.0261721157893,126.47160026312012,126.82012541546062,129.01588197044413,18.746151232084202,18.783575885460078,18.723031703535217,195.68832870492042,190.3540986991338,193.39720812407515,195.6943713922504,190.3597272960541,193.39720859968466,127.49197576639763,122.61246821371607,125.12189507166393,128.85307134014354,123.94082047174453,126.46593293459142,12.793097934031762,12.86553562541428,15.644571755414402,5.679783693165479,5.744312735212475,5.679886139422285,15.030569875654464,15.046261723013888,15.030658553779142,128.93140812781442,128.55840615099535,128.96127534380807,57.1302381089984,55.75838783201251,57.3329969367157,32.726805270172676,34.970025480997464,28.49509077752569,27.07560353292162,29.31062705472636,22.797298773084183,37.11269952856268,37.41430495092434,37.702533643743365,8.238748374156138e-08,8.293454199269938e-08,8.175284106890238e-08
N0050,0.5,morning,False,False,True,1181.3056845732522,1208.146867853137,1193.1574255897524,1040.6722707940526,1067.0546291428043,1052.4954550924401,1040.672270847999,1068.583687589467,1052.4954551456478,588.971733720887,618.1286088583178,597.5950559704719,535.9646595057053,555.4711951560362,535.0259713210937,126.47170649980666,126.82004236621306,129.01584685806776,18.74614603882913,18.78357318177683,18.723039233526595,195.68854326071346,190.35391843503007,193.39712762688592,195.6945859469939,190.35954703166286,193.39712810256233,127.49212111060417,122.61234648272315,125.12183744759388,128.85321746121028,123.94069797330692,126.46587519407889,12.793096060622366,12.865535388019607,15.644572014058076,5.679782542727459,5.744312855012815,5.679886416152178,15.030569792177074,15.046263056839612,15.030659954434153,128.93146340725633,128.55838948848017,128.9613012251843,57.13029359070214,55.75834494022157,57.33297865494203,32.72680933421558,34.970019680990575,28.495090720623217,27.075608306212402,29.310621025982275,22.797298491567293,37.11273097921731,37.41427914829796,37.70251073003955,8.229064259423724e-08,8.298990561345945e-08,8.176411295018394e-08
N0051,1.0,peak,True,True,True,969.7630228267453,1021.6198659696306,995.8822901765953,828.5114020691302,878.8647436717523,854.4596721094305,828.5114021358006,881.8221512432937,854.4596721743906,409.08965698794583,463.324200042435,427.95792670330536,369.4053884330278,406.4035851894913,371.2763667530863,117.57793172731705,118.28246388935622,122.79351300168376,36.663755184032574,36.78103645455562,36.604990754812924,184.8502380763941,173.05814366371382,179.7508347993158,189.374995233331,179.15018466831674,185.33366569500643,120.72695936885053,111.58856380881328,116.5253667664501,123.33916607900925,114.05061422793251,119.06338383555453,24.9869251281822,25.081996496189124,30.550711950740308,11.097339822083688,11.16889983467641,11.099323769476266,29.44752790110186,29.495565706122676,29.449332699050412,118.73347850898043,118.08084626125364,118.97051838417704,47.81884118699488,45.76912357291003,48.53443295103014,63.859361186471915,68.18870983845457,55.54592833488122,52.80640667159347,57.109165034677595,44.45308233134464,76.08816281985862,78.79071994197135,77.77533906744011,7.79560933745506e-08,7.88274669027985e-08,7.706872355021282e-08
N0052,0.5,morning,False,False,True,1181.3066664220219,1208.1467268743143,1193.156654379504,1040.6732896112119,1067.0544802832026,1052.4946692209085,1040.6732896645503,1068.5835385914418,1052.4946692739038,588.9725516707546,618.1285501341067,597.5943957272698,535.9654406088569,555.4711531439443,535.0253373017498,126.47184094241373,126.82003642794862,129.0157342241862,18.74614443688156,18.783573385568346,18.723041017966946,195.68882328654323,190.35390936845064,193.39690191409682,195.69486597267607,190.35953796046977,193.39690238971536,127.49231077701631,122.61234322250301,125.12168354152328,128.85340821619607,123.94069441811044,126.46572050398883,12.79309530729022,12.865534660412001,15.644572985058833,5.679781831751528,5.744312575677191,5.679887564911873,15.030568877103502,15.046262544017864,15.030661058069388,128.9315171755055,128.55836217845237,128.96126900720714,57.13036390876074,55.75834203304413,57.33291991185914,32.72681645189077,34.97001662725617,28.495088079560883,27.075615956532193,29.310618119766847,22.797295019588645,37.112794897419015,37.41427564035717,37.70245728214812,8.233498873122185e-08,8.303442819257846e-08,8.163696553890392e-08
N0053,0.2,overnight,False,False,True,1294.6702207357946,1305.788349611556,1299.0339145740445,1153.323996763172,1164.3633490833095,1157.697108547542,1153.3239967996356,1165.0238418228287,1157.6971085828998,678.951879642103,691.7523649410961,682.1460275535236,616.4514845748245,624.9178876345428,615.2585556713277,131.8052944450588,131.93920177737667,132.79434874510682,7.828651531305807,7.836037935080763,7.824184069969363,198.898570497467,196.67862067842609,197.8996326755261,198.90600403448522,196.68588914006003,197.89963301642555,131.25266929675587,129.20447536916873,130.22771214625922,131.81816496305606,129.7671169633679,130.79062209242383,5.095810351615895,5.161118882080225,6.238358458204688,2.2593392126007257,2.3222216454796705,2.260169343439327,6.264234439020222,6.26737041381309,6.264363607813546,135.3940001902153,135.23484410884421,135.38030829658175,63.39603900776831,62.78110996265565,63.433964201330134,13.021272888005663,13.971225886476635,11.370905049855029,10.793885670670317,11.741698844660167,9.091587420526398,50.56549786172097,50.330175574323256,50.36467882603353,8.56649305934511e-08,8.620549123393421e-08,8.517698285435785e-08
N0054,0.2,overnight,False,False,True,1294.6634809571967,1305.79171711241,1299.0361630388948,1153.3172549161313,1164.3668509392214,1157.6994760289263,1153.3172549522108,1165.02734355895,1157.6994760641014,678.9467991711042,691.7551612606367,682.1484160517558,616.4466922783076,624.92054008539,615.2609266321065,131.80447852372208,131.93964380837954,132.79473902793484,7.828654506308066,7.836037183545075,7.824180801939387,198.89698701989965,196.67952067476125,197.9004658066665,198.90442056229756,196.68678915011301,197.90046614763142,131.25160599496218,129.20508070178337,130.2282918078177,131.81710148298683,129.76772295484872,130.79120075041013,5.0958104060127765,5.16111709996921,6.238358888781276,2.2593393857739303,2.3222204801660404,2.2601701641844496,6.264234543404774,6.26736926278404,6.264360318333975,135.39353704962508,135.23503414742456,135.3802841206065,63.39562742647055,62.781332976907485,63.43416405835003,13.021269937173695,13.971232095308512,11.370901824336125,10.79388256302815,11.74170619069371,9.09158357815289,50.56499372376153,50.33044791438182,50.364932766485374,8.548855273333918e-08,8.596532189707263e-08,8.50445798126549e-08
N0055,0.5,morning,False,False,True,1181.3046715322819,1208.1471525323873,1193.1579532127969,1040.6712526857816,1067.0549578715054,1052.4960193116349,1040.6712527390907,1068.5840161315075,1052.4960193630511,588.9709748237111,618.1288945825322,597.5956100085476,535.9639431764892,555.471467603451,535.0265171837411,126.47157922152722,126.82008437370754,129.0159431352575,18.74614699382825,18.78357307786726,18.72303844574962,195.6882850791347,190.3540149038607,193.3973325702885,195.69432776510416,190.35964350287978,193.39733304593807,127.49194708927301,122.6124106287467,125.12197916561048,128.85304241414858,123.94076264110133,126.46601752330783,12.793097692279865,12.86553647450016,15.644571661141773,5.679783651289082,5.74431322629301,5.679885663695204,15.030569801626303,15.046262365567934,15.030658064373867,128.9313916388875,128.55840016344973,128.96129945303434,57.13022700518807,55.7583664517036,57.33302890174151,32.72680326056159,34.970024547877024,28.49509285310649,27.075601537869584,29.31062574498337,22.79730123074168,37.11268613479733,37.41429402356316,37.702556986199866,8.230724310621955e-08,8.295262604827713e-08,8.193226073522208e-08
N0056,0.75,afternoon,False,True,True,1072.157961756897,1112.1400584439643,1090.6293225226011,931.1493113825777,970.2881407937227,949.5415054234807,931.1493114414527,972.5591156524534,949.5415054805541,495.96832446815387,539.1454528972708,509.392606709218,450.27295428489094,479.500804414331,449.80063551739386,121.53848453540004,122.05898911493989,125.37880975797029,27.735926685015702,27.81173973391758,27.694114354434234,189.03214011210767,180.08577420473614,184.9956368510198,191.69189508249656,183.87345934886878,188.43752965312817,123.53343353146293,116.45857694948418,120.17064211396891,125.52713267369559,118.37303258670168,122.12403935751946,18.93222275271158,19.016421102122365,23.149582994342328,8.407193924958356,8.475420872704001,8.408104331884756,22.26693671813013,22.298452923587632,22.26787640918464,123.36351184922245,122.83589747785473,123.46421149018927,52.06011082334395,50.23647502718565,52.468148598972356,48.38877497329464,51.6848290074315,42.10459575898124,40.02104796337987,43.30001134533787,33.693457566921666,45.13482400181897,46.24625524097509,45.92096853069221,8.037178659558008e-08,8.133196645076059e-08,7.976796625483972e-08
N0057,0.5,morning,False,False,True,1181.3064144447742,1208.1442251091046,1193.1584635175966,1040.6730556876373,1067.05195913634,1052.4965845803445,1040.6730557412109,1068.5810174487092,1052.4965846326336,588.9725750284477,618.1265360535662,597.5959734467905,535.9654975500238,555.4692352229629,535.026838429744,126.47185300538209,126.81970048932338,129.01599353909322,18.746144413595598,18.78357560474602,18.72303686727075,195.68885307247746,190.35323946305175,193.39743631706153,195.6948957455619,190.35886805950238,193.39743679264998,127.49233783864948,122.61189000992603,125.12204395353534,128.8534349400219,123.94023883785422,126.46608325006706,12.793093483127132,12.865538979181855,15.64457488393734,5.679780997738436,5.744315320759186,5.679886312161695,15.030566156329792,15.04626375693795,15.030657922381884,128.93143934443484,128.55822460182821,128.96135774857623,57.130371475543825,55.758169659450616,57.33305533003796,32.726812086392854,34.97000311096134,28.495099856305647,27.075612288735353,29.310602893166585,22.797307979663184,37.11281202116585,37.414145167790245,37.70258050602141,8.240935120303547e-08,8.301679806270585e-08,8.164825341728634e-08
N0058,0.5,morning,False,False,True,1181.3056894316182,1208.1468604746267,1193.1574276789536,1040.6722757574278,1067.0546215411098,1052.4954573076768,1040.672275810502,1068.583679988053,1052.4954573605783,588.9717380103395,618.128602746135,597.5950574369149,535.9646636614558,555.4711893477426,535.025972640397,126.4717072307579,126.82004137770737,129.01584707284024,18.746146031184132,18.783573191755607,18.723039230617633,195.68854477518704,190.35391642751176,193.39712806954992,195.6945874614264,190.35954502419946,193.39712854521565,127.49212215170655,122.61234513213458,125.12183773164206,128.8532185068756,123.94069661447182,126.46587548102167,12.793096049154652,12.865535394914117,15.644572021383134,5.679782535661818,5.744312860695595,5.6798864170305565,15.030569784496203,15.04626306294654,15.030659955402994,128.9314635734257,128.55838908538095,128.9613014411142,57.13029397440686,55.758344431571366,57.33297876608847,32.72680935666579,34.97001962561659,28.495090740741844,27.075608333475593,29.31062096654516,22.797298511418514,37.11273129704103,37.414278716806166,37.702510844196134,8.238808156857902e-08,8.294980232734684e-08,8.187997405972829e-08
N0059,0.75,afternoon,False,True,True,1072.157961755527,1112.1400584436203,1090.629322524477,931.149311383079,970.2881407950841,949.5415054242306,931.1493114412093,972.5591156534617,949.54150548229,495.96832446803364,539.1454528975047,509.3926067102031,450.27295428485206,479.5008044146322,449.80063551819006,121.53848453533564,122.05898911492956,125.3788097581916,27.73592668498122,27.811739734319584,27.694114354528566,189.0321401120989,180.0857742048392,184.99563685133128,191.69189508251335,183.87345934903314,188.43752965341736,123.53343353136168,116.45857694958603,120.17064211423283,125.52713267367024,118.37303258676357,122.12403935770325,18.93222275273132,19.016421102124852,23.14958299436258,8.407193924974598,8.47542087273207,8.408104331881665,22.266936718152362,22.298452923593693,22.267876409200884,123.36351184906002,122.83589747785635,123.46421149061229,52.060110823335044,50.23647502719386,52.46814859907986,48.38877497330282,51.68482900747721,42.104595759021734,40.02104796337547,43.30001134531598,33.693457566964334,45.13482400202408,46.24625524109412,45.92096853074853,8.049351362253068e-08,8.119050675254486e-08,7.965702977449372e-08
N0060,0.5,morning,False,False,True,1181.3064144482632,1208.1442251054643,1193.1584635175375,1040.673055687665,1067.0519591363645,1052.4965845785327,1040.6730557399544,1068.58101744917,1052.496584631215,588.9725750275312,618.1265360540873,597.5959734462177,535.9654975491851,555.4692352234916,535.0268384292375,126.47185300518917,126.81970048955088,129.01599353903717,18.74614441325827,18.78357560491202,18.72303686766619,195.68885307216613,190.3532394632099,193.39743631686355,195.69489574523794,190.35886805965148,193.39743679250913,127.49233783845513,122.61189000996193,125.12204395347936,128.85343493983623,123.94023883796626,126.46608324994709,12.793093483135726,12.865538979175751,15.64457488391819,5.679780997724568,5.744315320780367,5.679886312194192,15.030566156317827,15.046263756933321,15.030657922380323,128.93143934442642,128.5582246021026,128.96135774851936,57.13037147549053,55.75816965948572,57.33305532998472,32.726812086356084,34.970003110911726,28.495099856317356,27.075612288671525,29.31060289310247,22.79730797966902,37.11281202126847,37.41414516778221,37.702580505919194,8.219437289112678e-08,8.302267455099095e-08,8.175845648342461e-08
N0061,1.0,peak,True,True,True,969.7630228272828,1021.6198659683259,995.8822901759361,828.5114020693447,878.8647436715572,854.4596721077058,828.5114021357696,881.8221512428646,854.4596721728777,409.0896569883154,463.32420004181,427.95792670287904,369.40538843333576,406.4035851889107,371.2763667527389,117.57793172740142,118.28246388905235,122.79351300162199,36.66375518394473,36.781036454902356,36.60499075466122,184.85023807648506,173.05814366357475,179.75083479918445,189.3749952334155,179.15018466806825,185.33366569485995,120.72695936890858,111.58856380871279,116.52536676629416,123.339166079107,114.05061422783947,119.06338383549918,24.986925128198386,25.081996496171275,30.55071195070119,11.097339822087676,11.16889983467399,11.099323769466517,29.447527901099736,29.495565706117077,29.44933269902945,118.73347850868844,118.08084626167869,118.97051838363006,47.81884118704659,45.769123572887274,48.534432950968295,63.85936118647318,68.18870983838701,55.545928334868165,52.80640667159565,57.109165034677915,44.45308233130198,76.08816281984353,78.79071994198002,77.77533906733541,7.80030708659448e-08,7.89143533628267e-08,7.718513618658012e-08
N0062,0.2,overnight,False,False,True,1294.554232754001,1305.9949145130063,1299.1319043480764,1153.2057533022742,1164.568970692732,1157.7914941256515,1153.2057533387247,1165.2295532737173,1157.7914941604083,678.8400801257633,691.9597647245095,682.2454691369965,616.342102923148,625.1252582480419,615.3579905098709,131.79744939358164,131.9347058851867,132.78324139216403,7.835441566550906,7.526659890888032,7.680945976005401,198.88523181697053,196.6720929424767,197.8821302984987,198.89266592934663,196.67936174308124,197.88213063947947,131.2437416218068,129.20009846061404,130.2159791192928,131.80927060576053,129.76276130600738,130.77893871788618,5.096039764937636,5.1613248134672745,6.238903123504034,2.2594382042302974,2.3223156009921206,2.260370383505625,6.2642427524822235,6.2674137046774785,6.264511636739002,135.3887989410872,135.2328163050552,135.3735933689121,63.39201912767431,62.77875770748365,63.428157715648496,13.021932789494485,13.971760959200966,11.371887109784117,10.794446470025807,11.742142142012984,9.092365950517161,50.44298057426763,50.328338649999644,50.54699253253406,8.548830232009762e-08,8.595821814388303e-08,8.502176865140247e-08
N0063,1.0,peak,True,True,True,970.1400015156092,1026.728335018304,992.1532706884785,828.8952058910143,883.8300711655146,850.4666507909635,828.8952059571378,886.8043793545864,850.466650854086,409.4566608190568,468.2220674282306,423.55319678456,369.77212881318786,411.28653811898005,366.7562948387206,117.5826167687241,118.15361636713975,122.57413048083723,36.65111260104054,36.79745202566049,36.60985961744514,184.84149313156405,172.84587229261754,179.40717865491538,189.36885944633548,178.94184388803993,184.9732303509349,120.72710353045562,111.45678945858717,116.28939054915908,123.33902632518927,113.91638100315784,118.82487531843368,24.97822801344109,25.098454554741693,30.556573994802566,11.092953164429431,11.176910560966354,11.100972772732906,29.44048740070721,29.502862481370432,29.454033044274183,118.7351010679166,118.02579977162547,118.82593528390697,47.83360634547706,45.72364589454431,48.42865358566347,63.85178627191198,68.2112950835408,55.558505897196284,52.80307020822668,57.12484069550729,44.463848901914396,75.81542664385114,71.61783596889548,70.72492455421431,7.785742912365821e-08,7.900347353661069e-08,7.718651890352115e-08
N0064,1.0,peak,True,True,True,970.1376002370766,1026.7271983143214,992.1531183662856,828.8929576011062,883.829100167774,850.4666322368276,828.8929576677538,886.8034040477038,850.466632300415,409.45512220770064,468.22146271557085,423.55345565245904,369.77066837881785,411.28598020665777,366.75658595833875,117.5823930667236,118.15352976029493,122.5741219468813,36.65110426213395,36.79743115563478,36.60983738676552,184.8411389248321,172.84576714620735,179.4071932846857,189.36849119306018,178.94173853595072,184.9732400385502,120.72686051646794,111.45672691702023,116.28940299012771,123.33878002010076,113.91631703304755,118.82488773691317,24.978224874127175,25.09844493321261,30.55656673691384,11.092952431319311,11.176906051864606,11.100968999042538,29.440477563200716,29.502849904685448,29.454018212653757,118.7349007540888,118.02570308875521,118.82585379666291,47.83349837639523,45.72361929564062,48.42865916379253,63.85175737167826,68.2112724943066,55.55849412185465,52.803042860145226,57.12482273200343,44.46384229419204,75.81543846846643,71.61845185302954,70.72491067619463,7.800111113672168e-08,7.898135742023254e-08,7.72429696706229e-08
N0065,1.0,peak,True,True,True,970.1375884481339,1026.7271795172253,992.1531153713422,828.892945834476,883.829082034224,850.4666295962804,828.8929459015328,886.8033858821676,850.4666296585286,409.45511150013385,468.22144739887415,423.5534539940059,369.7706577306768,411.2859653497001,366.7565844718654,117.58239233416728,118.15352823423598,122.5741217063923,36.651104197894846,36.7974310206109,36.60983722477204,184.841137582351,172.84576472388304,179.4071928792414,189.36848983890843,178.94173607136156,184.97323961255984,120.72685962659988,111.45672534489916,116.28940274313663,123.33877911587668,113.91631543240217,118.82488748476935,24.97822483833513,25.098444807451212,30.556566615327014,11.092952417959863,11.1769059976073,11.100968943682497,29.440477554524907,29.50284986396803,29.45401815217465,118.7349005519152,118.0257024575105,118.82585367997001,47.833498048906854,45.72361866111132,48.428659114892476,63.851757220514706,68.21127212426802,55.558493969785964,52.80304272380665,57.12482240954536,44.463842195530376,75.81544057791052,71.61846082250264,70.72491487914809,7.799786653132035e-08,7.899283846805879e-08,7.741837724191478e-08
N0066,1.0,peak,True,True,True,970.1375883023732,1026.7271792981476,992.1531153211887,828.8929456877823,883.8290818202769,850.4666295495535,828.892945753981,886.8033856672868,850.4666296131448,409.4551113634947,468.2214472124832,423.5534539602741,369.7706575943604,411.2859651678858,366.7565844403677,117.58239232458773,118.15352821722864,122.57412170245544,36.6511041970024,36.797431019141136,36.60983722267796,184.84113756441945,172.8457646965894,179.4071928722619,189.36848982089313,178.94173604367833,184.97323960532233,120.72685961470391,111.4567253272729,116.28940273872706,123.33877910379137,113.91631541445281,118.82488748027552,24.97822483784361,25.09844480584852,30.55656661377684,11.092952417775534,11.176905996930705,11.100968942990052,29.440477554526886,29.502849863568677,29.454018151543288,118.73490055010392,118.02570245186978,118.82585367893044,47.83349804461902,45.72361865407605,48.428659113797174,63.851757218500005,68.21127211986119,55.5584939678005,52.80304272201715,57.124822405844604,44.46384219417867,75.81544060883698,71.61846093339717,70.72491493863238,7.802707228222558e-08,7.898655358862019e-08,7.730242542733432e-08
N0067,0.75,afternoon,False,True,True,1072.1575923351963,1112.1346663030265,1090.6270787951134,931.1493829467415,970.2829545303157,949.5398470639296,931.1493830059205,972.5539255287745,949.5398471213732,495.96932202099674,539.1418175297904,509.3920733722146,450.2740376682192,479.4974322266392,449.8002322775438,121.53862129065828,122.05833904196497,125.37860154265981,27.735905264628137,27.811721144247496,27.694081999415047,189.0325774044657,180.08459059642365,184.99549250105596,191.69236371905836,183.87223033882736,188.43737969962345,123.53377467250112,116.45776254736764,120.17055372412797,125.52747598921859,118.37220927513384,122.12394959167176,18.932202154573275,19.01642552204939,23.149572089806348,8.407182722768052,8.47542537270663,8.40809929760549,22.26690778124342,22.29843807353068,22.267851883143926,123.36322581725618,122.8354590924626,123.46389420505162,52.06020028456371,50.23616118866046,52.46806951645765,48.388771347200176,51.6847626214084,42.10457498820596,40.02105371636662,43.29994471960722,33.693443008733226,45.134858857883444,46.246309050067396,45.92090926105636,8.044138291772595e-08,8.118535839765475e-08,7.958832901216008e-08
N0068,0.75,afternoon,False,True,True,1072.1577488639655,1112.1372878089282,1090.6282284192619,931.149321555855,970.2854753156394,949.5407109339429,931.149321615286,972.5564482018511,949.5407109906,495.96881255509174,539.1435812160776,509.3923756429779,450.2734871674478,479.49906747376554,449.8004687028276,121.53855136511494,122.05865409685977,125.37871082102713,27.735915900042734,27.811730243613145,27.69409783480499,189.03235649941993,180.0851641536777,184.99557685802165,191.69212721331937,183.87282568212672,188.43746745352234,123.53360285833593,116.45815686490077,120.17060666869091,125.5273030651405,118.37260792034108,122.12400330503296,18.932212319388295,19.016423484227666,23.14957743927124,8.407188261781577,8.475423240540866,8.408101683356469,22.266922003830732,22.298445415961393,22.267863820832247,123.36336438536411,122.83567324931376,123.4640523288914,52.060154834365186,50.236313209529015,52.46811201123111,48.38877284637187,51.68479498264293,42.10458560911738,40.02105058624023,43.29997715411696,33.69345064004008,45.13484225085193,46.24628341319845,45.92093725008858,8.035197194532606e-08,8.121110473083084e-08,7.971517379356042e-08
N0069,0.2,overnight,False,False,True,1294.5550928558848,1305.9941903644212,1299.131561312258,1153.2066108217562,1164.568221354212,1157.7911302978798,1153.206610857646,1165.2288039919993,1157.7911303335577,678.8407093404795,691.9591503505839,682.2450837603833,616.3426929041118,625.1246713634587,615.357604787427,131.7975499459163,131.9346067256322,132.78317693101826,7.835440909260762,7.5266597208903585,7.680945549818858,198.88542527470645,196.67189100817185,197.8819921098804,198.89285938679953,196.67915980872766,197.88199245080713,131.24387096714756,129.199961743948,130.2158825243236,131.80939997181812,129.76262451093112,130.7788422961045,5.096039752683133,5.161325036491116,6.238903030168942,2.2594381837780158,2.3223157545381525,2.260370235580502,6.2642427244585415,6.267413920033424,6.264512174051809,135.38886330511693,135.23278078977032,135.37360289769953,63.392069842264384,62.77870760623762,63.428124699031564,13.02193307666437,13.971760005710378,11.371887643493487,10.794446770727468,11.742141031169282,9.092366592089826,50.44304113994809,50.328281245176285,50.546952758320046,8.567534669903974e-08,8.582293872668508e-08,8.506186838944872e-08
N0070,0.5,morning,False,False,True,1181.3048558947983,1208.1474112454544,1193.1575139436825,1040.6714464355641,1067.0552237256936,1052.4955653698605,1040.6714464887827,1068.584281884683,1052.4955654230664,588.9711100800673,618.12913390751,597.5952463401198,535.9640684346838,555.4717006485076,535.0261721610591,126.47160023783252,126.82012543376408,129.0158819786817,18.74615123254827,18.783575884705318,18.723031703354323,195.6883286524905,190.3540987357913,193.39720814089486,195.6943713398003,190.35972733269816,193.39720861651534,127.49197573065213,122.61246823810595,125.1218950834082,128.85307130421384,123.94082049627822,126.46593294642445,12.793097934344832,12.865535625393063,15.64457175521404,5.679783693400724,5.744312735141818,5.679886139293138,15.030569875878694,15.046261722941702,15.030658553654067,128.9314081199096,128.55840616046243,128.96127534346965,57.13023809569297,55.7583878412408,57.332996941077226,32.72680526911187,34.9700254823094,28.495090777490432,27.075603531729136,29.310627056042907,22.797298773153347,37.11269951703693,37.41430495865483,37.70253364737053,8.245113828067671e-08,8.304372786191357e-08,8.170052250874368e-08
N0071,0.5,morning,False,False,True,1181.305684570284,1208.1468678507542,1193.15742559389,1040.6722707917559,1067.05462914116,1052.4954550930959,1040.6722708453242,1068.5836875871598,1052.4954551460235,588.9717337192928,618.1286088574267,597.5950559708078,535.9646595042303,555.4711951551805,535.0259713214268,126.47170649969614,126.82004236616962,129.01584685806864,18.746146039156574,18.783573181473542,18.723039233633866,195.68854326020553,190.35391843470597,193.39712762698113,195.69458594649944,190.35954703141593,193.3971281026119,127.49212111022469,122.61234648246243,125.12183744765385,128.85321746087712,123.94069797312018,126.46587519413256,12.79309606060199,12.865535388015275,15.644572014058076,5.679782542740472,5.744312855029412,5.679886416178843,15.030569792169311,15.046263056830632,15.030659954427414,128.93146340707236,128.55838948868387,128.96130122514782,57.13029359055285,55.75834494011353,57.33297865496782,32.72680933422588,34.97001968092877,28.495090720567003,27.075608306161218,29.310621025971464,22.797298491564376,37.11273097923466,37.41427914836162,37.70251073012832,8.245477288934633e-08,8.308549806343759e-08,8.176981046066096e-08
N0072,1.0,peak,True,True,True,969.7630228279967,1021.6198659668314,995.8822901789179,828.5114020686949,878.8647436688913,854.4596721091563,828.511402135124,881.8221512415696,854.4596721739525,409.0896569876818,463.32420004147616,427.9579267034733,369.4053884327553,406.40358518858744,371.2763667532384,117.57793172715235,118.28246388962519,122.79351300163702,36.6637551838897,36.78103645470359,36.6049907545622,184.8502380762553,173.05814366342602,179.7508347993349,189.37499523322506,179.15018466796457,185.33366569506217,120.72695936874095,111.58856380853436,116.5253667664501,123.33916607897919,114.05061422774114,119.06338383559394,24.986925128175745,25.081996496164642,30.550711950756575,11.097339822093844,11.16889983466773,11.099323769479508,29.447527901095604,29.495565706106074,29.449332699039076,118.73347850895179,118.08084626075298,118.97051838385194,47.81884118698538,45.769123572811644,48.53443295108207,63.859361186417104,68.18870983833546,55.54592833486173,52.80640667154161,57.10916503466244,44.45308233130544,76.08816281991659,78.79071994201576,77.77533906744011,7.782732134818745e-08,7.89552205861882e-08,7.718513618658012e-08
N0073,1.0,peak,True,True,True,969.7616535713341,1021.6194218495061,995.8815233299218,828.5101887757854,878.8644345017091,854.4590393790724,828.5101888424532,881.8218399883638,854.4590394432215,409.08900183922447,463.3241632111116,427.9576789187007,369.40478886189635,406.4035801936029,371.27617054170054,117.57778964587597,118.28244593807638,122.7934538958009,36.6637451531648,36.781023004606084,36.604979105717895,184.85002529679323,173.0581469411658,179.75076746442562,189.37477355710345,179.15018818354338,185.33359242959887,120.7268144542006,111.5885705264006,116.52532213818439,123.33901916910487,114.05062085568836,119.0633384648804,24.98692209960804,25.08199288089363,30.550709087928063,11.09733876690961,11.168897917406273,11.099322762374477,29.447517127500053,29.495554230594067,29.44932142491824,118.73332058656084,118.0807639572824,118.97040626631785,47.81877575281266,45.769123378550354,48.53440990198577,63.85934199831574,68.18870499446915,55.545919152588866,52.806389322233684,57.109162668879456,44.45307521263842,76.08816582924977,78.7907210709074,77.77534889216041,7.790566617752858e-08,7.894991674464919e-08,7.712734719457312e-08
N0074,0.75,afternoon,False,True,True,1072.1575896999673,1112.134665412202,1090.6270828503789,931.1493802122609,970.2829537330201,949.5398510021683,931.1493802704586,972.553924727931,949.539851058594,495.96931937196456,539.141816966434,509.3920765960646,450.2740350723381,479.4974316996963,449.8002353797571,121.53862104332114,122.05833904956297,125.37860185059412,27.735905227883535,27.811721148319645,27.694082037606695,189.03257691078676,180.08459064698397,184.99549302009757,191.69236320119992,183.87223038404207,188.43738024723078,123.53377432445726,116.45776257641222,120.1705540871167,125.5274756378891,118.37220930456058,122.1239499582406,18.932202154111536,19.016425510925977,23.14957210725275,8.407182723497767,8.4754253670358,8.408099303355689,22.26690778316712,22.298438066055557,22.267851894486792,123.36322576566309,122.83545904243447,123.46389439721015,52.06020016452282,50.23616118318668,52.46806966912448,48.388771318361435,51.684762614159936,42.10457502534221,40.02105368954191,43.29994471670303,33.69344303854904,45.134857492420906,46.24631046730067,45.92090915345772,8.027240591035039e-08,8.113951448090843e-08,7.976796625483972e-08
N0075,0.75,afternoon,False,True,True,1072.1577488708529,1112.137287810448,1090.6282284175888,931.1493215622183,970.2854753136827,949.5407109313977,931.1493216200306,972.5564482009742,949.54071098806,495.96881255977917,539.1435812143181,509.3923756407978,450.2734871720989,479.4990674719473,449.8004687007764,121.53855136500742,122.0586540964052,125.3787108210323,27.735915900031696,27.811730243599136,27.694097834616322,189.0323564997779,180.0851641531864,184.9955768582937,191.69212721369374,183.87282568160853,188.43746745380506,123.53360285861937,116.45815686450032,120.17060666882277,125.52730306537285,118.37260791995766,122.1240033052557,18.932212319416234,19.01642348418878,23.149577439248837,8.407188261778884,8.47542324054188,8.408101683327029,22.26692200385387,22.298445415973266,22.26786382080945,123.36336438527347,122.83567324993729,123.46405232894125,52.060154834488515,50.23631320939246,52.46811201126812,48.3887728464341,51.684794982592976,42.104585609115226,40.02105058625279,43.29997715406308,33.69345063999435,45.13484225263831,46.24628340971964,45.92093725184043,8.03778367039546e-08,8.112070866310935e-08,7.960441911464677e-08
N0076,0.5,morning,False,False,True,1181.3064144466111,1208.1442251111964,1193.1584635146849,1040.6730556868024,1067.0519591397301,1052.4965845751587,1040.6730557396977,1068.58101745273,1052.4965846282082,588.9725750275828,618.1265360566387,597.5959734443186,535.965497549187,555.4692352258382,535.0268384274218,126.47185300509396,126.81970049000498,129.01599353869818,18.74614441351176,18.78357560514303,18.723036867612553,195.6888530721677,190.35323946404458,193.39743631625865,195.69489574525824,190.35886806054407,193.39743679184346,127.49233783841373,122.61189001043743,125.12204395300371,128.8534349398133,123.94023883850234,126.46608324955243,12.793093483106768,12.865538979173552,15.644574883904848,5.67978099773542,5.744315320809691,5.679886312194192,15.030566156322628,15.046263756932806,15.030657922377037,128.93143934424538,128.55822460207042,128.96135774818788,57.13037147546751,55.758169659687645,57.33305532980475,32.72681208638043,34.97000311096958,28.495099856266997,27.07561228870988,29.310602893165306,22.797307979629036,37.11281202120984,37.414145167932574,37.7025805058237,8.216781972101286e-08,8.310400928459686e-08,8.20015181494185e-08
N0077,0.5,morning,False,False,True,1181.3056894307374,1208.146860472849,1193.1574276777678,1040.6722757562509,1067.054621540254,1052.4954573074062,1040.6722758095736,1068.5836799871347,1052.495457360866,588.9717380097507,618.1286027455108,597.5950574370577,535.9646636609287,555.4711893472315,535.0259726405209,126.47170723052955,126.82004137812167,129.01584707261517,18.746146031102555,18.783573191160606,18.72303923054717,195.68854477497942,190.35391642738057,193.3971280696094,195.69458746125332,190.35954502412227,193.3971285452428,127.49212215159967,122.61234513204884,125.12183773161009,128.85321850677084,123.9406966143509,126.4658754810599,12.793096049174247,12.865535394896094,15.64457202135935,5.679782535660246,5.744312860690541,5.679886417027641,15.030569784489995,15.046263062946087,15.030659955409234,128.931463573317,128.55838908516338,128.96130144074812,57.130293974348525,55.75834443149882,57.33297876606992,32.726809356668184,34.970019625658196,28.495090740734373,27.07560833341876,29.310620966467063,22.79729851141686,37.112731297072344,37.41427871682064,37.70251084430509,8.234162495780043e-08,8.292519049781186e-08,8.182204330829388e-08
N0078,1.0,peak,True,True,True,969.7630228271373,1021.6198659671178,995.8822901787679,828.5114020696914,878.8647436710584,854.4596721101237,828.5114021361608,881.8221512430995,854.4596721753451,409.0896569881471,463.32420004235126,427.95792670405183,369.4053884331873,406.4035851894642,371.27636675374674,117.57793172728965,118.28246388925565,122.79351300180228,36.66375518420152,36.78103645467285,36.604990754707565,184.85023807643202,173.05814366370043,179.750834799539,189.37499523339068,179.15018466825344,185.3336656952464,120.7269593688455,111.5885638087953,116.52536676659798,123.33916607905284,114.0506142279413,119.06338383572044,24.986925128202113,25.081996496196385,30.550711950753346,11.097339822114987,11.168899834656028,11.099323769466482,29.447527901116857,29.495565706117254,29.449332699054885,118.73347850918098,118.08084626120929,118.97051838429056,47.81884118701952,45.76912357291052,48.53443295110168,63.859361186482346,68.18870983842214,55.54592833493343,52.80640667158314,57.10916503468192,44.45308233133157,76.08816281985834,78.79071994207325,77.77533906738212,7.810568713848126e-08,7.894990165736038e-08,7.706914119258835e-08
N0079,0.2,overnight,False,False,True,1294.554232758333,1305.9949145138512,1299.1319043523677,1153.2057533036823,1164.5689706911996,1157.791494126136,1153.2057533400834,1165.2295532727862,1157.7914941614654,678.8400801264238,691.9597647237707,682.2454691377015,616.3421029237827,625.1252582473512,615.357990510488,131.79744939390852,131.9347058849958,132.78324139233254,7.8354415669163,7.526659890742096,7.6809459764163055,198.88523181717665,196.67209294228093,197.8821302987255,198.89266592954442,196.67936174289207,197.88213063966447,131.2437416219706,129.20009846045429,130.2159791195066,131.80927060591725,129.76276130588,130.77893871799182,5.096039764952367,5.161324813468731,6.238903123506614,2.2594382042274233,2.3223156009697936,2.2603703835159723,6.264242752479937,6.267413704667688,6.264511636731872,135.38879894171203,135.2328163051205,135.37359336898479,63.39201912776402,62.778757707445855,63.428157715712345,13.021932789479445,13.97176095924276,11.37188710970029,10.794446470027642,11.742142141977109,9.092365950503595,50.442980574373834,50.328338649966135,50.546992532539676,8.544345173414945e-08,8.604009797628606e-08,8.492944546090987e-08
N0080,0.5,morning,False,False,True,1181.3048560689915,1208.1474111005398,1193.1575138992441,1040.6714466176618,1067.0552235761882,1052.4955653239558,1040.6714466708522,1068.5842817354617,1052.4955653771228,588.9711102313375,618.1291337931431,597.5952462946353,535.9640685799542,555.4717005410416,535.0261721158511,126.47160026303398,126.82012541585641,129.01588197044413,18.746151231772284,18.783575885308263,18.723031703300688,195.68832870490508,190.3540986989589,193.39720812407148,195.69437139222043,190.35972729585862,193.39720859968466,127.49197576633154,122.61246821355202,125.12189507159998,128.85307134013618,123.94082047162861,126.46593293459335,12.793097934048912,12.865535625417508,15.6445717554115,5.679783693182499,5.744312735211882,5.679886139398537,15.030569875657513,15.046261722998185,15.030658553772568,128.9314081276485,128.55840615062917,128.9612753432528,57.13023810896502,55.75838783190538,57.332996936734254,32.72680527021509,34.970025481054904,28.49509077752569,27.075603532897652,29.310627054706973,22.797298773081263,37.11269952849692,37.41430495086181,37.702533643743365,8.240826843497666e-08,8.294134175760791e-08,8.181077940865185e-08
N0081,0.5,morning,False,False,True,1181.3056845729498,1208.146867854024,1193.1574255886421,1040.672270792907,1067.0546291422818,1052.4954550926493,1040.6722708467087,1068.5836875887767,1052.495455145148,588.9717337203323,618.1286088577482,597.5950559703512,535.9646595051842,555.4711951555693,535.025971321003,126.47170649966198,126.82004236628141,129.01584685789965,18.74614603919073,18.78357318198243,18.72303923358023,195.68854326055717,190.35391843487065,193.39712762684755,195.69458594684238,190.35954703150347,193.39712810242094,127.49212111052658,122.61234648258018,125.12183744765385,128.8532174610953,123.94069797322226,126.46587519402279,12.793096060618891,12.865535388017824,15.644572014044732,5.679782542743939,5.744312855042981,5.679886416149262,15.030569792177765,15.046263056830275,15.030659954422735,128.93146340707926,128.55838948903596,128.9613012251487,57.130293590680246,55.7583449401293,57.33297865494686,32.72680933421021,34.97001968089693,28.495090720561144,27.075608306198678,29.310621025979604,22.79729849153188,37.112730979318506,37.41427914830504,37.702510730135046,8.233769176497608e-08,8.308684853357332e-08,8.175284106890238e-08
N0082,0.75,afternoon,False,True,True,1072.1579617567372,1112.1400584424082,1090.629322521102,931.1493113813135,970.2881407950803,949.5415054232162,931.1493114401704,972.5591156531351,949.5415054797736,495.96832446769344,539.1454528971029,509.39260670918225,450.27295428455074,479.50080441426275,449.80063551732786,121.53848453522812,122.0589891151374,125.37880975791624,27.735926684876393,27.811739734241193,27.694114354782553,189.0321401119759,180.08577420471988,184.9956368510359,191.6918950823976,183.87345934883595,188.4375296530715,123.53343353133413,116.4585769495319,120.17064211401294,125.52713267361533,118.37303258666633,122.12403935750734,18.93222275274831,19.01642110211028,23.149582994303664,8.407193924964465,8.475420872698562,8.408104331878574,22.266936718139995,22.298452923589764,22.26787640918139,123.36351184852325,122.83589747808223,123.4642114901954,52.06011082330088,50.23647502718942,52.46814859896398,48.388774973337355,51.68482900751967,42.10459575900456,40.02104796336548,43.300011345255086,33.69345756690138,45.13482400198014,46.246255241058186,45.920968530819536,8.049464615204185e-08,8.097416857322867e-08,7.977331790545058e-08
N0083,0.5,morning,False,False,True,1181.3064144438222,1208.1442251107899,1193.1584635166423,1040.6730556864054,1067.0519591371772,1052.496584577792,1040.673055740218,1068.5810174492533,1052.496584630717,588.9725750283615,618.126536054014,597.5959734463568,535.9654975499171,555.4692352234532,535.0268384293057,126.47185300524649,126.81970048984492,129.01599353903717,18.7461444136529,18.783575605634102,18.72303686719713,195.68885307243534,190.35323946316868,193.39743631688154,195.69489574554038,190.35886805963347,193.3974367925378,127.49233783862095,122.61189000991806,125.12204395354331,128.8534349399967,123.94023883794436,126.4660832500148,12.793093483136456,12.86553897917889,15.644574883899041,5.679780997720786,5.7443153207836115,5.679886312204608,15.030566156327774,15.046263756937094,15.03065792238049,128.93143934395815,128.558224602118,128.96135774795957,57.13037147554847,55.75816965947921,57.33305533000809,32.726812086386694,34.97000311092037,28.495099856308574,27.075612288740437,29.310602893130227,22.797307979689844,37.112812021168565,37.41414516780967,37.70258050598072,8.228458700227886e-08,8.30628831084948e-08,8.186871813048347e-08
N0084,0.5,morning,False,False,True,1181.3056894331255,1208.1468604771135,1193.157427681964,1040.6722757548885,1067.0546215415288,1052.4954573085927,1040.6722758095054,1068.5836799878523,1052.4954573614134,588.9717380098019,618.1286027459217,597.5950574375418,535.9646636609606,555.4711893475304,535.0259726409315,126.47170723041495,126.82004137799957,129.0158470728972,18.746146031081665,18.783573191784996,18.723039230724904,195.6885447750038,190.35391642745773,193.39712806972287,195.69458746125392,190.35954502418662,193.39712854534292,127.49212215159687,122.6123451320473,125.12183773167405,128.85321850677468,123.94069661442461,126.46587548114935,12.793096049151279,12.865535394883597,15.644572021383134,5.679782535663439,5.74431286071662,5.679886417018892,15.030569784496782,15.046263062942597,15.030659955404388,128.93146357347814,128.55838908572875,128.96130144112834,57.13029397436648,55.75834443153592,57.33297876612558,32.72680935667327,34.970019625637654,28.49509074073599,27.075608333471997,29.310620966507766,22.797298511428927,37.1127312970895,37.41427871691952,37.702510844366614,8.214926831656129e-08,8.296347712599018e-08,8.182773678518977e-08
N0085,0.2,overnight,False,False,True,1294.6702211763263,1305.7883494559712,1299.0339142832738,1153.323997208821,1164.3633489285317,1157.6971082523346,1153.3239972448466,1165.0238416677612,1157.6971082879952,678.9518799896349,691.7523648375067,682.1460273057485,616.4514849045956,624.9178875402399,615.2585554328348,131.8052945004826,131.9392017615061,132.7943487047645,7.828651530794346,7.836037934974139,7.824184070466137,198.89857060789993,196.67862064812496,197.8996325948244,198.90600414494247,196.68588910973037,197.8996329357486,131.25266937117573,129.20447534948622,130.22771209124332,131.8181650374971,129.76711694362695,130.79062203741913,5.0958103515634114,5.161118882216302,6.238358458162712,2.2593392125703295,2.3222216455618487,2.2601693433680663,6.264234438942185,6.267370413746974,6.26436360795341,135.39400021651943,135.2348440940005,135.3803082841516,63.396039035912096,62.781109954682414,63.43396418094314,13.021272888242883,13.971225886005874,11.370905049934821,10.793885670975897,11.741698844159025,9.091587420668354,50.565497896364455,50.330175565017925,50.36467880077884,8.559359348987692e-08,8.59356602070563e-08,8.515971764736368e-08
N0086,0.5,morning,False,False,True,1181.3046703164048,1208.147153354343,1193.1579536561374,1040.6712514337892,1067.0549587258877,1052.4960197584676,1040.6712514879698,1068.5840169855555,1052.496019811148,588.9709737974393,618.1288952276159,597.5956104290335,535.9639421921621,555.4714682067874,535.0265175970852,126.47157905040453,126.8200844757115,129.015943210191,18.746146995597574,18.783573076847787,18.723038444918778,195.68828472467982,190.3540151096478,193.397332721914,195.69432741060908,190.35964370874052,193.397333197549,127.4919468479365,122.61241076510491,125.12197927070036,128.85304217160447,123.94076277852035,126.46601762894478,12.793097694064773,12.8655364745601,15.644571659806006,5.67978365253916,5.74431322606211,5.6798856627253445,15.030569802989003,15.046262365370396,15.030658063339319,128.93139157955238,128.5584002220363,128.9612994577422,57.13022691543249,55.75836650372548,57.33302894072842,32.72680325298918,34.970024555710715,28.4950928535277,27.0756015293085,29.310625753002284,22.797301231857865,37.112686056296724,37.414294066857686,37.70255702024041,8.228487877074254e-08,8.295897452220113e-08,8.187432559748738e-08
N0087,0.2,overnight,False,False,True,1294.6702216043122,1305.7883492269168,1299.0339140859496,1153.323997641035,1164.3633486942201,1157.6971080511469,1153.3239976778966,1165.0238414329117,1157.6971080874382,678.9518803315525,691.752364668405,682.1460271310316,616.4514852298068,624.9178873831991,615.2585552632456,131.8052945554711,131.93920173445812,132.794348676211,7.828651530760063,7.836037935089976,7.824184070477801,198.89857071696636,196.6786205966257,197.89963253711466,198.90600425400874,196.6858890582447,197.89963287803545,131.25266944489647,129.20447531531923,130.2277120515354,131.8181651111913,129.7671169094558,130.79062199786048,5.095810351550383,5.1611188822963125,6.2383584581324625,2.2593392125414913,2.32222164562349,2.2601693433181667,6.264234438840155,6.267370413703305,6.2643636080748895,135.39400024176615,135.23484407535176,135.38030827727766,63.39603906365405,62.78110994134848,63.433964166452306,13.021272888457256,13.971225885522385,11.37090505016778,10.79388567115632,11.74169884359392,9.09158742086678,50.56549793056626,50.330175549106556,50.36467878257924,8.556619152701097e-08,8.603730144057139e-08,8.519440364025532e-08
N0088,0.75,afternoon,False,True,True,1072.15795867248,1112.1400526084121,1090.629323603819,931.14930845141,970.2881355232945,949.5415069981028,931.1493085105869,972.5591103754265,949.5415070552103,495.96832254501857,539.1454493744675,509.3926090070926,450.27295250838375,479.50080114464066,449.8006378756635,121.53848416099135,122.05898854372188,125.37880999849877,27.73592667973229,27.81173968523596,27.694114335581354,189.0321393904707,180.0857733625449,184.9956375063251,191.69189433646412,183.87345846085194,188.43753034078733,123.53343303657033,116.45857636598102,120.17064259485436,125.52713217370886,118.37303199674842,122.12403984256183,18.93222275668032,19.016421090680318,23.149582980010823,8.407193928431676,8.475420868541734,8.408104320406256,22.26693670430745,22.298452898508234,22.267876380451053,123.36351154765984,122.83589698296663,123.46421127587895,52.060110645526436,50.23647476434039,52.46814873876609,48.38877493459108,51.68482894203211,42.10459576568591,40.02104792464722,43.30001128716167,33.693457582170154,45.13482332595008,46.246255363287254,45.920969082212395,8.04789326905103e-08,8.124391614108127e-08,7.970463235954476e-08
N0089,0.5,morning,False,False,True,1181.306414447057,1208.1442251058565,1193.1584635160575,1040.673055687565,1067.0519591354273,1052.4965845779354,1040.6730557413048,1068.5810174484172,1052.4965846307532,588.9725750287321,618.1265360536925,597.5959734463031,535.9654975503207,555.469235223115,535.0268384292636,126.47185300537551,126.81970048952687,129.01599353903717,18.746144413235125,18.783575604645037,18.7230368673612,195.68885307257003,190.3532394630954,193.3974363168886,195.6948957456814,190.3588680595795,193.39743679253053,127.49233783866671,122.61189000984027,125.12204395342737,128.8534349400875,123.9402388378772,126.46608324998095,12.793093483140757,12.865538979181112,15.644574883921093,5.679780997735283,5.7443153207867,5.6798863122075245,15.030566156329963,15.046263756935673,15.03065792237737,128.93143934441517,128.55822460163628,128.96135774778637,57.130371475572204,55.75816965945283,57.333055329954846,32.72681208634785,34.9700031109342,28.495099856308574,27.075612288700686,29.310602893125743,22.797307979679434,37.11281202132339,37.41414516778138,37.7025805059397,8.233906253695541e-08,8.298836689598381e-08,8.157902835028766e-08
N0090,0.2,overnight,False,False,True,1294.6702209042128,1305.7883504552944,1299.0339135634838,1153.3239969346992,1164.3633499403054,1157.6971075210424,1153.3239969704784,1165.02384267936,1157.697107557816,678.9518797297193,691.7523656459064,682.1460267616501,616.4514846491173,624.9178883101338,615.2585549231095,131.80529445790262,131.93920189112228,132.79434861840423,7.828651531273518,7.836037934587229,7.824184070311753,198.89857052077028,196.67862090701365,197.89963242555183,198.90600405783803,196.68588936863824,197.89963276653992,131.25266931078383,129.20447552471825,130.22771197830556,131.81816497722156,129.76711711882987,130.7906219242648,5.095810351335496,5.1611188822222,6.238358458236621,2.259339212395351,2.32222164555833,2.260169343582347,6.26423443921158,6.26737041346552,6.264363607965796,135.39400021438755,135.23484414861613,135.38030823247016,63.396039014175784,62.781110020545555,63.43396413745685,13.02127288896919,13.971225886225747,11.370905049341447,10.793885671806436,11.741698844378996,9.091587419840092,50.565497867415154,50.33017564596132,50.36467874711867,8.560994535298184e-08,8.59413112380498e-08,8.511942517960247e-08
N0091,0.75,afternoon,False,True,True,1072.1579586738706,1112.1400526097864,1090.6293236011427,931.1493084514728,970.288135523133,949.5415069979662,931.1493085100595,972.5591103753677,949.5415070554484,495.9683225445658,539.145449375468,509.3926090072359,450.27295250794356,479.5008011455672,449.80063787575926,121.53848416098712,122.05898854373699,125.37880999855021,27.73592667964056,27.811739684363474,27.694114335138703,189.0321393903068,180.0857733628053,184.9956375063501,191.69189433630999,183.87345846122375,188.43753034087212,123.53343303655905,116.4585763662182,120.17064259486237,125.52713217359182,118.37303199696449,122.12403984256375,18.932222756710022,19.01642109068945,23.14958298001389,8.407193928397836,8.475420868518162,8.40810432038999,22.266936704305934,22.298452898515418,22.2678763804543,123.36351154807922,122.83589698225367,123.4642112761062,52.06011064548478,50.23647476443542,52.46814873876155,48.3887749345312,51.68482894203871,42.10459576567272,40.02104792465866,43.30001128716954,33.6934575821803,45.134823325869284,46.24625536331111,45.92096908219771,8.042196787209953e-08,8.120268205787392e-08,7.96516703106956e-08
N0092,0.5,morning,False,False,True,1181.3064144475422,1208.1442251065484,1193.1584635194279,1040.673055688034,1067.0519591367463,1052.4965845797594,1040.6730557412614,1068.5810174496255,1052.4965846320458,588.9725750286619,618.1265360544442,597.5959734467185,535.9654975501746,555.4692352237636,535.0268384297075,126.47185300527121,126.8197004896508,129.01599353915017,18.74614441343244,18.783575604807066,18.723036867129824,195.68885307250991,190.35323946327412,193.39743631702893,195.69489574564875,190.35886805974667,193.39743679269174,127.49233783862846,122.61189001002295,125.1220439536233,128.85343494006526,123.94023883800047,126.4660832500874,12.793093483115726,12.865538979180599,15.644574883928632,5.679780997717545,5.744315320778184,5.679886312220856,15.030566156324468,15.046263756947887,15.030657922388457,128.9314393442902,128.55822460195327,128.96135774847494,57.13037147555373,55.7581696595424,57.33305533001699,32.72681208637656,34.9700031109506,28.49509985631443,27.075612288728916,29.310602893163015,22.79730797968235,37.11281202130982,37.414145167803916,37.70258050600796,8.240162536884382e-08,8.303938731704972e-08,8.176411295018394e-08
N0093,0.5,morning,False,False,True,1181.3056894316533,1208.1468604742622,1193.1574276786994,1040.6722757557704,1067.0546215412871,1052.4954573074747,1040.6722758093028,1068.5836799879407,1052.4954573599957,588.9717380097989,618.1286027457938,597.5950574363815,535.9646636609388,555.4711893474943,535.0259726399149,126.47170723052707,126.82004137799866,129.0158470727842,18.746146030650625,18.783573191257958,18.723039230654443,195.68854477499426,190.3539164274655,193.39712806940463,195.6945874612578,190.35954502415063,193.39712854503097,127.49212215158799,122.61234513206799,125.12183773145021,128.85321850672986,123.9406966144235,126.4658754809322,12.793096049162262,12.865535394895478,15.644572021372694,5.679782535682217,5.74431286069522,5.679886417020141,15.03056978448979,15.046263062946245,15.030659955396255,128.93146357330926,128.55838908574165,128.96130144122253,57.130293974336375,55.7583444315119,57.332978766015,32.72680935667237,34.97001962562848,28.4950907407477,27.075608333460867,29.31062096650276,22.797298511365195,37.11273129703068,37.41427871684647,37.70251084420286,8.232370410165494e-08,8.283557826982023e-08,8.193790520365294e-08
N0094,0.75,afternoon,False,True,True,1072.1579617599148,1112.1400584410567,1090.6293225227355,931.1493113835287,970.2881407947203,949.5415054237254,931.1493114423454,972.5591156534955,949.541505481368,495.96832446887475,539.1454528975086,509.39260670946874,450.272954285626,479.50080441462325,449.8006355175609,121.53848453562001,122.05898911522344,125.3788097580269,27.73592668517914,27.81173973394871,27.6941143546471,189.03214011233484,180.08577420487683,184.99563685113037,191.69189508282045,183.87345934905235,188.43752965315642,123.53343353153602,116.45857694954917,120.17064211412082,125.52713267385761,118.37303258678087,122.12403935759608,18.932222752726634,19.016421102117228,23.149582994333123,8.407193924975784,8.475420872731199,8.408104331887845,22.266936718148816,22.298452923598337,22.26787640918302,123.36351184918196,122.83589747799559,123.46421149082032,52.06011082343526,50.236475027186316,52.468148598993125,48.388774973357485,51.684829007547506,42.10459575898738,40.02104796341844,43.3000113453523,33.69345756691458,45.13482400181897,46.24625524106947,45.92096853073505,8.019515065250691e-08,8.107416215630099e-08,7.971247480915603e-08
N0095,0.75,afternoon,False,True,True,1072.157745827558,1112.1372881619307,1090.6282327889364,931.1493182719817,970.2854757131416,949.5407152411397,931.1493183297172,972.5564486010348,949.5407152985644,495.96880971155053,539.1435813956392,509.39237893850225,450.2734844172116,479.49906760722723,449.80047181523423,121.53855092970174,122.05865407285309,125.37871143944913,27.735915910408348,27.811730249522782,27.694097834594665,189.03235555453836,180.0851641801796,184.9955779726698,191.69212622312463,183.87282568977963,188.43746862176394,123.53360218222532,116.45815686074204,120.17060745848858,125.52730238286664,118.37260791692154,122.12400410262794,18.932212330186633,19.016423488702152,23.14957743832719,8.407188269233112,8.47542324255451,8.40810167641487,22.26692201416506,22.298445422328676,22.267863819221382,123.36336427515306,122.83567332349338,123.46405259153465,52.060154596923965,50.23631319672958,52.46811232540669,48.388772809463845,51.68479499273819,42.10458564533376,40.02105054423008,43.299977162264504,33.69345068013029,45.13484229057126,46.24628346518756,45.920937150748,8.038961221354848e-08,8.13615477307018e-08,7.953537471583671e-08
N0096,0.2,overnight,False,False,True,1294.5550928524665,1305.994190363373,1299.1315613109869,1153.2066108212557,1164.5682213568155,1157.7911302960213,1153.2066108568292,1165.228803992664,1157.7911303324101,678.840709340134,691.9591503511107,682.2450837602271,616.3426929037482,625.1246713639167,615.3576047871845,131.7975499456684,131.9346067257705,132.78317693056812,7.835440909692845,7.526659720929769,7.680945548931278,198.88542527461033,196.6718910083133,197.8819921098061,198.89285938673927,196.6791598088562,197.88199245075032,131.24387096713198,129.19996174409462,130.21588252427492,131.8093999717607,129.76262451103756,130.77884229607744,5.096039752671462,5.161325036493022,6.238903030165659,2.2594381838102304,2.322315754589498,2.2603702355720743,6.26424272445296,6.2674139200274075,6.264512174051809,135.38886330509902,135.2327807903148,135.3736028972416,63.39206984219408,62.77870760628196,63.42812469900786,13.021933076667064,13.971760005758977,11.371887643496219,10.794446770709905,11.742141031139912,9.09236659209254,50.44304113999083,50.32828124525903,50.54695275835681,8.56176039676512e-08,8.60599531504748e-08,8.502744711075638e-08
N0097,0.2,overnight,False,False,True,1294.5540904017066,1305.9944614305869,1299.1320418144842,1153.2055768839637,1164.5684795187417,1157.7916025436573,1153.205576920257,1165.2290623364383,1157.7916025808477,678.8398389063998,691.9592529769121,682.2454297331652,616.3418557521911,625.1247483342934,615.3579290332302,131.79740857542185,131.934620445214,132.78323231526485,7.83544130605603,7.526659646567349,7.680945824281396,198.88513694946988,196.6719080667418,197.88209633956262,198.89257106672963,196.6791768768781,197.8820966805255,131.2436747051488,129.1999697728395,130.2159523989734,131.80920372142208,129.76263272770433,130.77891211017626,5.096039858759662,5.161324793318105,6.238903100032334,2.259438266378547,2.3223155919235925,2.2603703277162297,6.264243178697983,6.26741433608012,6.264512085606197,135.3888209731857,135.23282740467315,135.37363876708062,63.39199820078278,62.77871402671332,63.42815270662369,13.021932623756612,13.971761126313913,11.371887412530166,10.79444622946067,11.742142298000646,9.09236627598114,50.44295735098847,50.32828743613813,50.54698870319111,8.562657671636051e-08,8.592433523492293e-08,8.487187959557836e-08
N0098,0.75,afternoon,False,True,True,1072.1579602632958,1112.1400650467103,1090.6293221299006,931.1493097666197,970.2881472454031,949.541504621459,931.1493098249721,972.5591221056713,949.541504679306,495.9683227377951,539.1454577978919,509.392605541328,450.27295254733315,479.5008090477655,449.80063433613674,121.53848431782005,122.05898990638575,125.37880962141087,27.735926674710477,27.81173975886018,27.694114383417375,189.03213969540087,180.08577561484353,184.9956364211781,191.69189463166012,183.87346082419083,188.4375292071909,123.53343321432031,116.45857793318689,120.17064180639605,125.52713235436215,118.37303358056795,122.12403904698232,18.932222757151933,19.01642109894772,23.149583005698545,8.407193927906107,8.475420868411804,8.408104340654685,22.26693672997305,22.298452930607414,22.267876429111013,123.36351190224492,122.83589791298672,123.46421158761584,52.060110702792876,50.23647541423029,52.4681485134657,48.388774960975745,51.68482908531687,42.104595756786956,40.021047948985434,43.30001142326755,33.693457557242986,45.13482414028128,46.24625562509989,45.92096799352126,8.044006667997858e-08,8.136081897647448e-08,7.970981823920256e-08
N0099,1.0,peak,True,True,True,969.7630074466408,1021.6198561227599,995.8823077578776,828.5113866756429,878.86473513058,854.4596893744016,828.5113867425033,881.8221426556623,854.4596894395742,409.08964307800574,463.32419586253206,427.95794039643215,369.4053746763957,406.40358167986386,371.27637971027906,117.57793086027917,118.28246228541663,122.79351494817462,36.663755224823696,36.781036340263476,36.604990736356996,184.85023645020485,173.05814130672766,179.75083810105946,189.37499359567957,179.150182246221,185.33366901960022,120.72695826376902,111.58856225806466,116.52536896099548,123.33916495648533,114.05061265110935,119.06338606632693,24.986925200582736,25.081996375978544,30.550712018408127,11.097339863735575,11.168899781761493,11.099323768344275,29.44752792655349,29.49556563518612,29.44933266241498,118.73347813117648,118.0808451857773,118.97051897321458,47.81884074819132,45.76912287563305,48.53443388560908,63.8593611013498,68.18870950327474,55.54592858226588,52.80640655592102,57.10916474395943,44.45308258257759,76.08816451023655,78.7907273261543,77.77533011195085,7.80104233989691e-08,7.891954958262406e-08,7.718476306824104e-08
N0100,0.75,afternoon,False,True,True,1072.1575896974098,1112.1346654138197,1090.627082847462,931.1493802110558,970.2829537345721,949.5398510002555,931.1493802702086,972.5539247283045,949.539851058455,495.9693193717062,539.1418169661872,509.39207659590346,450.2740350721076,479.4974316994556,449.80023537956777,121.53862104341695,122.0583390499164,125.37860185065591,27.735905227779394,27.811721148033392,27.69408203756558,189.03257691072093,180.0845906469164,184.99549302001768,191.69236320113458,183.8722303839391,188.43738024716012,123.53377432443334,116.45776257617949,120.17055408722861,125.52747563783517,118.37220930451134,122.12394995819274,18.932202154088934,19.016425510930734,23.14957210726595,8.407182723474376,8.475425367054585,8.408099303375044,22.266907783160296,22.29843806606549,22.267851894490057,123.36322576544002,122.8354590425526,123.46389439693795,52.06020016450293,50.236161183164654,52.4680696690976,48.388771318303014,51.68476261422222,42.104575025318894,40.021053689560475,43.2999447166787,33.693443038538895,45.13485749231645,46.24631046743842,45.92090915347241,8.034470224133963e-08,8.114271632112847e-08,7.972069898842262e-08
N0101,0.5,morning,False,False,True,1181.3064144486675,1208.1442251140334,1193.1584635148329,1040.6730556877799,1067.0519591415102,1052.4965845755835,1040.6730557422509,1068.5810174536218,1052.4965846289006,588.9725750286864,618.1265360575508,597.5959734441935,535.9654975501444,555.4692352267695,535.0268384272276,126.47185300517351,126.81970049014741,129.01599353852916,18.746144413665036,18.78357560524072,18.723036867307563,195.68885307246597,190.35323946439306,193.39743631613865,195.69489574562095,190.35886806081922,193.39743679177354,127.49233783867062,122.61189001068755,125.12204395301167,128.8534349400057,123.94023883875472,126.46608324946246,12.793093483148423,12.865538979173364,15.644574883934437,5.679780997735735,5.744315320767546,5.679886312223772,15.030566156343252,15.04626375694398,15.030657922390349,128.93143934463524,128.5582246021643,128.96135774829813,57.13037147555948,55.758169659780236,57.333055329798256,32.72681208641233,34.97000311096117,28.4950998562891,27.07561228877459,29.310602893183408,22.797307979655695,37.11281202123333,37.41414516800284,37.70258050572147,8.230450047953295e-08,8.30638161736193e-08,8.193226073522208e-08
N0102,0.75,afternoon,False,True,True,1072.1579617549116,1112.1400584426535,1090.6293225217878,931.1493113815641,970.2881407949616,949.5415054233638,931.149311440547,972.5591156535237,949.541505480931,495.968324467791,539.1454528974656,509.3926067095001,450.272954284551,479.5008044146234,449.8006355176302,121.53848453537991,122.0589891150398,125.37880975830741,27.73592668505293,27.81173973399413,27.694114354569685,189.032140111951,180.0857742048747,184.99563685112386,191.69189508236732,183.873459349034,188.43752965321275,123.53343353134244,116.45857694966045,120.17064211412082,125.52713267357065,118.37303258677889,122.12403935757946,18.932222752708597,19.016421102108016,23.149582994303664,8.407193924957605,8.475420872699432,8.408104331874672,22.26693671813539,22.29845292359241,22.26787640917486,123.36351184869989,122.83589747823966,123.46421149039688,52.06011082329077,50.23647502717948,52.46814859900935,48.38877497330919,51.68482900750763,42.10459575898124,40.021047963351315,43.30001134530495,33.693457566945014,45.134824001989195,46.24625524108571,45.92096853074974,8.041624431932905e-08,8.117554493960793e-08,7.965432881995413e-08
N0103,0.2,overnight,False,False,True,1294.5550928532623,1305.9941903643037,1299.1315613091526,1153.20661082194,1164.5682213555938,1157.791130295997,1153.206610857986,1165.2288039920363,1157.791130330762,678.8407093409008,691.9591503514937,682.2450837588201,616.3426929045064,625.124671364249,615.3576047858996,131.79754994557226,131.9346067258543,132.7831769302844,7.835440909814249,7.526659720953787,7.680945549321065,198.8854252748616,196.6718910084191,197.8819921093743,198.89285938694226,196.6791598089529,197.88199245032627,131.24387096727952,129.19996174417244,130.21588252404607,131.8093999719081,129.76262451110856,130.77884229577296,5.096039752694137,5.161325036492929,6.238903030174103,2.2594381838073003,2.3223157545593724,2.260370235566901,6.264242724450674,6.267413920024952,6.264512174054186,135.38886330549488,135.2327807901551,135.37360289743907,63.39206984225196,62.77870760626526,63.428124698901925,13.021933076682839,13.971760005738002,11.37188764349605,10.794446770716883,11.742141031110584,9.092366592087114,50.44304113996531,50.328281245310166,50.54695275819001,8.55385851375135e-08,8.606552105423557e-08,8.492944546090987e-08
N0104,0.5,morning,False,False,True,1181.30485589327,1208.147411248144,1193.1575139468787,1040.6714464346553,1067.0552237264865,1052.4955653695972,1040.6714464875529,1068.5842818851484,1052.4955654224934,588.9711100796757,618.1291339077194,597.5952463399851,535.9640684342568,555.4717006487068,535.026172160947,126.47160023748957,126.8201254337243,129.01588197851174,18.746151232572547,18.783575885055807,18.723031703247052,195.68832865234575,190.35409873584405,193.39720814085496,195.69437133971797,190.35972733280113,193.3972086164303,127.49197573052203,122.61246823817721,125.12189508340421,128.8530713041158,123.94082049633427,126.46593294638866,12.793097934337492,12.865535625425652,15.64457175522275,5.679783693371909,5.744312735156231,5.679886139290222,15.030569875885972,15.046261722952593,15.030658553655627,128.93140811934632,128.55840616075272,128.96127534338615,57.130238095693635,55.75838784127657,57.33299694108855,32.726805269126,34.97002548231166,28.495090777506682,27.075603531732295,29.310627056094532,22.797298773172514,37.11269951699175,37.41430495862885,37.70253364739777,8.231914391533312e-08,8.315642905348267e-08,8.181077940865185e-08
N0105,0.5,morning,False,False,True,1181.305684571732,1208.146867850213,1193.1574255905998,1040.6722707928232,1067.0546291420978,1052.4954550917803,1040.672270846447,1068.5836875881764,1052.4954551444744,588.9717337200826,618.1286088575243,597.5950559698945,535.9646595049609,555.4711951553592,535.0259713206107,126.47170649969455,126.82004236611222,129.01584685795567,18.74614603902983,18.783573181827325,18.723039233597056,195.68854326046596,190.35391843478058,193.39712762672707,195.6945859467639,190.35954703147775,193.39712810235727,127.49212111051256,122.61234648251595,125.12183744761788,128.85321746099845,123.94069797317563,126.46587519395507,12.79309606062733,12.865535388003066,15.644572014031388,5.679782542743939,5.744312855002427,5.679886416165511,15.03056979217817,15.046263056837063,15.030659954421006,128.9314634071747,128.5583894890069,128.96130122512295,57.130293590644065,55.75834494013266,57.332978654887114,32.726809334223816,34.97001968092961,28.495090720586177,27.07560830619537,29.31062102599556,22.797298491559804,37.11273097922063,37.41427914831737,37.70251073011453,8.242067717703485e-08,8.302133834085751e-08,8.181639084661408e-08
N0106,0.5,morning,False,False,True,1181.3056864982036,1208.1468664068157,1193.1574250192741,1040.6722727714985,1067.0546276465661,1052.4954545181283,1040.6722728247894,1068.5836860915988,1052.495454570993,588.9717353448985,618.128607714131,597.5950554131249,535.9646610640181,555.4711940824074,535.0259707697328,126.47170677099074,126.82004218726787,129.015846755943,18.74614603584375,18.783573183059993,18.72303923547013,195.6885438222211,190.35391807182614,193.39712741919638,195.69458650856578,190.35954666852942,193.39712789485554,127.49212149306683,122.61234624134805,125.12183730271745,128.85321784567773,123.9406977302823,126.46587504867708,12.793096057729002,12.865535387951544,15.644572016259618,5.6797825406853,5.744312855447199,5.679886417603213,15.030569790021374,15.046263057246229,15.03065995599334,128.93146349998173,128.55838939008933,128.9613012255813,57.13029373298633,55.75834484841514,57.33297860149673,32.726809346006526,34.97001966757467,28.495090720689568,27.075608319421228,29.310621012269316,22.797298490646234,37.11273109378076,37.41427906840713,37.70251069605691,8.231113852102253e-08,8.291930837772916e-08,8.1694903112048e-08
N0107,0.75,afternoon,False,True,True,1072.1579617572736,1112.1400584398093,1090.6293225202144,931.1493113835554,970.2881407935363,949.5415054234172,931.149311442018,972.5591156523715,949.5415054807173,495.9683244688182,539.1454528965238,509.3926067092672,450.2729542855289,479.50080441376315,449.8006355173793,121.5384845354961,122.05898911487269,125.37880975814014,27.735926685023998,27.811739734294683,27.69411435422137,189.03214011225265,180.08577420452596,184.99563685106583,191.69189508271384,183.8734593487638,188.43752965312135,123.53343353151013,116.45857694934057,120.17064211400893,125.52713267382454,118.3730325865796,122.12403935753609,18.932222752713674,19.0164211021056,23.14958299431686,8.407193924953436,8.475420872716693,8.408104331914194,22.266936718145544,22.29845292358824,22.26787640918301,123.36351184885088,122.83589747795801,123.46421149091515,52.060110823405594,50.23647502710652,52.468148598976896,48.38877497334803,51.684829007435916,42.104595758997505,40.02104796341883,43.30001134532411,33.693457566926824,45.13482400199325,46.24625524113698,45.92096853069221,8.038961221354848e-08,8.110383844524552e-08,7.971247480915603e-08
N0108,0.5,morning,False,False,True,1181.3064144468703,1208.1442251064161,1193.1584635171907,1040.6730556871455,1067.0519591360414,1052.496584578448,1040.673055740288,1068.5810174487742,1052.4965846321825,588.9725750279209,618.1265360540443,597.5959734470598,535.9654975495694,555.4692352233565,535.0268384299773,126.47185300533262,126.8197004898209,129.01599353937524,18.74614441304995,18.783575605341362,18.7230368673612,195.68885307229147,190.3532394631494,193.3974363171038,195.69489574542413,190.35886805962832,193.39743679272826,127.4923378385681,122.61189000991163,125.12204395356324,128.85343493993454,123.94023883792626,126.4660832501246,12.793093483158001,12.865538979200945,15.644574883943147,5.679780997725061,5.7443153207896325,5.679886312194192,15.030566156339859,15.046263756941038,15.030657922385503,128.93143934426394,128.55822460190134,128.96135774817196,57.13037147550812,55.758169659464336,57.33305533007023,32.72681208639171,34.97000311091948,28.49509985631443,27.0756122886928,29.310602893132838,22.79730797968527,37.11281202124186,37.4141451677271,37.70258050600796,8.244148536845617e-08,8.303938731704972e-08,8.170052250874368e-08
N0109,1.0,peak,True,True,True,969.7630228285899,1021.6198659706405,995.8822901783014,828.5114020697171,878.8647436703304,854.4596721099007,828.5114021362936,881.8221512420806,854.4596721750297,409.0896569883927,463.32420004155875,427.95792670383304,369.405388433418,406.4035851887329,371.27636675358406,117.57793172730187,118.28246388917991,122.79351300163202,36.663755183958884,36.78103645460123,36.6049907547139,184.85023807648247,173.0581436634753,179.7508347994547,189.37499523344593,179.15018466804165,185.33366569518307,120.72695936896518,111.58856380858599,116.52536676658994,123.33916607910282,114.05061422776386,119.06338383569044,24.98692512820136,25.08199649619331,30.550711950737075,11.09733982213317,11.168899834687105,11.099323769482751,29.44752790111469,29.49556570611353,29.449332699032205,118.73347850932304,118.0808462613592,118.9705183842209,47.81884118704343,45.76912357282195,48.534432951075715,63.859361186477145,68.18870983841448,55.5459283348814,52.80640667158536,57.10916503464957,44.453082331318505,76.08816281988557,78.7907199419015,77.7753390674326,7.80156296102444e-08,7.886611301153753e-08,7.718601410496905e-08
N0110,0.5,morning,False,False,True,1181.3066664233802,1208.146726874934,1193.1566543797944,1040.673289610566,1067.05448028377,1052.4946692207036,1040.6732896644492,1068.5835385912992,1052.494669273593,588.9725516703799,618.12855013427,597.5943957269789,535.9654406085598,555.47115314423,535.0253373015397,126.47184094223896,126.82003642784504,129.01573422463724,18.74614443681212,18.78357338588253,18.723041018308745,195.68882328644526,190.35390936855222,193.3969019140196,195.69486597255215,190.3595379605418,193.39690238957448,127.49231077697192,122.61234322260913,125.12168354144329,128.85340821614582,123.94069441816283,126.46572050392449,12.793095307291068,12.865534660436555,15.644572985045489,5.679781831732347,5.744312575662031,5.679887564898541,15.03056887710439,15.046262544017779,15.030661058064542,128.93151717594483,128.5583621774129,128.96126900701614,57.1303639087159,55.75834203309304,57.332919911868046,32.72681645187051,34.97001662726999,28.495088079617094,27.075615956503146,29.310618119760374,22.797295019578236,37.112794897339,37.4142756404154,37.70245728207313,8.235512690097322e-08,8.305793813450531e-08,8.175284106890238e-08
N0111,0.2,overnight,False,False,True,1294.6702207354174,1305.7883496118873,1299.0339145758376,1153.323996762709,1164.3633490830448,1157.697108546877,1153.3239967998313,1165.0238418227439,1157.6971085836694,678.9518796423591,691.7523649411891,682.1460275538669,616.4514845750588,624.917887634571,615.258555671565,131.80529444493047,131.9392017773595,132.7943487449362,7.828651530956993,7.836037934934552,7.82418406986301,198.898570497518,196.67862067848847,197.8996326755652,198.9060040345732,196.68588914002927,197.89963301648234,131.2526692968434,129.20447536912584,130.2277121462705,131.81816496312405,129.76711696338955,130.7906220924631,5.095810351635316,5.161118882077606,6.238358458218294,2.259339212580474,2.32222164547747,2.260169343425726,6.26423443902505,6.267370413815025,6.264363607815237,135.3940001900554,135.2348441086282,135.3803082968095,63.39603900778369,62.7811099626331,63.43396420138431,13.021272888006843,13.97122588640712,11.370905049860324,10.79388567067,11.741698844656112,9.091587420523686,50.56549786168167,50.33017557426375,50.364678826120794,8.552955866988206e-08,8.594978824277433e-08,8.506186838944872e-08
N0112,0.75,afternoon,False,True,True,1072.1579586739144,1112.1400526070713,1090.629323600135,931.149308453147,970.2881355239454,949.5415069986955,931.1493085120469,972.5591103759255,949.5415070558332,495.9683225454332,539.145449375058,509.3926090074016,450.27295250875164,479.5008011451932,449.80063787592746,121.53848416095504,122.05898854375353,125.37880999850134,27.735926679184036,27.8117396844587,27.694114334831507,189.03213939056843,180.08577336270866,184.9956375064292,191.6918943366025,183.87345846106277,188.43753034087212,123.53343303671622,116.45857636613515,120.17064259493036,125.52713217379494,118.37303199686626,122.12403984265373,18.932222756683725,19.016421090693687,23.149582980030154,8.407193928450607,8.475420868532378,8.408104320403165,22.266936704308463,22.298452898509755,22.26787638045104,123.36351154854606,122.83589698287376,123.46421127642215,52.060110645551134,50.236474764379246,52.46814873882873,48.38877493456757,51.68482894203124,42.104595765686824,40.02104792466437,43.300011287135334,33.6934575821935,45.13482332595845,46.24625536331282,45.92096908211322,8.026103666408104e-08,8.107717591540294e-08,7.98896064068906e-08
N0113,1.0,peak,True,True,True,969.7630074479619,1021.6198561227568,995.8823077559229,828.5113866772609,878.8647351298854,854.4596893746489,828.5113867436003,881.8221426555127,854.4596894388901,409.08964307844735,463.32419586234147,427.9579403961126,369.4053746768253,406.4035816796888,371.2763797099317,117.57793086033728,118.28246228602653,122.79351494822134,36.663755224693375,36.781036340182176,36.60499073605994,184.85023645038117,173.0581413066406,179.75083810094074,189.37499359579724,179.15018224610847,185.33366901946036,120.72695826387091,111.5885622581067,116.52536896097556,123.33916495660027,114.05061265104877,119.06338606627912,24.98692520054589,25.081996375989373,30.550712018408127,11.09733986374167,11.16889978177239,11.09932376835078,29.447527926544048,29.495565635178544,29.449332662421853,118.73347813133441,118.08084518533443,118.97051897287918,47.818840748251255,45.76912287562664,48.53443388559292,63.859361101339,68.18870950324798,55.54592858226247,52.80640655593296,57.109164743926755,44.453082582583995,76.08816451030687,78.7907273262684,77.77533011200885,7.79560933745506e-08,7.885461049167809e-08,7.712692986738312e-08
N0114,0.75,afternoon,False,True,True,1072.1575896989075,1112.1346654099175,1090.6270828479026,931.1493802117963,970.2829537330435,949.5398509997536,931.1493802698706,972.5539247282928,949.539851057375,495.9693193717064,539.141816966173,509.3920765954871,450.27403507215354,479.49743169949227,449.80023537915804,121.53862104325344,122.05833904980226,125.37860185025959,27.73590522774354,27.811721148274223,27.694082037618795,189.03257691071775,180.0845906469027,184.99549301987483,191.6923632011693,183.8722303839569,188.43738024701904,123.53377432438685,116.45776257631107,120.17055408708471,125.52747563783609,118.37220930450674,122.12394995808873,18.93220215408391,19.01642551094184,23.149572107269016,8.407182723494786,8.475425367056108,8.408099303368862,22.26690778315853,22.298438066061642,22.267851894473772,123.36322576534396,122.83545904274453,123.46389439691873,52.060200164518186,50.23616118317771,52.46806966907579,48.38877131832912,51.684762614212026,42.10457502533822,40.02105368955451,43.29994471667372,33.69344303852569,45.13485749233822,46.246310467367636,45.92090915344425,8.043644329526891e-08,8.112052560796405e-08,7.976796625483972e-08
N0115,1.0,peak,True,True,True,969.7630074425911,1021.6198561207333,995.8823077535583,828.5113866741108,878.86473512805,854.4596893733146,828.5113867408734,881.8221426532089,854.4596894385248,409.08964307674535,463.3241958615934,427.95794039591533,369.4053746751892,406.40358167903776,371.2763797098218,117.57793086004861,118.28246228561666,122.79351494815958,36.66375522432814,36.7810363403351,36.604990736310654,184.8502364498978,173.05814130635852,179.7508381008981,189.37499359536943,179.1501822457623,185.3336690194368,120.72695826353919,111.58856225783643,116.52536896092768,123.33916495628571,114.0506126508414,119.06338606621449,24.98692520059569,25.081996375987902,30.550712018408127,11.097339863721505,11.168899781746761,11.099323768373553,29.447527926532157,29.495565635150005,29.44933266240089,118.73347813082368,118.08084518519371,118.97051897271406,47.818840748104975,45.76912287554529,48.53443388554723,63.85936110127046,68.18870950321127,55.54592858223637,52.80640655586155,57.10916474391592,44.4530825825416,76.08816451046386,78.79072732630037,77.77533011161526,7.802190924211057e-08,7.894990165736038e-08,7.701051723507381e-08
N0116,0.5,morning,False,False,True,1181.3066664218977,1208.1467268713723,1193.156654380343,1040.673289611264,1067.054480281488,1052.4946692207704,1040.6732896647163,1068.5835385904727,1052.4946692746619,588.9725516707126,618.1285501335849,597.5943957281031,535.9654406087777,555.4711531435341,535.0253373024976,126.47184094251553,126.8200364278256,129.01573422452518,18.746144437356637,18.783573385091803,18.72304101798377,195.68882328653243,190.35390936832462,193.3969019143162,195.69486597264,190.35953796039007,193.3969023899355,127.49231077694623,122.61234322243784,125.12168354158713,128.85340821617962,123.94069441802252,126.46572050410586,12.793095307289004,12.865534660404252,15.644572985061737,5.679781831742612,5.744312575652984,5.679887564901457,15.030568877104935,15.046262544014608,15.030661058054848,128.93151717580068,128.55836217801684,128.96126900694236,57.130363908751164,55.7583420329876,57.33291991197212,32.72681645190594,34.97001662723467,28.495088079618707,27.075615956521503,29.310618119807675,22.797295019599055,37.11279489739252,37.414275640318834,37.70245728215484,8.241823323458436e-08,8.289923932971128e-08,8.159603388959688e-08
N0117,1.0,peak,True,True,True,969.7630228291346,1021.6198659703068,995.8822901799491,828.5114020694401,878.8647436727397,854.4596721113736,828.511402135621,881.8221512433366,854.4596721748268,409.0896569879689,463.3242000422661,427.9579267039583,369.4053884330696,406.403585189352,371.27636675369956,117.57793172727855,118.28246388944888,122.79351300197253,36.66375518414939,36.78103645488625,36.604990754760244,184.85023807640943,173.0581436636613,179.7508347994945,189.3749952333388,179.15018466822352,185.33366569519063,120.72695936882614,111.58856380875852,116.52536676658994,123.33916607900206,114.050614227916,119.06338383570073,24.986925128191473,25.081996496189188,30.550711950753346,11.097339822112906,11.16889983466531,11.099323769466482,29.447527901111503,29.495565706122377,29.449332699045492,118.73347850902006,118.08084626126143,118.97051838404028,47.818841187022024,45.76912357288446,48.53443295110491,63.85936118647859,68.18870983842035,55.54592833488462,52.80640667160208,57.10916503467607,44.453082331299036,76.08816281984485,78.79071994203927,77.77533906732788,7.782434601697673e-08,7.891332997712077e-08,7.706773438819012e-08
N0118,0.2,overnight,False,False,True,1294.5542327565581,1305.9949145127414,1299.1319043481324,1153.205753303687,1164.5689706921742,1157.791494125042,1153.2057533395268,1165.2295532721628,1157.791494160725,678.840080126154,691.9597647239624,682.2454691373025,616.3421029235176,625.1252582473924,615.3579905101861,131.7974493939977,131.93470588514631,132.78324139239012,7.835441566467654,7.526659890382494,7.680945976374073,198.8852318171319,196.6720929422966,197.88213029863346,198.89266592943764,196.67936174290588,197.88213063955172,131.24374162194567,129.2000984605467,130.2159791194504,131.80927060583136,129.76276130585867,130.7789387179459,5.096039764946865,5.16132481344831,6.23890312352022,2.2594382042178163,2.3223156009330665,2.2603703834946107,6.264242752484781,6.267413704671583,6.264511636741696,135.38879894151347,135.2328163051311,135.37359336893266,63.39201912775502,62.778757707448456,63.42815771568381,13.021932789476246,13.971760959168485,11.371887109746217,10.794446469991641,11.742142141992021,9.09236595049552,50.44298057427268,50.3283386498631,50.54699253240964,8.557577027890206e-08,8.60034459948732e-08,8.49870122005272e-08
N0119,0.2,overnight,False,False,True,1294.5540840215367,1305.9944674178248,1299.1320423585178,1153.2055704196844,1164.5684855869017,1157.7916030963684,1153.205570455508,1165.2290684055174,1157.7916031332022,678.8398336828407,691.9592575886068,682.2454304883397,616.3418507615451,625.1247526752236,615.3579298195162,131.79740773325344,131.93462118138928,132.78323244557726,7.835441309713949,7.526659644788398,7.680945828094126,198.88513527033942,196.6719095122754,197.8820966207017,198.89256938763927,196.67917832248725,197.88209696162554,131.24367356658848,129.19997074156439,130.2159526013325,131.80920258323695,129.76263369718356,130.77891231147038,5.096039858343652,5.161324791973305,6.23890310078005,2.2594382662072103,2.3223155909780435,2.260370328960452,6.264243180765552,6.267414335688818,6.264512083949462,135.38882063732612,135.23282780824115,135.37363870192266,63.39199777449452,62.778714397225784,63.42815277427525,13.021932623541135,13.971761133242948,11.371887408356672,10.794446229310285,11.742142305878847,9.09236627075671,50.4429568242688,50.32828788454073,50.546988793606374,8.552542761675356e-08,8.61191896851879e-08,8.50445798126549e-08
N0120,1.0,peak,True,True,True,970.140001515311,1026.7283350212113,992.1532706880337,828.8952058907304,883.8300711677607,850.4666507896675,828.8952059572235,886.8043793557271,850.4666508534667,409.45666081925066,468.2220674282921,423.5531967841788,369.77212881335464,411.2865381190107,366.75629483833393,117.5826167690564,118.15361636717702,122.57413048089398,36.65111260128608,36.79745202567404,36.60985961729324,184.84149313162445,172.84587229260802,179.40717865475133,189.36885944637058,178.9418438880769,184.97323035076678,120.72710353052952,111.45678945855327,116.28939054906712,123.33902632521307,113.91638100314502,118.82487531831838,24.97822801345878,25.09845455474362,30.556573994766723,11.092953164430488,11.17691056095224,11.100972772710056,29.440487400700302,29.502862481368314,29.454033044246582,118.73510106787275,118.02579977252421,118.8259352840361,47.83360634548074,45.72364589455928,48.42865358561801,63.85178627189298,68.21129508346617,55.55850589712798,52.80307020819655,57.12484069552959,44.46384890189472,75.81542664383717,71.61783596882808,70.72492455414114,7.783141649402509e-08,7.89708521063237e-08,7.718555319905992e-08
N0121,1.0,peak,True,True,True,970.1376002379743,1026.7271983136498,992.1531183683614,828.8929576014374,883.8291001662343,850.466632238639,828.8929576677205,886.8034040475188,850.4666323020064,409.45512220748,468.2214627159581,423.5534556530914,369.77066837861526,411.2859802069955,366.7565859589569,117.58239306676639,118.15352976001618,122.57412194700005,36.65110426222238,36.79743115522139,36.60983738677159,184.84113892482674,172.84576714634284,179.40719328493006,189.36849119300587,178.94173853611412,184.9732400387193,120.72686051638134,111.45672691709377,116.28940299033157,123.3387800200627,113.91631703311336,118.8248877370566,24.978224874128617,25.098444933213308,30.55656673692694,11.09295243132747,11.176906051849876,11.100968999071807,29.44047756321484,29.502849904686084,29.45401821265994,118.73490075464032,118.02570308840417,118.82585379691301,47.83349837633883,45.72361929568902,48.4286591638478,63.85175737166955,68.21127249430796,55.55849412185801,52.803042860136756,57.12482273202203,44.463842294195445,75.81543846845047,71.61845185310779,70.72491067621162,7.781150228696373e-08,7.902007398052467e-08,7.72452724597086e-08
N0122,0.75,afternoon,False,True,True,1072.1575923364696,1112.134666300411,1090.6270787938317,931.1493829474581,970.2829545295067,949.5398470626833,931.149383005753,972.5539255276162,949.5398471206493,495.96932202076783,539.1418175293944,509.39207337204,450.27403766804264,479.4974322262006,449.8002322773795,121.53862129077002,122.05833904194719,125.37860154288886,27.735905264908812,27.811721144136417,27.69408199918526,189.03257740443536,180.08459059633662,184.9954925009736,191.69236371901053,183.87223033867392,188.43737969960915,123.53377467244252,116.45776254724723,120.17055372420397,125.52747598917793,118.37220927505612,122.12394959159325,18.932202154546797,19.016425522035576,23.149572089773823,8.40718272275494,8.475425372703583,8.408099297598495,22.266907781253277,22.29843807352982,22.267851883127644,123.36322581729463,122.83545909192954,123.4638942051019,52.060200284561624,50.23616118863729,52.468069516409486,48.38877134720472,51.68476262139537,42.10457498821301,40.02105371640687,43.29994471958772,33.69344300869152,45.134858857801596,46.246309050034625,45.92090926104288,8.029865626733632e-08,8.120268205787392e-08,7.977062088831248e-08
N0123,1.0,peak,True,True,True,969.7630074451091,1021.6198561229895,995.8823077589901,828.5113866752939,878.8647351296587,854.4596893747254,828.5113867413744,881.822142654005,854.459689439147,409.0896430770808,463.32419586147535,427.9579403961066,369.4053746754958,406.4035816789112,371.2763797099723,117.57793086032284,118.28246228529916,122.7935149479426,36.66375522398511,36.781036340400526,36.6049907365087,184.85023644998913,173.05814130629065,179.75083810094154,189.37499359544546,179.15018224572256,185.33366901946698,120.72695826365523,111.5885622578803,116.52536896098361,123.33916495634507,114.05061265081002,119.06338606627259,24.986925200575527,25.081996375951164,30.55071201839509,11.097339863719425,11.168899781759878,11.099323768367068,29.447527926529983,29.49556563515458,29.44933266239425,118.73347813121535,118.08084518529996,118.97051897321458,47.81884074813329,45.7691228755236,48.53443388555693,63.85936110129576,68.1887095032133,55.545928582249424,52.80640655590405,57.109164743900536,44.453082582554664,76.08816451062309,78.79072732633257,77.77533011156478,7.790459420506107e-08,7.889651349023378e-08,7.718555319905992e-08
N0124,0.5,morning,False,False,True,1181.3066664242108,1208.1467268727708,1193.156654379559,1040.6732896109233,1067.0544802816253,1052.4946692216824,1040.6732896640706,1068.5835385900643,1052.4946692735211,588.9725516700727,618.1285501330852,597.5943957270738,535.9654406082483,555.4711531431768,535.0253373015987,126.4718409422233,126.82003642776364,129.01573422446822,18.746144436752562,18.783573385109957,18.723041017930132,195.68882328631554,190.35390936822301,193.39690191399507,195.6948659724293,190.3595379602074,193.39690238966006,127.49231077686302,122.61234322234493,125.1216835414153,128.85340821606883,123.94069441793343,126.46572050390995,12.79309530729444,12.865534660415216,15.64457298504722,5.6797818317231155,5.74431257563255,5.679887564906041,15.030568877097432,15.046262544006693,15.030661058064542,128.93151717620907,128.55836217850435,128.96126900700284,57.130363908698946,55.7583420329625,57.3329199118365,32.726816451910324,34.97001662722039,28.495088079602457,27.075615956514337,29.310618119758153,22.797295019610733,37.112794897330254,37.41427564035651,37.70245728214139,8.239744286303099e-08,8.310268967115673e-08,8.193226073522208e-08
N0125,0.75,afternoon,False,True,True,1072.1579617549476,1112.1400584419794,1090.629322522464,931.1493113822844,970.2881407927404,949.5415054234818,931.1493114413695,972.5591156516814,949.5415054807727,495.96832446813744,539.1454528961477,509.39260670928525,450.2729542849108,479.5008044133638,449.80063551740653,121.53848453553591,122.05898911509045,125.37880975808352,27.735926685191554,27.81173973407691,27.694114354540666,189.03214011208027,180.085774204429,184.99563685104476,191.69189508250753,183.87345934856046,188.437529653135,123.53343353141408,116.4585769492672,120.17064211406888,125.52713267367486,118.37303258645849,122.12403935754497,18.932222752701318,19.016421102103784,23.149582994333123,8.407193924951205,8.475420872690076,8.40810433189793,22.26693671813873,22.298452923586748,22.267876409173244,123.36351184904633,122.83589747794959,123.46421149112318,52.060110823346484,50.23647502708774,52.46814859898527,48.38877497331593,51.68482900744445,42.1045957589751,40.02104796337403,43.30001134527139,33.69345756692473,45.13482400194308,46.246255241041304,45.92096853076322,8.044250828392095e-08,8.11638524735431e-08,7.959618292090387e-08
N0126,0.5,morning,False,False,True,1181.306414445778,1208.1442251095243,1193.1584635173751,1040.673055685961,1067.0519591368572,1052.4965845786937,1040.6730557391536,1068.5810174487153,1052.49658463198,588.972575027564,618.1265360536997,597.5959734471816,535.9654975492209,555.469235223107,535.0268384300427,126.47185300536519,126.81970048922436,129.01599353920622,18.74614441356144,18.783575605150293,18.723036867575743,195.68885307219384,190.35323946307867,193.39743631714396,195.69489574530095,190.35886805953575,193.39743679277154,127.49233783845976,122.61189000983212,125.12204395367112,128.85343493983228,123.94023883786201,126.46608325012797,12.793093483132376,12.865538979163619,15.644574883915288,5.679780997723261,5.744315320789789,5.679886312200024,15.030566156327517,15.046263756931202,15.030657922375642,128.93143934381274,128.5582246021058,128.9613577479658,57.130371475455775,55.75816965948235,57.33305533003628,32.72681208633739,34.97000311089829,28.49509985629525,27.075612288707926,29.31060289309591,22.797307979667757,37.11281202119486,37.414145167771665,37.70258050606916,8.238808156857902e-08,8.306788450825728e-08,8.176981046066096e-08
N0127,0.5,morning,False,False,True,1181.3056894283013,1208.146860472105,1193.157427678717,1040.6722757556975,1067.054621539546,1052.4954573078783,1040.6722758089304,1068.5836799860326,1052.4954573599102,588.9717380095807,618.1286027456513,597.5950574366241,535.9646636607238,555.4711893473551,535.0259726401158,126.47170723040053,126.82004137800232,129.01584707284115,18.746146030976938,18.783573191402514,18.723039230868988,195.6885447749167,190.35391642742303,193.3971280694581,195.6945874611854,190.35954502413517,193.39712854508835,127.49212215150764,122.61234513204714,125.12183773153818,128.8532185066978,123.94069661438014,126.46587548096991,12.793096049135615,12.865535394890568,15.644572021326857,5.679782535661101,5.744312860706451,5.679886417036388,15.030569784494217,15.046263062947288,15.030659955404554,128.93146357309783,128.55838908497043,128.9613014411861,57.13029397433255,55.75834443150741,57.33297876606751,32.726809356659935,34.97001962564456,28.495090740741844,27.07560833343819,29.310620966476982,22.797298511372688,37.112731297042025,37.41427871686127,37.702510844264395,8.233769176497608e-08,8.306969443409217e-08,8.171188453598482e-08
N0128,0.2,overnight,False,False,True,1294.6702211750658,1305.7883494551245,1299.0339142841772,1153.3239972093304,1164.363348928048,1157.6971082528335,1153.3239972452734,1165.0238416675916,1157.69710828876,678.951879990134,691.7523648373108,682.1460273060947,616.4514849050415,624.9178875401096,615.2585554331531,131.80529450078572,131.93920176129959,132.79434870470487,7.828651530940246,7.836037935236187,7.824184070064052,198.89857060803163,196.67862064812562,197.89963259493987,198.90600414505127,196.68588910969484,197.89963293587454,131.25266937140404,129.2044753494948,130.22771209134825,131.81816503761303,129.76711694360534,130.7906220374783,5.095810351579286,5.161118882197601,6.238358458162712,2.259339212562744,2.3222216455733538,2.2601693433596384,6.264234438946487,6.2673704137498145,6.264363607945169,135.3940002168687,135.23484409409903,135.38030828464096,63.3960390359567,62.781109954682826,63.433964180983295,13.021272888260734,13.971225885996718,11.370905050010455,10.793885670987791,11.741698844146452,9.091587420684569,50.56549789630787,50.330175565046396,50.364678800728086,8.580783692432093e-08,8.601327786950136e-08,8.492944546090987e-08
N0129,0.2,overnight,False,False,True,1294.6634809570496,1305.7917171105455,1299.0361630386265,1153.317254916785,1164.3668509353815,1157.6994760243456,1153.3172549536996,1165.027343556685,1157.699476060753,678.9467991729733,691.755161259527,682.1484160498934,616.4466922801449,624.920540084309,615.260926630332,131.80447852402557,131.93964380823053,132.79473902793484,7.828654506280557,7.836037183694337,7.824180801655321,198.89698702052388,196.67952067440956,197.90046580606744,198.90442056290084,196.68678914973677,197.90046614700057,131.25160599528337,129.20508070144032,130.22829180744628,131.81710148343396,129.76772295459313,130.79120074996257,5.0958104060328155,5.161117099961116,6.238358888794882,2.2593393857547173,2.3222204801857553,2.2601701642226666,6.264234543402066,6.267369262791309,6.264360318336351,135.3935370493202,135.23503414689208,135.38028411995236,63.39562742660705,62.781332976865265,63.434164058227154,13.021269937176783,13.971232095341238,11.370901824346882,10.793882563043534,11.74170619067511,9.091583578139389,50.56499372398282,50.330447914275275,50.36493276634112,8.542064258410352e-08,8.588907239815234e-08,8.496986789111775e-08
N0130,1.0,peak,True,True,True,970.1400017683634,1026.7283354073013,992.1532707725528,828.8952061459019,883.8300715434349,850.4666508671547,828.895206212637,886.8043797319951,850.4666509317062,409.4566610556488,468.2220677549558,423.5531968424489,369.77212904932196,411.2865384374176,366.7562948928473,117.58261678530107,118.15361639704622,122.57413048698265,36.651112602554306,36.7974520283458,36.609859620849534,184.8414931626459,172.84587234049323,179.40717866648117,189.368859477564,178.9418439367081,184.9732303629829,120.72710355107579,111.45678948959325,116.2893905564233,123.33902634610696,113.91638103470521,118.82487532584746,24.978228014329705,25.098454557519574,30.55657399749578,11.092953164761424,11.176910562199593,11.100972773929222,29.44048740070599,29.502862482094315,29.454033045325158,118.73510107065978,118.02579978232129,118.82593528568967,47.83360635289344,45.723645906921014,48.428653587353075,63.85178627541882,68.21129509120148,55.55850590061947,52.80307021142669,57.12484070216283,44.463848904229046,75.81542659005173,71.6178357766985,70.7249244496999,7.783877980031723e-08,7.889647356572469e-08,7.730117627459888e-08
N0131,0.5,morning,False,False,True,1181.3066617479915,1208.146721589311,1193.1566640885824,1040.6732847106314,1067.0544749148469,1052.4946792238272,1040.673284764679,1068.583533225316,1052.494679277731,588.9725480794269,618.1285453216254,597.5944038538175,535.9654372464839,555.4711484551555,535.0253450401023,126.4718403780375,126.82003562676655,129.0157355654701,18.746144444752556,18.783573392738315,18.723041002655346,195.68882211939206,190.35390773496803,193.3969046420943,195.69486480549432,190.35953632705176,193.39690511769564,127.4923100031598,122.61234209930919,125.1216853867407,128.85340743633492,123.94069329027258,126.46572235982363,12.793095305483137,12.865534674606183,15.644572984369587,5.679781832753241,5.744312583986065,5.679887555343197,15.030568878259757,15.046262553417037,15.030661047988367,128.93151680726498,128.55836205158025,128.96126950660516,57.13036361371846,55.75834161754178,57.332920608189276,32.72681640700663,34.97001660721362,28.49508812660985,27.075615910518092,29.310618094236343,22.797295073605436,37.112794540307654,37.41427527761409,37.70245798473951,8.248422972434873e-08,8.297710341586642e-08,8.163138327229876e-08
N0132,1.0,peak,True,True,True,969.7630228301131,1021.6198659684804,995.8822901795977,828.5114020702518,878.8647436725396,854.4596721110524,828.5114021369668,881.8221512428483,854.4596721753295,409.0896569883927,463.32420004177163,427.9579267039301,369.4053884334439,406.4035851889829,371.27636675365073,117.57793172740845,118.28246388900874,122.79351300207601,36.66375518396854,36.78103645502455,36.60499075450952,184.85023807652266,173.05814366358092,179.7508347994937,189.37499523348373,179.15018466815104,185.333665695219,120.72695936897495,111.58856380870101,116.52536676660604,123.3391660791298,114.05061422783255,119.06338383569697,24.98692512821206,25.081996496182555,30.550711950750117,11.097339822076592,11.168899834669547,11.0993237694665,29.44752790111449,29.495565706111467,29.449332699040564,118.73347850960403,118.08084626123151,118.97051838448662,47.818841187039446,45.76912357284195,48.53443295112129,63.85936118645307,68.1887098384099,55.54592833487478,52.80640667165098,57.109165034681546,44.453082331312096,76.08816281985797,78.79071994208832,77.77533906744011,7.78292507631507e-08,7.899611692917618e-08,7.718513618658012e-08
N0133,0.5,morning,False,False,True,1181.3066664251323,1208.146726875525,1193.1566543782326,1040.673289610886,1067.054480282572,1052.494669220275,1040.6732896644003,1068.5835385916612,1052.4946692736075,588.9725516705494,618.1285501340866,597.5943957274136,535.9654406086747,555.4711531440296,535.0253373019432,126.47184094250895,126.8200364280346,129.0157342242992,18.746144437009434,18.78357338522183,18.723041018235126,195.68882328649087,190.35390936850467,193.39690191412578,195.6948659726215,190.35953796055725,193.39690238978733,127.49231077698859,122.61234322257003,125.12168354153523,128.85340821614545,123.9406944181568,126.46572050400623,12.793095307280028,12.865534660399643,15.644572985039684,5.679781831733517,5.74431257564793,5.679887564901457,15.03056887709835,15.046262544010823,15.030661058067828,128.93151717546624,128.55836217822488,128.96126900684555,57.130363908722195,55.75834203307676,57.33291991185914,32.72681645191519,34.97001662722362,28.49508807959953,27.07561595650817,29.31061811977725,22.797295019607812,37.11279489735788,37.41427564033299,37.70245728216862,8.231667983532348e-08,8.29305618333836e-08,8.186315166714086e-08
N0134,0.2,overnight,False,False,True,1294.6702207359074,1305.7883496105608,1299.0339145774185,1153.3239967628183,1164.3633490835564,1157.6971085481673,1153.3239967990078,1165.0238418215802,1157.6971085832654,678.9518796421105,691.7523649399192,682.1460275533598,616.4514845748627,624.9178876334753,615.2585556711468,131.80529444473083,131.93920177687824,132.7943487452178,7.828651531188206,7.836037934910151,7.824184069768322,198.89857049746107,196.67862067813786,197.89963267544837,198.90600403445535,196.68588913979332,197.899633016411,131.25266929685426,129.20447536896643,130.22771214625922,131.81816496306465,129.76711696313853,130.79062209236568,5.095810351630344,5.161118882096941,6.2383584582319,2.2593392126178617,2.322221645458051,2.2601693434477554,6.264234439023079,6.267370413820987,6.264363607813652,135.3940001894554,135.23484410877975,135.3803082965297,63.39603900776207,62.78110996255601,63.43396420128805,13.021272888039285,13.971225886458422,11.370905049879275,10.793885670693356,11.7416988446618,9.091587420575044,50.56549786178816,50.330175574142004,50.36467882604154,8.548443827725734e-08,8.596532189707263e-08,8.510214829552234e-08
N0135,0.5,morning,False,False,True,1181.304670316159,1208.1471533542474,1193.157953654228,1040.671251434869,1067.0549587253201,1052.4960197584837,1040.6712514884077,1068.5840169860878,1052.4960198118558,588.9709737976019,618.1288952276308,597.595610429356,535.963942192345,555.4714682068897,535.0265175973673,126.47157905053108,126.82008447552742,129.01594321058604,18.746146995629477,18.783573076930956,18.723038445153307,195.68828472473913,190.35401510968376,193.3973327220481,195.6943274106544,190.35964370867353,193.39733319764812,127.49194684796471,122.6124107651303,125.1219792709202,128.85304217162766,123.94076277855744,126.4660176289767,12.793097694068608,12.86553647455013,15.644571659819348,5.6797836525715315,5.7443132260479475,5.67988566270618,15.030569802997,15.04626236536977,15.030658063354025,128.9313915796757,128.55840022194977,128.96129945786663,57.1302269154321,55.758366503743474,57.33302894073083,32.72680325297339,34.970024555738874,28.495092853503984,27.075601529370445,29.31062575304987,22.797301231857865,37.11268605625033,37.41429406688745,37.702557020301946,8.236817094463607e-08,8.316230522375718e-08,8.185762621582451e-08
N0136,0.5,morning,False,False,True,1181.3056842117496,1208.146867094128,1193.1574266705848,1040.6722704114875,1067.0546283692988,1052.495456204415,1040.6722704650228,1068.5836868154377,1052.4954562565931,588.9717334615383,618.1286081824051,597.5950568630418,535.9646592673656,555.471194501281,535.0259721684514,126.47170645994525,126.82004225361686,129.0158470062881,18.74614603925819,18.783573182411093,18.72303923225615,195.6885431779136,190.35391820497634,193.39712792894196,195.69458586421229,190.35954680167703,193.39712840454402,127.4921210567596,122.61234632538881,125.12183765154397,128.85321740681084,123.9406978152026,126.46587539921443,12.793096060084698,12.865535389833774,15.644572014046389,5.679782542636048,5.744312856128991,5.679886415118102,15.030569792053607,15.046263058100788,15.030659953320615,128.93146337193045,128.5583894643422,128.96130128376174,57.13029356981457,55.758344881754574,57.33297873203576,32.726809330028516,34.97001967740875,28.495090726025634,27.075608302015656,29.31062102171764,22.797298497770576,37.11273096013871,37.41427909581281,37.70251080037244,8.237033117401342e-08,8.301973627913443e-08,8.175845648342461e-08
N0137,0.75,afternoon,False,True,True,1072.1579617600278,1112.1400584431913,1090.6293225247084,931.1493113841983,970.2881407945868,949.5415054257872,931.1493114432653,972.5591156533266,949.5415054821649,495.96832446923685,539.1454528976999,509.39260671029706,450.2729542858964,479.5008044147862,449.8006355183153,121.53848453576337,122.05898911510307,125.37880975808093,27.735926685189494,27.811739734379014,27.694114354381018,189.03214011243526,180.08577420489013,184.9956368513854,191.69189508285405,183.87345934898977,188.43752965348102,123.53343353165238,116.45857694965244,120.17064211430473,125.52713267393315,118.37303258678624,122.12403935775369,18.932222752725895,19.016421102113448,23.149582994350304,8.407193924970574,8.475420872711835,8.40810433190102,22.266936718156096,22.298452923610093,22.267876409196013,123.36351184939173,122.835897477505,123.46421149069403,52.06011082346033,50.2364750271975,52.46814859905805,48.38877497333204,51.68482900753597,42.10459575900456,40.02104796342117,43.30001134530925,33.6934575669054,45.13482400192571,46.24625524095845,45.920968530762,8.032529743978144e-08,8.13714278877287e-08,7.970981823920256e-08
N0138,0.75,afternoon,False,True,True,1072.1577458258575,1112.1372881646516,1090.6282327913586,931.1493182696884,970.2854757136205,949.5407152421966,931.1493183289116,972.5564486016273,949.540715299142,495.9688097109054,539.1435813961366,509.3923789386366,450.27348441659086,479.49906760769653,449.80047181531086,121.5385509293417,122.05865407268475,125.37871143967044,27.73591591058351,27.811730249248978,27.694097834500333,189.0323555543268,180.08516418031812,184.99557797269077,191.6921262228891,183.87282568991603,188.43746862174982,123.53360218211165,116.45815686094932,120.1706074586445,125.52730238272689,118.37260791701081,122.12400410264006,18.93221233022112,19.016423488673674,23.149577438356648,8.407188269243388,8.47542324255966,8.408101676404785,22.266922014162798,22.29844542232857,22.267863819226267,123.3633642753286,122.83567332352695,123.4640525916168,52.060154596830145,50.236313196778084,52.46811232541228,48.38877280943372,51.684794992781086,42.10458564531137,40.02105054420802,43.29997716228392,33.693450680142526,45.13484229052655,46.2462834652869,45.92093715077738,8.024164131853936e-08,8.11623923867484e-08,7.965702977449372e-08
N0139,0.75,afternoon,False,True,True,1072.157747415721,1112.1372879210542,1090.6282305808847,931.1493199838652,970.2854754433787,949.5407130670699,931.1493200432459,972.5564483296858,949.5407131255145,495.96881119132297,539.143581247384,509.39237727986125,450.2734858483787,479.499067484779,449.8004702490329,121.53855115684905,122.05865407564377,125.37871112718848,27.73591590523243,27.81173024678375,27.694097834785698,189.03235604557943,180.08516414943458,184.99557741142112,191.69212673784781,183.87282566777523,188.43746803342063,123.53360253366934,116.45815685066661,120.17060706071902,125.52730273755724,118.37260790638328,122.12400370094659,18.932212324650138,19.016423486541573,23.14957743877852,8.407188265396604,8.475423241635886,8.408101679867286,22.266922008884013,22.29844541917363,22.26786381997415,123.36336433336395,122.83567328288724,123.4640524580885,52.06015472078406,50.23631319877079,52.46811216677731,48.38877282869793,51.68479498683,42.10458562708175,40.02105056608245,43.29997715725651,33.693450659913076,45.13484226789118,46.24628343738675,45.92093720512311,8.036948644033996e-08,8.128246682187916e-08,7.970981823920256e-08
N0140,0.5,morning,False,False,True,1181.306414445033,1208.1442251103394,1193.1584635166232,1040.6730556861808,1067.051959138052,1052.496584577005,1040.673055740258,1068.5810174513776,1052.4965846289722,588.9725750283484,618.1265360555448,597.5959734446142,535.9654975498976,555.4692352248815,535.0268384277243,126.47185300527656,126.81970048944638,129.0159935388121,18.746144413548176,18.7835756050602,18.723036867341214,195.68885307238023,190.35323946370758,193.39743631634732,195.69489574550232,190.35886806014537,193.39743679199216,127.49233783856265,122.61189001030971,125.1220439531357,128.85343493998585,123.94023883830927,126.46608324960997,12.793093483126132,12.865538979184503,15.64457488387816,5.679780997736501,5.744315320789414,5.67988631221044,15.030566156328296,15.046263756931836,15.03065792237219,128.93143934370488,128.55822460188566,128.96135774794092,57.130371475505726,55.75816965960632,57.333055329841855,32.72681208639225,34.97000311091081,28.495099856304034,27.075612288719334,29.31060289313821,22.797307979652775,37.11281202122279,37.41414516794227,37.70258050580318,8.240531556327792e-08,8.298886478747819e-08,8.159603388959688e-08
N0141,0.5,morning,False,False,True,1181.305689430892,1208.146860473635,1193.1574276778665,1040.672275756929,1067.0546215411566,1052.4954573080809,1040.6722758096812,1068.583679987971,1052.4954573610478,588.9717380099611,618.1286027462862,597.5950574372455,535.9646636611,555.4711893478967,535.0259726406985,126.47170723048667,126.8200413786359,129.0158470727851,18.746146031012223,18.783573191611737,18.72303923047355,195.68854477505724,190.35391642759922,193.39712806967356,195.6945874612983,190.35954502428433,193.39712854530694,127.49212215163465,122.61234513214869,125.12183773166608,128.85321850678585,123.9406966145114,126.46587548108795,12.793096049153863,12.86553539489725,15.64457202136979,5.679782535662722,5.7443128607105995,5.679886417024724,15.030569784492377,15.046263062951061,15.030659955410794,128.93146357331423,128.55838908531774,128.9613014409925,57.13029397437436,55.7583444315542,57.33297876611112,32.726809356682686,34.9700196256348,28.49509074073145,27.075608333419453,29.310620966518254,22.79729851142435,37.112731297197435,37.41427871683183,37.702510844284575,8.252265774841647e-08,8.2900206405863e-08,8.170618298623511e-08
N0142,0.75,afternoon,False,True,True,1072.1579617558582,1112.1400584430105,1090.6293225223162,931.1493113818475,970.2881407943155,949.5415054237724,931.1493114405495,972.5591156523134,949.5415054801462,495.9683244678433,539.145452896956,509.392606708945,450.2729542845911,479.5008044141273,449.8006355171361,121.5384845354277,122.05898911491198,125.37880975780301,27.735926685016388,27.811739733980122,27.694114354581785,189.03214011198543,180.085774204654,184.99563685096004,191.69189508241877,183.87345934873477,188.43752965301513,123.53343353128166,116.45857694949301,120.17064211389301,125.5271326736095,118.37303258663334,122.12403935747352,18.93222275271248,19.016421102116016,23.149582994322998,8.407193924970574,8.475420872683115,8.408104331911103,22.26693671813268,22.298452923584264,22.267876409184655,123.36351184885923,122.83589747758656,123.46421149061842,52.06011082333412,50.23647502716239,52.46814859897462,48.38877497330736,51.68482900745959,42.10459575896498,40.02104796335796,43.30001134527443,33.69345756691362,45.13482400191154,46.24625524108401,45.92096853074853,8.040370367699867e-08,8.129691307911971e-08,7.96516703106956e-08
N0143,0.75,afternoon,False,True,True,1072.1577458284016,1112.1372881675238,1090.6282327936844,931.1493182714541,970.285475715423,949.5407152427717,931.149318329983,972.5564486024771,949.5407152989476,495.9688097117431,539.1435813965782,509.392378938959,450.2734844173791,479.4990676081243,449.80047181560894,121.53855092939042,122.05865407264938,125.37871143978109,27.73591591031456,27.811730249205397,27.694097834447113,189.03235555462655,180.08516418042265,184.99557797280536,191.6921262231612,183.87282569007522,188.43746862188377,123.53360218225195,116.45815686099648,120.17060745864852,125.52730238290944,118.37260791711446,122.12400410270769,18.932212330212984,19.016423488665207,23.149577438359717,8.407188269220578,8.475423242559009,8.408101676444309,22.26692201417229,22.2984454223478,22.267863819234403,123.36336427507865,122.8356733232103,123.46405259121872,52.060154596944415,50.236313196824376,52.4681123254498,48.38877280946789,51.68479499285348,42.10458564536414,40.02105054424904,43.299977162316786,33.69345068013029,45.13484229053783,46.24628346526686,45.92093715079085,8.032529743978144e-08,8.107948766140492e-08,7.98896064068906e-08
N0144,0.5,morning,False,False,True,1181.3064144459513,1208.1442251101166,1193.1584635160316,1040.6730556876496,1067.0519591399552,1052.4965845774352,1040.673055741755,1068.5810174534183,1052.496584630018,588.9725750287345,618.1265360566325,597.5959734451252,535.9654975502534,555.4692352259193,535.0268384281685,126.47185300547072,126.81970048992083,129.01599353864125,18.746144413570192,18.78357560524435,18.723036867538934,195.68885307252927,190.35323946400342,193.39743631648872,195.69489574565955,190.35886806049524,193.39743679210585,127.4923378386421,122.61189001049848,125.12204395319557,128.85343494009462,123.94023883851547,126.46608324970767,12.793093483131875,12.865538979189767,15.644574883901944,5.679780997732896,5.744315320797774,5.679886312194192,15.030566156347334,15.046263756941038,15.030657922388624,128.93143934454628,128.55822460246245,128.96135774831058,57.13037147559424,55.75816965970455,57.333055329876544,32.72681208639361,34.97000311099555,28.495099856320284,27.075612288756606,29.310602893184683,22.79730797969111,37.1128120212764,37.41414516796596,37.70258050587817,8.232038669946617e-08,8.302903042100419e-08,8.182204330829388e-08
N0145,0.2,overnight,False,False,True,1294.6702209078226,1305.7883504571687,1299.033913566181,1153.3239969361232,1164.3633499416044,1157.6971075235035,1153.3239969717188,1165.0238426805986,1157.6971075590966,678.9518797306987,691.752365646781,682.146026762598,616.4514846499586,624.9178883109223,615.258554923989,131.80529445807883,131.93920189147013,132.7943486187413,7.828651531474438,7.836037934760891,7.8241840700990455,198.89857052104233,196.6786209072526,197.89963242583158,198.90600405809417,196.6858893689367,197.89963276677307,131.25266931095402,129.20447552497666,130.2277119783806,131.81816497737074,129.76711711899134,130.7906219244493,5.095810351325352,5.161118882201158,6.23835845823146,2.25933921239294,2.322221645556928,2.2601693435797605,6.264234439216153,6.267370413480045,6.264363607965796,135.39400021410017,135.23484414889919,135.38030823248107,63.396039014281754,62.781110020659774,63.43396413756423,13.021272888979519,13.971225886215132,11.37090504933069,10.793885671822071,11.7416988443563,9.091587419872525,50.565497867505584,50.33017564604477,50.364678747285176,8.548881444729088e-08,8.603730144057139e-08,8.514260811391761e-08
N0146,1.0,peak,True,True,True,970.14000176701,1026.7283354040972,992.1532707725893,828.8952061440103,883.8300715402258,850.4666508679956,828.8952062106331,886.8043797310694,850.4666509312838,409.4566610545758,468.22206775446443,423.55319684258336,369.7721290483083,411.28653843697225,366.75629489292015,117.58261678493216,118.15361639671077,122.57413048698265,36.65111260207109,36.79745202818416,36.60985962038778,184.84149316231066,172.84587234039017,179.4071786664579,189.36885947721265,178.94184393659805,184.97323036300926,120.72710355088276,111.45678948942087,116.28939055640335,123.33902634585836,113.91638103460845,118.82487532583434,24.978228014320848,25.09845455749411,30.556573997450275,11.092953164762426,11.17691056217255,11.100972773919413,29.44048740069847,29.50286248208192,29.454033045312098,118.73510107033714,118.0257997821911,118.82593528511434,47.833606352771575,45.72364590691027,48.42865358737257,63.8517862753877,68.21129509118722,55.55850590060321,52.803070211369935,57.124840702141285,44.46384890423888,75.81542659001143,71.6178357766224,70.72492444968287,7.786171816255001e-08,7.90285845767709e-08,7.730242542733432e-08
N0147,0.75,afternoon,False,True,True,1072.1575923355554,1112.1346663042086,1090.6270787956319,931.149382947967,970.2829545283911,949.5398470623688,931.1493830057492,972.5539255284124,949.5398471210635,495.9693220208182,539.1418175301956,509.3920733722505,450.2740376680804,479.4974322270395,449.80023227761257,121.5386212906864,122.05833904206115,125.37860154248737,27.73590526462745,27.811721144363243,27.694081998718417,189.03257740448137,180.08459059656604,184.995492501068,191.69236371903136,183.87223033899707,188.43737969967947,123.53377467247162,116.4577625474705,120.17055372421599,125.52747598919669,118.37220927523295,122.12394959163852,18.93220215457721,19.016425522076283,23.14957208982967,8.40718272278073,8.475425372722947,8.408099297621755,22.266907781249945,22.29843807354059,22.267851883145532,123.36322581693379,122.83545909190248,123.46389420502669,52.060200284568374,50.23616118868292,52.468069516453106,48.388771347182384,51.684762621460514,42.104574988223135,40.0210537164169,43.299944719641736,33.69344300873419,45.13485885807401,46.2463090500456,45.92090926105757,8.047954839497124e-08,8.12795007313939e-08,7.976535400926395e-08
N0148,1.0,peak,True,True,True,969.7630074448373,1021.6198561235565,995.8823077546331,828.5113866751111,878.8647351305465,854.4596893735326,828.5113867416908,881.8221426549238,854.4596894385589,409.089643077081,463.32419586223415,427.9579403960035,369.40537467554253,406.40358167967787,371.2763797098803,117.5779308604583,118.28246228587363,122.79351494833485,36.663755224369005,36.78103634067812,36.60499073629798,184.85023645002457,173.0581413065499,179.75083810092553,189.37499359544807,179.15018224595082,185.33366901946036,120.72695826362214,111.58856225800285,116.52536896098744,123.33916495633753,114.05061265097454,119.06338606625188,24.986925200573687,25.081996376010842,30.55071201839174,11.097339863725518,11.168899781728802,11.099323768337772,29.447527926535205,29.49556563516267,29.44933266241074,118.73347813116209,118.08084518560418,118.97051897264699,47.81884074814828,45.769122875588664,48.53443388552773,63.85936110127703,68.18870950324504,55.5459285822689,52.80640655587631,57.10916474393291,44.45308258256747,76.08816451057963,78.7907273264649,77.77533011159002,7.7990512814501e-08,7.902230655991815e-08,7.724375920604313e-08
N0149,1.0,peak,True,True,True,969.7616533024672,1021.6194222669249,995.8815231936538,828.5101885277635,878.8644349133533,854.4590392295569,828.5101885940003,881.8218404017582,854.4590392940939,409.08900169094704,463.3241635684454,427.9576787436237,369.40478871561606,406.4035805404027,371.2761703632892,117.57778960807245,118.28244597474608,122.79345389687255,36.66374515199187,36.781023004011956,36.60497910752369,184.85002523485613,173.05814700337334,179.7507674615109,189.37477349387322,179.1501882464898,185.3335924270553,120.72681441254933,111.5885705677054,116.52532213598555,123.33901912682039,114.05062089775012,119.0633384626012,24.986922097730325,25.081992880494553,30.550709090096333,11.097338766144052,11.168897917031789,11.099322763529814,29.447517126912025,29.495554229879325,29.449321426057246,118.73332056791408,118.08076397037732,118.97040627091542,47.818775735012835,45.769123395656024,48.534409901706724,63.85934199130452,68.18870500019503,55.54591915427637,52.80638931578027,57.10916267492543,44.45307521339474,76.08816601546594,78.79072093007166,77.77534883981889,7.782405521204227e-08,7.895534228203704e-08,7.718651890352115e-08
N0150,1.0,peak,True,True,True,969.7616529627973,1021.6194199958618,995.8815230660342,828.5101882628971,878.8644328132767,854.4590392437514,828.5101883297672,881.821838297869,854.4590393086913,409.0890015657167,463.32416215933415,427.95767904003844,369.404788612439,406.4035792375235,371.27617068924843,117.57778962187817,118.28244573439336,122.7934538798083,36.66374514259783,36.78102299314088,36.60497909154226,184.8500252718158,173.05814662905783,179.7507674774846,189.37477352949557,179.1501878633564,185.33359244161042,120.72681443930094,111.58857031964989,116.5253221505596,123.33901915378037,114.05062064558412,119.0633384774095,24.986922098535253,25.081992875376784,30.550709082632036,11.097338766395115,11.168897915485287,11.099322759148333,29.447517118099707,29.495554220332195,29.449321413296556,118.73332051304843,118.08076377937743,118.97040618718654,47.81877574700126,45.76912328832608,48.534409902339355,63.85934199197454,68.18870496186753,55.545919148249496,52.80638931743057,57.10916263880867,44.453075211611434,76.0881658040386,78.79072128032033,77.77534876087499,7.787643562965399e-08,7.892580659543972e-08,7.712655646745692e-08
N0151,1.0,peak,True,True,True,969.7616529458516,1021.6194200050843,995.8815230741046,828.5101882478837,878.8644328216101,854.4590392511859,828.5101883145003,881.8218383052076,854.4590393155062,409.0890015536862,463.324162166662,427.9576790434699,369.40478860054765,406.40357924497573,371.27617069220616,117.57778962078493,118.28244573482831,122.79345388111359,36.66374514191853,36.78102299316194,36.60497909154226,184.85002526913533,173.0581466295926,179.75076747931,189.37477352678403,179.15018786396865,185.33359244346025,120.72681443746764,111.58857032005629,116.5253221517029,123.33901915198321,114.05062064593089,119.06333847861772,24.986922098511457,25.08199287528882,30.55070908276566,11.097338766392228,11.168897915471161,11.099322759184096,29.44751711809953,29.49555422027578,29.449321413335273,118.73332051263107,118.08076377949563,118.97040618809729,47.818775746228496,45.7691232884638,48.53440990288973,63.85934199171716,68.18870496193529,55.545919148520575,52.80638931719147,57.10916263886052,44.45307521177809,76.08816580950372,78.79072128094695,77.77534875467401,7.79444134312607e-08,7.891848031360916e-08,7.712655646745692e-08
N0152,0.75,afternoon,False,True,True,1072.15758969602,1112.13466541105,1090.6270828464933,931.149380210329,970.282953732533,949.5398510002392,931.1493802689193,972.5539247266225,949.5398510571134,495.96931937126345,539.1418169658169,509.39207659547804,450.27403507170925,479.4974316990862,449.80023537919595,121.53862104286155,122.05833904958716,125.37860185054267,27.735905227697334,27.811721147776993,27.6940820372995,189.03257691056234,180.0845906468058,184.99549301987727,191.69236320099765,183.87223038379048,188.43738024701904,123.53377432427015,116.4577625762594,120.17055408699676,125.52747563772766,118.37220930440795,122.123949958083,18.93220215407598,19.016425510949173,23.14957210725582,8.407182723475854,8.475425367054875,8.408099303385127,22.26690778315729,22.298438066058218,22.26785189445915,123.36322576500034,122.83545904233664,123.4638943968938,52.06020016444389,50.236161183139586,52.46806966905677,48.3887713183352,51.68476261418312,42.104575025318894,40.02105368951049,43.29994471665196,33.693443038492205,45.13485749230471,46.246310467365554,45.92090915344425,8.038278058645341e-08,8.117081924035466e-08,7.970981823920256e-08
N0153,0.5,morning,False,False,True,1181.306414446269,1208.1442251117892,1193.158463513428,1040.6730556864297,1067.0519591408158,1052.4965845748416,1040.6730557404078,1068.5810174536305,1052.4965846286143,588.9725750277188,618.1265360578248,597.5959734436473,535.9654975492733,555.4692352270376,535.0268384267775,126.4718530051187,126.81970049024551,129.01599353875514,18.746144413617614,18.78357560494833,18.723036867217115,195.6888530721684,190.3532394644406,193.39743631597588,195.69489574528816,190.35886806093237,193.39743679161026,127.49233783839834,122.61189001078357,125.12204395287182,128.85343493982154,123.9402388387998,126.46608324938457,12.793093483120426,12.865538979157188,15.644574883915288,5.679780997726866,5.744315320749827,5.679886312213356,15.030566156327346,15.04626375693544,15.030657922383776,128.9314393442661,128.55822460192255,128.96135774796852,57.130371475435375,55.75816965979645,57.33305532974501,32.72681208640692,34.97000311092707,28.495099856266997,27.075612288730916,29.31060289320273,22.797307979655695,37.112812021258314,37.41414516806286,37.7025805057282,8.242819827460465e-08,8.301776480565823e-08,8.182204330829388e-08
N0154,0.2,overnight,False,False,True,1294.6702209044583,1305.7883504591668,1299.033913564077,1153.3239969349463,1164.3633499425594,1157.6971075234983,1153.3239969714627,1165.0238426804578,1157.697107558468,678.9518797300746,691.752365646329,682.1460267622749,616.4514846494517,624.9178883105922,615.258554923719,131.80529445807883,131.93920189126055,132.79434861845974,7.828651531055063,7.836037934690803,7.824184070193734,198.89857052088212,196.67862090715016,197.89963242574296,198.90600405796187,196.68588936883918,197.8996327666667,131.25266931086696,129.20447552476048,130.2277119783693,131.81816497731037,129.76711711894995,130.7906219244063,5.095810351321577,5.161118882207098,6.238358458236621,2.2593392123917897,2.3222216455824465,2.2601693435771737,6.264234439217115,6.2673704134647465,6.264363607969071,135.3940002143834,135.23484414912815,135.3803082320886,63.39603901423106,62.78111002059317,63.433964137510536,13.021272888983951,13.971225886224044,11.370905049314471,10.793885671812419,11.741698844376488,9.091587419856308,50.565497867382504,50.330175645983736,50.364678747248675,8.559995142432922e-08,8.592435887846115e-08,8.49870122005272e-08
N0155,0.2,overnight,False,False,True,1294.663480958016,1305.7917171164909,1299.0361630320895,1153.3172549187461,1164.36685094363,1157.6994760189873,1153.3172549547844,1165.0273435649776,1157.699476054674,678.9467991729076,691.7551612654531,682.1484160445707,616.4466922799556,624.9205400900157,615.2609266253786,131.8044785240976,131.939643809302,132.79473902697694,7.828654506445199,7.836037183776624,7.824180801951052,198.89698702044728,196.67952067634067,197.90046580442774,198.90442056280918,196.68678915162118,197.90046614538204,131.25160599531506,129.2050807027738,130.22829180626132,131.81710148335216,129.76772295589913,130.79120074890287,5.095810405977953,5.16111709995941,6.238358888794882,2.259339385752881,2.3222204801733373,2.2601701642090655,6.264234543410384,6.267369262786295,6.264360318333975,135.393537049877,135.23503414772745,135.3802841202722,63.395627426581555,62.7813329773038,63.43416405775601,13.021269937180262,13.971232095312908,11.370901824357805,10.79388256306371,11.741706190674464,9.091583578144752,50.5649937239402,50.33044791492011,50.364932765857596,8.541780198399414e-08,8.595257038015554e-08,8.510214829552234e-08
N0156,1.0,peak,True,True,True,970.1400017666474,1026.7283354078252,992.1532707743389,828.8952061434156,883.8300715424012,850.4666508694344,828.8952062104848,886.8043797310457,850.4666509326746,409.4566610545401,468.2220677547785,423.55319684314264,369.7721290483077,411.2865384373744,366.756294893413,117.5826167850287,118.15361639681173,122.57413048698265,36.651112602554306,36.797452028041,36.609859620849534,184.84149316231074,172.84587234050613,179.40717866667862,189.36885947720614,178.9418439367971,184.97323036318792,120.72710355079248,111.45678948958177,116.28939055658311,123.33902634587213,113.91638103469711,118.82487532599087,24.97822801432526,25.098454557510802,30.556573997502326,11.092953164769472,11.176910562197978,11.100972773942221,29.440487400685942,29.502862482090674,29.454033045331798,118.73510107029453,118.02579978199883,118.82593528558382,47.833606352793,45.723645906911344,48.428653587434425,63.851786275365754,68.21129509117716,55.55850590061302,52.803070211405036,57.12484070214801,44.463848904271416,75.81542659015409,71.61783577674649,70.7249244497878,7.77937633717337e-08,7.90274394109724e-08,7.712734719457312e-08
N0157,0.5,morning,False,False,True,1181.3066617472202,1208.1467215909584,1193.1566640877124,1040.6732847102155,1067.054474916692,1052.4946792244184,1040.6732847629419,1068.5835332256038,1052.4946792767332,588.9725480786979,618.1285453214105,597.5944038531145,535.9654372458198,555.4711484550406,535.0253450393889,126.4718403779398,126.82003562645949,129.015735565358,18.746144444599278,18.783573392109954,18.7230410025649,195.6888221191748,190.35390773490755,193.3969046418215,195.69486480526433,190.359536326972,193.39690511749686,127.4923100029502,122.6123420993197,125.1216853865369,128.85340743616936,123.94069329024401,126.46572235969593,12.793095305474138,12.86553467463027,15.644572984372491,5.679781832741759,5.744312583965632,5.679887555375693,15.030568878259189,15.046262553400194,15.030661047981795,128.93151680687515,128.55836205173935,128.9612695066273,57.13036361363506,55.758341617579184,57.3329206081223,32.72681640700558,34.97001660719806,28.495088126583205,27.075615910489375,29.31061809424936,22.797295073578777,37.11279454033174,37.41427527757378,37.70245798473951,8.226863241549348e-08,8.289528238200418e-08,8.182204330829388e-08
N0158,0.2,overnight,False,False,True,1294.670220740084,1305.788349612368,1299.0339145724915,1153.3239967665897,1164.3633490844834,1157.697108542865,1153.3239968023763,1165.0238418239628,1157.6971085792552,678.9518796439295,691.7523649417993,682.1460275500855,616.4514845765565,624.917887635203,615.2585556679799,131.80529444551436,131.9392017774822,132.79434874454154,7.828651531175449,7.8360379356839704,7.8241840696619676,198.898570498017,196.67862067869606,197.8996326743898,198.9060040350906,196.68588914040345,197.89963301532106,131.25266929719257,129.20447536942268,130.2277121455728,131.81816496343458,129.76711696356114,130.7906220916699,5.09581035162111,5.161118882054223,6.238358458220875,2.2593392126160814,2.322221645462555,2.260169343434154,6.264234439020402,6.267370413813797,6.264363607816821,135.39400019042677,135.2348441088717,135.38030829659385,63.396039007900995,62.78110996269437,63.43396420102732,13.02127288799848,13.971225886447758,11.37090504986049,10.793885670658078,11.741698844697972,9.091587420553402,50.565497861928606,50.330175574334596,50.364678825688024,8.560695828899635e-08,8.607539112051795e-08,8.517698285435785e-08
N0159,0.2,overnight,False,False,True,1294.6634809570605,1305.7917171116394,1299.036163036509,1153.3172549157935,1164.366850937002,1157.6994760256919,1153.3172549528606,1165.0273435590595,1157.6994760633534,678.9467991712038,691.7551612608049,682.1484160512174,616.4466922784264,624.9205400855615,615.2609266316506,131.80447852405004,131.93964380873965,132.7947390277663,7.82865450663336,7.836037183892398,7.824180801951052,198.89698701992066,196.67952067481838,197.90046580651355,198.90442056232453,196.6867891500821,197.90046614748962,131.25160599496883,129.20508070180728,130.22829180783253,131.81710148301474,129.7677229548866,130.7912007503082,5.095810406013637,5.161117099971551,6.238358888794882,2.2593393857597244,2.3222204801892556,2.2601701642356002,6.264234543407045,6.267369262794725,6.264360318333076,135.39353705028063,135.23503414751946,135.38028412061976,63.39562742643465,62.78133297690844,63.43416405831665,13.021269937215848,13.971232095287439,11.370901824311714,10.79388256304179,11.741706190687879,9.091583578139389,50.56499372383002,50.33044791434484,50.364932766420374,8.533814358784061e-08,8.597659721380523e-08,8.502744711075638e-08
N0160,0.5,morning,False,False,True,1181.3046715319445,1208.1471525334834,1193.1579532106998,1040.671252684846,1067.0549578714765,1052.4960193089084,1040.6712527385773,1068.584016132339,1052.4960193625147,588.9709748234459,618.1288945832542,597.5956100085284,535.9639431763034,555.4714676041417,535.0265171836969,126.47157922144108,126.82008437414312,129.01594313559644,18.746146993422617,18.78357307817747,18.72303844573279,195.68828507910254,190.35401490406522,193.3973325702661,195.6943277650376,190.35964350320907,193.3973330459365,127.4919470891636,122.61241062890304,125.12197916553856,128.8530424141242,123.9407626412263,126.46601752329096,12.793097692280117,12.865536474474654,15.644571661135968,5.679783651273683,5.744313226290889,5.679885663681872,15.030569801613531,15.046262365574659,15.030658064376986,128.93139163866752,128.55840016312672,128.9612994534412,57.1302270051595,55.75836645176043,57.333028901699585,32.72680326051587,34.97002454786655,28.495092853088632,27.075601537840257,29.31062574499401,22.797301230785855,37.11268613473046,37.41429402350821,37.702556986199866,8.222509223120443e-08,8.291783451041219e-08,8.1694903112048e-08
N0161,1.0,peak,True,True,True,969.7630228275442,1021.619865970042,995.8822901797342,828.5114020682629,878.8647436719432,854.4596721109582,828.511402135607,881.8221512431533,854.4596721752258,409.08965698796123,463.32420004217556,427.9579267039337,369.40538843303267,406.40358518932027,371.276366753667,117.57793172708833,118.28246388924066,122.79351300202427,36.66375518403033,36.78103645421383,36.60499075481927,184.85023807636327,173.0581436636367,179.75083479949276,189.3749952332651,179.1501846682302,185.3336656951774,120.72695936885053,111.58856380868994,116.52536676658994,123.33916607900491,114.0506142279194,119.06338383567915,24.98692512817382,25.08199649620026,30.550711950750117,11.09733982208572,11.168899834671766,11.09932376946976,29.447527901093615,29.49556570612004,29.449332699039076,118.73347850911883,118.08084626107717,118.97051838418476,47.81884118698421,45.769123572893136,48.534432951098445,63.85936118644143,68.18870983846999,55.54592833488784,52.806406671556225,57.10916503469373,44.45308233132171,76.08816281984424,78.79071994205371,77.7753390674326,7.797710003230027e-08,7.881477589532268e-08,7.712692986738312e-08
N0162,0.5,morning,False,False,True,1181.3066664234482,1208.1467268746724,1193.1566543763827,1040.6732896116814,1067.054480283212,1052.4946692192998,1040.673289665589,1068.5835385915261,1052.4946692729704,588.972551671149,618.128550133639,597.5943957267508,535.9654406092591,555.4711531435503,535.0253373013347,126.47184094245412,126.82003642805127,129.01573422469423,18.746144436776838,18.783573385499704,18.723041017930132,195.68882328671165,190.3539093683491,193.39690191396326,195.69486597277387,190.3595379603644,193.39690238954628,127.49231077711104,122.6123432224154,125.12168354135135,128.85340821628395,123.94069441802986,126.46572050386644,12.793095307281513,12.865534660416133,15.644572985053028,5.679781831753326,5.744312575655324,5.6798875648927085,15.03056887710393,15.046262544016125,15.030661058056575,128.93151717567784,128.55836217840027,128.96126900714853,57.13036390876411,55.75834203298945,57.33291991181963,32.72681645190989,34.97001662721199,28.49508807959499,27.075615956503704,29.310618119724758,22.797295019588645,37.1127948975147,37.41427564037445,37.70245728210037,8.232305934527546e-08,8.299474580505979e-08,8.168932480462588e-08
N0163,0.2,overnight,False,False,True,1294.6702207355127,1305.788349612717,1299.033914576162,1153.3239967633049,1164.363349083738,1157.6971085492482,1153.3239967996815,1165.023841822138,1157.6971085843625,678.9518796422434,691.7523649405663,682.1460275541219,616.4514845749734,624.9178876340737,615.2585556718308,131.80529444493118,131.93920177662676,132.7943487449362,7.82865153129305,7.836037935254424,7.82418406986301,198.89857049750498,196.6786206782997,197.89963267567427,198.90600403455116,196.68588913993744,197.89963301658054,131.2526692967882,129.2044753690089,130.22771214638672,131.81816496309784,129.76711696330543,130.79062209249417,5.095810351616951,5.161118882076706,6.2383584582234555,2.2593392126117045,2.322221645462555,2.260169343458102,6.264234439019741,6.267370413818333,6.264363607821786,135.3940001899346,135.23484410856832,135.38030829682404,63.396039007806564,62.78110996259549,63.433964201402205,13.021272888005159,13.971225886482394,11.370905049873977,10.793885670664087,11.741698844696382,9.091587420553402,50.56549786179222,50.33017557416663,50.364678826092295,8.55018872046175e-08,8.580204545103374e-08,8.500431248569347e-08
N0164,0.75,afternoon,False,True,True,1072.1579586717935,1112.1400526049395,1090.6293236004492,931.149308452361,970.2881355222104,949.5415069973964,931.1493085098814,972.5591103743435,949.5415070546612,495.96832254486014,539.1454493746298,509.39260900684184,450.2729525082034,479.50080114477794,449.800637875398,121.53848416108691,122.05898854360774,125.37880999849877,27.735926679455044,27.811739684474553,27.694114335274158,189.0321393903656,180.0857733625688,184.9956375062404,191.69189433639218,183.87345846093604,188.4375303407242,123.53343303664433,116.45857636607066,120.17064259485836,125.5271321736599,118.37303199678014,122.12403984249612,18.93222275670823,19.016421090704867,23.14958298002003,8.407193928468496,8.475420868560807,8.408104320373726,22.2669367043057,22.298452898509836,22.267876380451053,123.3635115477413,122.8358969822593,123.46421127586628,52.06011064548788,50.23647476437056,52.46814873873921,48.388774934568225,51.6848289420396,42.104595765692046,40.02104792461982,43.30001128715073,33.693457582192536,45.13482332594611,46.24625536336171,45.92096908214138,8.040292410169182e-08,8.13067958814856e-08,7.96516703106956e-08
N0165,0.2,overnight,False,False,True,1294.5550928531356,1305.9941903634556,1299.1315613113536,1153.206610821119,1164.5682213562468,1157.7911302965676,1153.2066108575232,1165.228803993118,1157.7911303326487,678.8407093405641,691.9591503517007,682.2450837597261,616.3426929042051,625.1246713644838,615.357604786722,131.79754994577223,131.93460672608256,132.7831769306236,7.8354409095664135,7.526659720496895,7.680945549407954,198.8854252747652,196.6718910085502,197.8819921095911,198.89285938685526,196.67915980904013,197.88199245053897,131.24387096722026,129.19996174426814,130.2158825242074,131.8093999718721,129.76262451115744,130.77884229591047,5.096039752693607,5.1613250364655,6.238903030179967,2.2594381837655346,2.322315754560376,2.2603702355533,6.264242724457729,6.267413920024353,6.26451217404864,135.38886330504843,135.23278078999243,135.37360289768975,63.392069842250386,62.77870760633114,63.42812469898174,13.021933076704615,13.971760005708626,11.371887643509705,10.794446770742544,11.742141031110949,9.092366592068247,50.44304114004198,50.32828124521855,50.54695275830592,8.555647085587686e-08,8.604012312623612e-08,8.527485895092816e-08
N0166,0.5,morning,False,False,True,1181.3048558923258,1208.147411244679,1193.1575139450242,1040.6714464349125,1067.0552237251927,1052.4955653695317,1040.6714464886925,1068.5842818849362,1052.4955654224407,588.9711100801109,618.1291339076678,597.595246339896,535.9640684346351,555.471700648672,535.0261721609271,126.47160023784694,126.8201254342024,129.0158819786817,18.74615123202803,18.78357588469806,18.723031703193417,195.68832865247367,190.35409873586337,193.39720814083122,195.69437133980463,190.35972733276762,193.39720861645168,127.49197573066246,122.61246823809152,125.12189508339216,128.85307130420915,123.94082049635125,126.46593294639833,12.793097934358187,12.865535625399618,15.644571755230286,5.679783693402297,5.744312735152612,5.67988613930647,15.030569875887439,15.04626172294338,15.030658553652506,128.9314081201021,128.55840616070788,128.96127534320314,57.13023809569668,55.758387841268124,57.3329969410635,32.72680526915757,34.97002548223958,28.495090777471255,27.075603531720045,29.310627056070807,22.79729877312377,37.112699516991654,37.41430495863494,37.702533647472755,8.224611726055669e-08,8.302903042100419e-08,8.170052250874368e-08
N0167,0.2,overnight,False,False,True,1294.6702214939085,1305.7883491427342,1299.0339142860173,1153.323997528955,1164.3633486104839,1157.697108253948,1153.3239975634515,1165.0238413492928,1157.697108288783,678.9518802482241,691.7523645943752,682.146027289959,616.4514851518976,624.9178873112045,615.258555414299,131.8052945422626,131.93920172237748,132.7943487020373,7.828651530514098,7.836037935671834,7.824184070359784,198.89857069106438,196.67862057195188,197.89963258780014,198.90600422808177,196.6858890335072,197.89963292869618,131.25266942772708,129.20447529829502,130.2277120858442,131.81816509393718,129.76711689248626,130.79062203206908,5.095810351601747,5.161118882258203,6.2383584581275295,2.259339212573705,2.322221645597766,2.2601693432864587,6.264234438838518,6.267370413785675,6.264363608030412,135.39400023293481,135.234844073508,135.38030828946717,63.39603905703739,62.7811099351951,63.43396417938578,13.02127288824633,13.971225885631327,11.370905050219902,10.793885670966155,11.741698843757632,9.091587420939092,50.56549792270131,50.33017554127109,50.36467879858172,8.568850035186999e-08,8.60528052249343e-08,8.50445798126549e-08
N0168,0.2,overnight,False,False,True,1294.663480962345,1305.7917171106067,1299.0361630356476,1153.3172549198514,1164.3668509340764,1157.6994760252314,1153.3172549565852,1165.0273435557283,1157.6994760612577,678.9467991749068,691.7551612582197,682.1484160494322,616.4466922819461,624.920540083059,615.2609266299256,131.80447852415284,131.93964380801603,132.7947390274292,7.8286545066421285,7.836037183615163,7.824180801833034,198.89698702112406,196.6795206740275,197.9004658059561,198.90442056349096,196.6867891492334,197.9004661468433,131.25160599578638,129.20508070121215,130.22829180735243,131.81710148383954,129.76772295430848,130.7912007499217,5.095810405998858,5.161117099969023,6.238358888794882,2.259339385778938,2.322220480179244,2.2601701642038923,6.2642345434033295,6.267369262795191,6.264360318334767,135.3935370499446,135.23503414707906,135.38028412104987,63.39562742674658,62.781332976754136,63.434164058177814,13.02126993719452,13.971232095303694,11.37090182438205,10.793882563035625,11.741706190675671,9.091583578166393,50.56499372426505,50.33044791418947,50.364932766422136,8.560695828899635e-08,8.591045728070326e-08,8.511942517960247e-08
N0169,0.5,morning,False,False,True,1181.3046715331027,1208.1471525317077,1193.157953212928,1040.6712526869435,1067.0549578705204,1052.4960193100826,1040.6712527402367,1068.5840161317335,1052.4960193630216,588.9709748241684,618.1288945826558,597.5956100087402,535.9639431769679,555.4714676035737,535.0265171839116,126.47157922143077,126.8200843734014,129.01594313525658,18.746146993792966,18.78357307813787,18.7230384454278,195.68828507932446,190.35401490385556,193.3973325703558,195.69432776526838,190.35964350287978,193.39733304597354,127.49194708936494,122.61241062881267,125.12197916556646,128.85304241426005,123.94076264112563,126.46601752334169,12.79309769230318,12.865536474466351,15.644571661146408,5.679783651267289,5.744313226280408,5.679885663684788,15.030569801621844,15.046262365565289,15.030658064378713,128.93139163895322,128.55840016300832,128.9612994533311,57.13022700522083,55.758366451681376,57.333028901718876,32.72680326051002,34.97002454785487,28.49509285309024,27.075601537838804,29.310625744966213,22.797301230803754,37.112686134776965,37.41429402351743,37.70255698627485,8.226996572898838e-08,8.302267455099095e-08,8.170052250874368e-08
N0170,0.2,overnight,False,False,True,1294.6702216018748,1305.7883492272333,1299.0339140887588,1153.323997641119,1164.3633486949814,1157.69710805287,1153.323997676679,1165.023841433948,1157.6971080885469,678.9518803312003,691.7523646690062,682.1460271315298,616.4514852294368,624.9178873837445,615.258555263734,131.80529455550362,131.9392017346818,132.794348676322,7.828651530606184,7.836037935223987,7.824184070170405,198.8985707168263,196.67862059677776,197.89963253728465,198.90600425389968,196.68588905837692,197.8996328782059,131.25266944490255,129.2044753154929,130.22771205177912,131.81816511111694,129.76711690957552,130.79062199791568,5.095810351553637,5.161118882302979,6.238358458140906,2.2593392125410277,2.3222216456143916,2.260169343307152,6.264234438841179,6.2673704137171775,6.264363608082231,135.39400024113715,135.23484407527584,135.38030827803354,63.39603906366108,62.78110994139163,63.433964166534054,13.021272888477576,13.971225885476194,11.370905050143369,10.79388567118338,11.741698843551992,9.091587420891074,50.56549793052281,50.3301755490293,50.36467878262199,8.557321306493401e-08,8.60937596269494e-08,8.510214829552234e-08
N0171,1.0,peak,True,True,True,970.1400017663502,1026.728335406329,992.1532707735186,828.8952061453565,883.8300715422515,850.4666508689971,828.8952062118473,886.8043797314393,850.4666509315682,409.45666105527226,468.2220677548598,423.5531968426092,369.7721290489577,411.28653843728864,366.7562948929413,117.58261678519743,118.15361639732883,122.57413048704466,36.65111260234728,36.79745202869009,36.60985962085561,184.84149316248588,172.84587234046927,179.40717866650536,189.36885947741402,178.9418439366392,184.97323036301785,120.72710355096814,111.45678948952485,116.28939055645127,123.33902634602504,113.9163810346836,118.82487532584278,24.97822801434893,25.098454557539966,30.55657399749578,11.092953164741152,11.176910562159236,11.100972773935721,29.440487400702178,29.502862482093406,29.45403304531679,118.73510107058588,118.0257997829949,118.82593528572312,47.833606352831346,45.72364590690432,48.42865358736612,63.85178627541106,68.21129509118991,55.55850590061625,52.803070211361714,57.12484070211201,44.46384890422583,75.81542659005197,71.61783577675888,70.72492444976342,7.786388299036581e-08,7.887762257910345e-08,7.718601410496905e-08
N0172,0.75,afternoon,False,True,True,1072.1575923361218,1112.1346663040767,1090.6270787978538,931.1493829461124,970.2829545311749,949.5398470640505,931.1493830054446,972.5539255295795,949.5398471213275,495.9693220204055,539.1418175303083,509.3920733719594,450.274037667737,479.4974322271239,449.80023227737286,121.53862129078618,122.05833904178239,125.37860154260576,27.73590526468401,27.811721144638316,27.69408199907883,189.032577404322,180.08459059658298,184.99549250096962,191.69236371890642,183.87223033905448,188.43737969960932,123.53377467236014,116.45776254748466,120.17055372416789,125.52747598910572,118.37220927523111,122.12394959163603,18.93220215455015,19.01642552204577,23.149572089796223,8.40718272274854,8.475425372721496,8.408099297624846,22.266907781235613,22.29843807353108,22.26785188314557,123.36322581754888,122.8354590928747,123.4638942055756,52.06020028454341,50.236161188705694,52.468069516449795,48.38877134716511,51.68476262147758,42.10457498822529,40.02105371634651,43.29994471960518,33.69344300870376,45.13485885794922,46.24630905004312,45.92090926102819,8.03450975836147e-08,8.117926608741875e-08,7.959352246950981e-08
N0173,1.0,peak,True,True,True,969.7630074442953,1021.6198561217516,995.8823077564144,828.5113866752985,878.864735130201,854.4596893740687,828.5113867416451,881.8221426545426,854.459689439418,409.0896430771782,463.3241958624923,427.9579403965977,369.40537467560455,406.403581679841,371.27637971039115,117.57793086030878,118.28246228559294,122.7935149482781,36.66375522454985,36.78103634060402,36.60499073640334,184.8502364500354,173.0581413066146,179.75083810110115,189.3749935954746,179.15018224606192,185.33366901964934,120.72695826362528,111.5885622580245,116.52536896105565,123.3391649563779,114.05061265102819,119.06338606637851,24.986925200576945,25.081996375991256,30.550712018434204,11.09733986371032,11.16889978176674,11.099323768367068,29.447527926549398,29.49556563518103,29.44933266241372,118.73347813102606,118.08084518470368,118.97051897266503,47.818840748166195,45.76912287562745,48.53443388560918,63.85936110133402,68.18870950324391,55.54592858224961,52.80640655592627,57.109164743976045,44.45308258253519,76.08816451068257,78.79072732632342,77.77533011161903,7.802605727431393e-08,7.893839458067648e-08,7.724334250779923e-08
N0174,0.5,morning,False,False,True,1181.3066664231237,1208.1467268761266,1193.1566543772765,1040.6732896115739,1067.05448028423,1052.4946692208246,1040.6732896648807,1068.5835385925034,1052.49466927446,588.9725516709004,618.1285501342321,597.5943957276282,535.9654406089771,555.4711531441673,535.0253373021138,126.4718409424294,126.82003642815852,129.01573422446822,18.746144436937737,18.783573385178602,18.723041018091042,195.68882328659458,190.3539093685677,193.3969019141821,195.69486597273217,190.35953796056242,193.3969023898009,127.49231077698025,122.61234322253866,125.12168354152318,128.853408216249,123.94069441813973,126.46572050405412,12.793095307288004,12.865534660412141,15.644572985033877,5.67978183172181,5.744312575654045,5.679887564906041,15.03056887709921,15.046262544016935,15.030661058066269,128.93151717582123,128.55836217878675,128.9612690072009,57.13036390875022,55.758342033062306,57.33291991189383,32.72681645189727,34.97001662724034,28.495088079574202,27.075615956565645,29.310618119794814,22.797295019599055,37.11279489736562,37.41427564035816,37.70245728213466,8.23894360809226e-08,8.309225784004325e-08,8.187997405972829e-08
N0175,0.75,afternoon,False,True,True,1072.1579617591221,1112.1400584430548,1090.629322525929,931.1493113830848,970.2881407950499,949.5415054249412,931.1493114412895,972.5591156539034,949.5415054818169,495.9683244682704,539.1454528975697,509.392606710024,450.27295428504635,479.5008044146451,449.80063551808513,121.53848453549587,122.05898911513864,125.37880975814272,27.735926684970867,27.81173973397701,27.694114354475353,189.03214011215604,180.08577420488112,184.99563685130792,191.69189508257836,183.87345934898744,188.43752965338925,123.53343353145688,116.45857694960388,120.1706421143287,125.52713267371163,118.37303258676157,122.12403935772369,18.93222275271953,19.016421102097357,23.14958299434325,8.40719392496267,8.475420872716985,8.40810433187776,22.26693671813743,22.298452923604483,22.26787640918954,123.36351184896508,122.83589747808348,123.46421149092168,52.0601108233576,50.236475027198836,52.46814859905246,48.38877497333397,51.684829007474235,42.10459575900763,40.02104796338922,43.30001134533085,33.693457566963374,45.13482400198662,46.246255240961865,45.92096853074853,8.033176556877711e-08,8.113898566763131e-08,7.971517379356042e-08
N0176,0.75,afternoon,False,True,True,1072.1577458274828,1112.1372881665454,1090.6282327880688,931.1493182706256,970.2854757135366,949.5407152408087,931.1493183289032,972.5564486017396,949.5407152979739,495.9688097109308,539.1435813961594,509.3923789386098,450.27348441664736,479.4990676077652,449.80047181524293,121.53855092959328,122.05865407244546,125.3787114395546,27.7359159102918,27.811730249184876,27.69409783480753,189.03235555435117,180.0851641803159,184.99557797267133,191.69212622292196,183.87282568993905,188.43746862174248,123.53360218212508,116.45815686094215,120.1706074585686,125.52730238274093,118.37260791703257,122.12400410265343,18.932212330219677,19.01642348866853,23.14957743835358,8.407188269220894,8.475423242562345,8.40810167641487,22.266922014168102,22.298445422324402,22.267863819221372,123.3633642752765,122.83567332336294,123.4640525911055,52.060154596836604,50.236313196792246,52.4681123254313,48.388772809418924,51.68479499282129,42.10458564533775,40.02105054421035,43.29997716226006,33.69345068013335,45.13484229057323,46.246283465266984,45.920937150805536,8.026750205687942e-08,8.12060163543518e-08,7.971247480915603e-08
N0177,0.5,morning,False,False,True,1181.3064144484415,1208.1442251090327,1193.1584635182423,1040.6730556870805,1067.0519591396983,1052.4965845771867,1040.6730557404464,1068.5810174520525,1052.4965846295522,588.9725750280913,618.126536056125,597.595973445188,535.9654975496624,555.4692352254208,535.0268384281841,126.4718530052374,126.81970048949348,129.01599353875514,18.746144413235125,18.78357560492654,18.7230368673612,195.68885307235914,190.35323946390054,193.39743631648923,195.69489574542285,190.3588680602971,193.39743679213404,127.4923378384817,122.61189001035603,125.1220439531876,128.85343493993759,123.9402388384322,126.46608324969557,12.793093483120314,12.865538979195556,15.644574883894407,5.679780997724028,5.744315320787293,5.679886312194192,15.03056615633373,15.04626375692314,15.030657922382217,128.93143934399876,128.558224602315,128.9613577479649,57.130371475525365,55.758169659675744,57.333055329876544,32.72681208637753,34.9700031109413,28.49509985621532,27.075612288722247,29.31060289314969,22.797307979658612,37.11281202121386,37.414145167914306,37.70258050594643,8.239275520064523e-08,8.299285076210235e-08,8.182773678518977e-08
N0178,0.75,afternoon,False,True,True,1072.1579617572283,1112.1400584410844,1090.6293225237848,931.1493113820827,970.2881407940666,949.5415054242854,931.1493114400847,972.5591156533787,949.5415054809068,495.96832446727655,539.1454528976278,509.39260670928974,450.2729542841317,479.500804414762,449.80063551744075,121.53848453534009,122.05898911550965,125.3788097580861,27.735926684863987,27.81173973444467,27.694114354729333,189.0321401118227,180.08577420488916,184.9956368510811,191.69189508218358,183.87345934899687,188.43752965309974,123.53343353116436,116.45857694953037,120.17064211402497,125.52713267350637,118.37303258679738,122.12403935753542,18.932222752707176,19.016421102094043,23.14958299435951,8.407193924963423,8.475420872696748,8.408104331910291,22.26693671813397,22.298452923583547,22.267876409191157,123.36351184881089,122.83589747751942,123.46421149078272,52.06011082327276,50.236475027212265,52.46814859902052,48.38877497328865,51.68482900744393,42.104595758997505,40.021047963359514,43.30001134533561,33.69345756693793,45.134824001977314,46.246255241019774,45.920968530806064,8.034550610192197e-08,8.128793107499612e-08,7.976278415574978e-08
N0179,0.75,afternoon,False,True,True,1072.1577458285717,1112.1372881676468,1090.6282327894698,931.1493182715468,970.2854757145554,949.5407152400531,931.149318329866,972.556448602593,949.5407152983908,495.9688097115612,539.1435813967083,509.39237893861423,450.27348441723495,479.49906760818345,449.8004718152874,121.53855092948201,122.05865407284936,125.37871143933332,27.735915910712468,27.811730249431935,27.69409783480753,189.03235555458275,180.08516418046403,184.9955779727182,191.69212622312395,183.87282569015474,188.43746862177076,123.53360218229092,116.45815686102772,120.1706074586405,125.52730238287454,118.37260791714121,122.12400410267006,18.9322123302118,19.016423488683937,23.149577438349592,8.407188269212993,8.475423242589832,8.408101676407874,22.266922014174096,22.298445422345047,22.267863819224647,123.36336427539321,122.83567332363856,123.46405259116844,52.060154596908276,50.23631319682768,52.46811232543915,48.38877280943738,51.684794992769355,42.10458564530216,40.0210505442049,43.29997716228741,33.69345068013641,45.13484229047281,46.24628346528271,45.92093715069168,8.04277495996098e-08,8.113951448090843e-08,7.976796625483972e-08
N0180,1.0,peak,True,True,True,969.7630074470554,1021.6198561231923,995.8823077570855,828.5113866767583,878.8647351304272,854.4596893750198,828.5113867431525,881.822142654623,854.4596894394721,409.08964307804655,463.32419586202275,427.95794039624514,369.4053746763863,406.40358167937376,371.2763797100862,117.5779308601959,118.28246228556951,122.79351494798932,36.66375522457366,36.781036340836,36.604990736053594,184.85023645025285,173.05814130650336,179.75083810101708,189.37499359572456,179.1501822459725,185.33366901952274,120.72695826382095,111.58856225795903,116.52536896102345,123.33916495651847,114.05061265095925,119.06338606628941,24.986925200578003,25.08199637596335,30.550712018430975,11.097339863740617,11.16889978177804,11.09932376836377,29.447527926551334,29.49556563517367,29.44933266241544,118.73347813125544,118.08084518551398,118.9705189730572,47.818840748196735,45.76912287556675,48.53443388557665,63.859361101323124,68.18870950322896,55.54592858229501,52.806406555917306,57.109164743934066,44.45308258257413,76.08816451048816,78.79072732628566,77.7753301118789,7.781133321819668e-08,7.892161060137813e-08,7.701139714409264e-08
N0181,0.5,morning,False,False,True,1181.3066664186922,1208.1467268735707,1193.1566543773506,1040.673289609996,1067.054480281999,1052.4946692195144,1040.6732896634542,1068.5835385903847,1052.4946692722885,588.972551670106,618.128550133486,597.5943957267378,535.965440608284,555.4711531435573,535.0253373013,126.47184094242157,126.82003642840546,129.0157342241862,18.746144436799984,18.783573385283216,18.723041017966946,195.6888232863567,190.35390936833747,193.39690191391784,195.69486597251353,190.3595379603926,193.3969023895755,127.49231077688673,122.61234322246439,125.1216835413633,128.85340821608165,123.94069441802229,126.46572050389013,12.793095307300472,12.865534660422766,15.644572985039684,5.679781831724648,5.744312575673573,5.679887564898541,15.030568877097602,15.046262544014766,15.030661058062815,128.93151717541545,128.5583621777579,128.96126900664473,57.13036390869909,55.7583420330104,57.33291991183409,32.726816451894045,34.97001662716723,28.495088079600848,27.075615956514593,29.310618119772695,22.79729501956948,37.112794897399645,37.41427564039253,37.70245728214139,8.245667789095608e-08,8.302121311987232e-08,8.183347126874099e-08
N0182,1.0,peak,True,True,True,969.7630228269028,1021.6198659709653,995.8822901795224,828.5114020686531,878.8647436720424,854.4596721108514,828.5114021349383,881.8221512421604,854.4596721747909,409.08965698752064,463.32420004187605,427.95792670387857,369.4053884326055,406.4035851890178,371.2763667536093,117.57793172714125,118.28246388912811,122.79351300174051,36.66375518403033,36.78103645469987,36.60499075476658,184.85023807622957,173.05814366358265,179.7508347994691,189.37499523315617,179.15018466813677,185.33366569516892,120.72695936870174,111.58856380863426,116.52536676649417,123.33916607890549,114.05061422783969,119.06338383569233,24.986925128176942,25.081996496183674,30.550711950727266,11.097339822093721,11.168899834669547,11.099323769492516,29.447527901099544,29.49556570610756,29.449332699037132,118.73347850919907,118.08084626073355,118.97051838401191,47.81884118697762,45.769123572862604,48.53443295108864,63.85936118641222,68.18870983845777,55.54592833488462,52.80640667155119,57.10916503466291,44.45308233130864,76.08816281985926,78.7907199419257,77.77533906738212,7.78775215853156e-08,7.894362911871545e-08,7.712734719457312e-08
N0183,0.2,overnight,False,False,True,1294.5542327540281,1305.994914511941,1299.1319043478923,1153.2057533033899,1164.5689706929559,1157.7914941241709,1153.205753339781,1165.2295532729095,1157.7914941605757,678.8400801260773,691.9597647238099,682.2454691369685,616.3421029234551,625.125258247347,615.3579905098148,131.7974493937246,131.93470588466963,132.78324139227706,7.835441567040808,7.526659890735939,7.680945976113407,198.8852318170778,196.6720929422672,197.88213029851008,198.89266592945748,196.6793617428395,197.88213063943854,131.24374162189724,129.20009846049655,130.21597911932665,131.80927060583892,129.76276130586976,130.77893871789146,5.09603976494744,5.161324813462436,6.238903123501453,2.2594382042264396,2.3223156009741044,2.2603703834971975,6.264242752477471,6.2674137046679546,6.264511636748034,135.3887989417979,135.2328163053741,135.3735933693591,63.392019127734216,62.77875770742806,63.42815771563592,13.021932789501783,13.971760959189607,11.371887109748947,10.794446469993701,11.742142141996355,9.092365950487443,50.44298057436179,50.32833864993941,50.54699253254819,8.562416546513598e-08,8.5975239872787e-08,8.496986789111775e-08
N0184,0.2,overnight,False,False,True,1294.5540840221206,1305.9944674191627,1299.1320423612435,1153.2055704189809,1164.56848558506,1157.791603096931,1153.2055704547656,1165.229068405172,1157.7916031324394,678.8398336820478,691.9592575879813,682.2454304877939,616.3418507608161,625.124752674606,615.3579298190172,131.79740773282165,131.93462118069843,132.78323244529565,7.835441310193056,7.526659645218194,7.680945827878116,198.88513527010343,196.67190951204574,197.88209662054263,198.8925693873923,196.67917832226104,197.8820969614701,131.2436735665366,129.1999707414672,130.21595260119372,131.80920258310297,129.7626336970552,130.77891231134853,5.0960398583327455,5.161324791993788,6.238903100758,2.2594382661783343,2.3223155909709403,2.2603703289468506,6.26424318076128,6.2674143356859755,6.264512083950254,135.38882063776242,135.23282780897378,135.3736387020087,63.391997774432454,62.77871439715699,63.42815277423316,13.021932623523512,13.971761133226527,11.371887408321504,10.79444622931128,11.742142305879492,9.092366270726929,50.442956824171056,50.32828788449497,50.54698879362901,8.557596321326141e-08,8.603028808907254e-08,8.50445798126549e-08
N0185,0.5,morning,False,False,True,1181.3048560805485,1208.147411161944,1193.1575138424644,1040.6714466279238,1067.0552236366275,1052.4955652639012,1040.671446681105,1068.5842817964601,1052.4955653147706,588.971110235864,618.1291338443825,597.5952462446373,535.964068583569,555.47170059038,535.0261720684952,126.47160026351914,126.8201254239494,129.01588196186486,18.74615123195746,18.783575885146238,18.723031703498407,195.68832870596762,190.35409871627002,193.39720810723927,195.69437139331097,190.3597273131755,193.3972085828986,127.49197576694598,122.61246822536425,125.12189506030823,128.85307134073028,123.94082048347029,126.46593292320107,12.793097934103077,12.86553562530592,15.644571755394693,5.679783693222843,5.744312735160004,5.679886139474365,15.030569875693088,15.046261722927072,15.03065855383601,128.9314081293402,128.55840615347967,128.9612753401252,57.13023810925357,55.75838783630891,57.33299693245217,32.72680527035923,34.97002548129031,28.495090777226306,27.075603533109618,29.31062705511275,22.797298772714463,37.11269952876773,37.414304954651925,37.70253364000494,8.23244149274524e-08,8.3138350724794e-08,8.168932480462588e-08
N0186,1.0,peak,True,True,True,969.7630228260692,1021.6198659677999,995.882290176873,828.5114020677157,878.864743671377,854.459672108704,828.5114021354206,881.8221512418872,854.4596721745404,409.0896569879107,463.3242000416707,427.9579267036927,369.40538843296844,406.40358518879316,371.2763667534401,117.57793172757722,118.28246388914991,122.79351300179225,36.663755184011016,36.78103645485675,36.60499075496463,184.85023807636398,173.05814366354429,179.75083479940844,189.3749952332664,179.15018466800416,185.333665695099,120.72695936883137,111.58856380860654,116.5253667664662,123.33916607902324,114.05061422777702,119.06338383564452,24.986925128194038,25.08199649619558,30.55071195070454,11.09733982209475,11.16889983466188,11.099323769463238,29.44752790110056,29.495565706107378,29.449332699040564,118.73347850920153,118.08084626070091,118.9705183839629,47.81884118699132,45.769123572855065,48.53443295108218,63.85936118644172,68.18870983842875,55.545928334864946,52.80640667159301,57.10916503467974,44.4530823313089,76.08816281990202,78.79071994204395,77.77533906743635,7.800200023209866e-08,7.892999733607345e-08,7.718443384467927e-08
N0187,0.2,overnight,False,False,True,1294.5542327585842,1305.9949145142828,1299.1319043506876,1153.2057533052164,1164.568970692479,1157.7914941250388,1153.2057533401314,1165.2295532733206,1157.7914941614526,678.840080126471,691.9597647243733,682.2454691377897,616.3421029238082,625.1252582478265,615.3579905105887,131.79744939386134,131.93470588493062,132.7832413924456,7.835441566970272,7.526659890854779,7.680945975918513,198.88523181719276,196.67209294242704,197.88213029873893,198.89266592956957,196.67936174305592,197.88213063968493,131.24374162197017,129.20009846057275,130.21597911949908,131.80927060589016,129.76276130600186,130.7789387180266,5.096039764930222,5.161324813424851,6.23890312351764,2.2594382042251238,2.322315600980706,2.260370383486183,6.264242752479215,6.267413704668995,6.2645116367399005,135.38879894194818,135.23281630534578,135.37359336892786,63.39201912777094,62.77875770746368,63.428157715704124,13.021932789496844,13.97176095920687,11.371887109748947,10.794446470021695,11.742142142027443,9.092365950503659,50.44298057445153,50.328338649932995,50.54699253257644,8.584860918568093e-08,8.58876994201079e-08,8.491228952842521e-08
N0188,1.0,peak,True,True,True,970.1400015124468,1026.7283350178232,992.153270690096,828.8952058909417,883.8300711649075,850.4666507912111,828.8952059572466,886.8043793540319,850.4666508542256,409.4566608191515,468.2220674281273,423.5531967843561,369.7721288132884,411.286538118838,366.7562948385354,117.58261676885017,118.15361636674842,122.57413048062062,36.65111260111706,36.79745202570737,36.60985961729324,184.8414931316226,172.84587229259617,179.40717865483845,189.36885944638487,178.9418438879922,184.97323035089897,120.72710353058486,111.45678945856001,116.28939054910313,123.33902632522957,113.91638100312193,118.8248753183437,24.978228013471927,25.098454554735127,30.55657399478299,11.092953164436532,11.176910560954656,11.100972772726365,29.440487400706147,29.50286248136792,29.45403304425964,118.73510106838576,118.02579977154247,118.82593528412113,47.833606345479,45.723645894499086,48.42865358562435,63.851786271929605,68.21129508346958,55.55850589714748,52.80307020824323,57.124840695522785,44.463848901901535,75.81542664385121,71.6178359687508,70.72492455421431,7.792037534380716e-08,7.885153696149621e-08,7.724375920604313e-08
N0189,0.75,afternoon,False,True,True,1072.1575923358926,1112.1346663040695,1090.6270788006907,931.1493829468843,970.282954532107,949.5398470656963,931.1493830055023,972.5539255303207,949.5398471226292,495.9693220204601,539.1418175305263,509.3920733727429,450.27403766771454,479.4974322273473,449.8002322780603,121.53862129079016,122.05833904169387,125.37860154277304,27.73590526459434,27.811721144153825,27.694081999025613,189.03257740433307,180.08459059663926,184.9954925012198,191.69236371889113,183.87223033910587,188.43737969982823,123.53377467239068,116.45776254746097,120.17055372440382,125.52747598913348,118.3722092752576,122.12394959176298,18.93220215456487,19.016425522048934,23.149572089819543,8.407182722774913,8.47542537273535,8.408099297588413,22.2669077812444,22.298438073537575,22.267851883150428,123.36322581723552,122.83545909261906,123.46389420551266,52.06020028453765,50.23616118874144,52.46806951649849,48.38877134718718,51.684762621438615,42.104574988229274,40.02105371635898,43.29994471966795,33.69344300871793,45.13485885792188,46.2463090500882,45.92090926102819,8.03439510856576e-08,8.105370801152855e-08,7.977062088831248e-08
N0190,0.75,afternoon,False,True,True,1072.1577488628204,1112.137287813654,1090.6282284175893,931.1493215556429,970.2854753155971,949.5407109325186,931.1493216139313,972.556448201618,949.5407109905835,495.9688125545788,539.1435812158062,509.3923756429601,450.273487166981,479.4990674734781,449.8004687028465,121.53855136487883,122.05865409664553,125.37871082080325,27.735915900183414,27.811730244119996,27.694097834858205,189.03235649925517,180.0851641535507,184.9955768580144,191.69212721316018,183.87282568201076,188.4374674535293,123.53360285822674,116.45815686481231,120.17060666866692,125.52730306501898,118.37260792027723,122.12400330502464,18.9322123193967,19.016423484194135,23.14957743926418,8.407188261790667,8.475423240539342,8.408101683352564,22.266922003831507,22.298445415958,22.267863820828982,123.36336438500582,122.83567324951048,123.46405232873936,52.06015483434446,50.23631320948072,52.46811201127195,48.38877284636915,51.68479498259789,42.10458560911124,40.0210505861874,43.299977154070355,33.69345064002994,45.134842250826956,46.24628341319648,45.920937250061634,8.038390282157041e-08,8.135167743647154e-08,7.964648064495522e-08
N0191,0.2,overnight,False,False,True,1294.5550928547066,1305.9941903651068,1299.131561314234,1153.206610823099,1164.5682213554176,1157.791130299189,1153.206610858392,1165.228803993257,1157.7911303348558,678.8407093410895,691.95915035131,682.2450837613359,616.3426929046603,625.1246713641139,615.3576047882243,131.79754994594919,131.93460672546604,132.78317693079424,7.835440910034726,7.526659720710558,7.6809455496239645,198.8854252748814,196.67189100839832,197.88199211011676,198.8928593869605,196.67915980890757,197.88199245104713,131.24387096724507,129.19996174414587,130.21588252448853,131.80939997193292,129.7626245110694,130.77884229627705,5.096039752687774,5.161325036470803,6.238903030163078,2.2594381837744555,2.3223157545729873,2.2603702355396984,6.264242724453488,6.2674139200271535,6.264512174053394,135.3888633052339,135.2327807904002,135.3736028979672,63.39206984229262,62.77870760629828,63.428124699085735,13.021933076713257,13.971760005698364,11.371887643498782,10.794446770728715,11.742141031155962,9.092366592089826,50.44304113996099,50.32828124534283,50.546952758370935,8.560086796698384e-08,8.611636828492337e-08,8.506186838944872e-08
N0192,0.75,afternoon,False,True,True,1072.157960259887,1112.1400650467351,1090.6293221280196,931.1493097675096,970.2881472451626,949.5415046210732,931.1493098265029,972.5591221059146,949.541504677978,495.96832273851044,539.1454577980257,509.3926055402803,450.2729525479904,479.50080904794845,449.8006343352442,121.53848431841925,122.05898990669844,125.37880962113036,27.735926674638083,27.811739759217048,27.694114383175492,189.03213969565195,180.08577561490802,184.99563642086332,191.69189463191464,183.87346082431762,188.43752920689457,123.53343321443685,116.45857793312676,120.17064180623612,125.52713235451725,118.37303358060109,122.12403904677876,18.932222757139478,19.01642109894085,23.149583005679215,8.40719392787913,8.475420868460471,8.408104340681035,22.2669367299862,22.298452930620627,22.267876429106128,123.36351190239999,122.83589791304726,123.4642115875905,52.06011070282826,50.23647541427972,52.46814851335488,48.388774961016004,51.684829085307776,42.10459575671485,40.02104794902309,43.30001142327231,33.6934575572074,45.13482414015277,46.24625562505178,45.920967993580014,8.036532168764001e-08,8.132276991447595e-08,7.970981823920256e-08
N0193,0.2,overnight,False,False,True,1294.555092851597,1305.9941903624826,1299.1315613084748,1153.2066108211518,1164.5682213550392,1157.7911302968257,1153.206610857199,1165.2288039928037,1157.7911303321812,678.8407093404105,691.9591503515139,682.2450837595946,616.3426929040791,625.1246713643129,615.3576047866347,131.7975499459408,131.93460672620066,132.78317693039747,7.835440909962268,7.526659720834946,7.680945549429071,198.88542527471327,196.67189100848836,197.88199210958382,198.8928593868054,196.6791598089369,197.881992450504,131.24387096719425,129.19996174421638,130.21588252419986,131.80939997180968,129.76262451113962,130.77884229593303,5.096039752702364,5.1613250364894245,6.238903030174103,2.2594381837784248,2.3223157545507633,2.260370235566901,6.264242724459263,6.267413920025726,6.264512174051017,135.38886330522178,135.2327807904243,135.37360289768253,63.39206984221647,62.77870760629916,63.428124698931434,13.021933076687946,13.971760005712671,11.371887643517733,10.794446770727035,11.742141031139054,9.092366592103328,50.44304113995678,50.32828124537973,50.546952758240906,8.553561832674544e-08,8.601468700226516e-08,8.496986789111775e-08
N0194,0.75,afternoon,False,True,True,1072.1579602660106,1112.1400650488513,1090.62932212742,931.1493097683951,970.288147245706,949.541504621832,931.1493098272252,972.559122105944,949.5415046787307,495.9683227388509,539.1454577980253,509.39260554064737,450.2729525483091,479.5008090479299,449.8006343355637,121.53848431804751,122.0589899068467,125.3788096213002,27.735926674619435,27.811739758778963,27.694114383417375,189.0321396957557,180.08577561492703,184.99563642097394,191.69189463200047,183.87346082428937,188.4375292070217,123.53343321460183,116.4585779331732,120.17064180630811,125.52713235461546,118.3730335806149,122.12403904684706,18.93222275717699,19.016421098950286,23.149583005694556,8.40719392789314,8.475420868446255,8.408104340663956,22.26693672997858,22.298452930609947,22.267876429104497,123.3635119030207,122.8358979129588,123.46421158781816,52.060110702883506,50.23647541427828,52.468148513381756,48.388774961013915,51.684829085312025,42.10459575677683,40.02104794900841,43.30001142328363,33.69345755718711,45.134824140300935,46.24625562517603,45.92096799353716,8.02735573870798e-08,8.124824696877797e-08,7.971517379356042e-08
N0195,1.0,peak,True,True,True,969.7630074460819,1021.6198561221097,995.8823077519407,828.5113866758035,878.8647351299895,854.4596893727826,828.5113867428953,881.8221426541282,854.4596894381988,409.08964307805195,463.32419586187666,427.9579403956497,369.40537467645186,406.4035816792465,371.2763797095828,117.577930860452,118.28246228556787,122.79351494810284,36.6637552247336,36.78103634067069,36.60499073625164,184.85023645019058,173.05814130651734,179.75083810080935,189.37499359565527,179.15018224596253,185.3336690193763,120.72695826379393,111.58856225800764,116.52536896081962,123.33916495648461,114.05061265093585,119.06338606616943,24.986925200588278,25.081996376006096,30.550712018424395,11.097339863748742,11.168899781777435,11.099323768354024,29.447527926538072,29.495565635172884,29.449332662399403,118.73347813126855,118.0808451853995,118.97051897249476,47.81884074819051,45.769122875585616,48.53443388550823,63.859361101341875,68.18870950326396,55.545928582210074,52.80640655593414,57.109164743970865,44.453082582561066,76.08816451024873,78.79072732627193,77.77533011203408,7.789007338597002e-08,7.896249250582125e-08,7.712734719457312e-08
N0196,1.0,peak,True,True,True,969.7616533012919,1021.6194222679873,995.8815231926086,828.5101885275099,878.8644349132126,854.4590392280285,828.5101885942355,881.8218404024448,854.4590392930539,409.0890016910959,463.32416356860057,427.9576787429516,369.4047887157379,406.4035805405498,371.27617036273455,117.57778960830412,118.28244597494067,122.79345389676405,36.66374515139817,36.78102300392795,36.604979107734415,184.85002523492108,173.05814700343095,179.75076746134957,189.37477349397318,179.15018824660203,185.33359242692777,120.72681441254551,111.58857056769678,116.52532213585376,123.33901912683132,114.05062089778367,119.063338462425,24.986922097729824,25.081992880495285,30.550709090050756,11.097338766140012,11.168897917004344,11.099322763510283,29.44751712692552,29.495554229897234,29.449321426055757,118.7333205679116,118.08076397042512,118.97040627062646,47.81877573504409,45.76912339569351,48.534409901634966,63.85934199132524,68.18870500026972,55.54591915429567,52.80638931583163,57.10916267495219,44.453075213430225,76.0881660154645,78.79072093013447,77.77534883984413,7.797492069554978e-08,7.896992732778097e-08,7.712780844831386e-08
N0197,1.0,peak,True,True,True,969.7616529607758,1021.6194199963877,995.8815230670973,828.5101882633709,878.8644328139715,854.45903924458,828.5101883305648,881.8218382976806,854.4590393097747,409.0890015660127,463.32416215881887,427.95767904047915,369.404788612679,406.40357923713754,371.27617068968846,117.57778962218424,118.28244573396849,122.7934538800353,36.66374514188796,36.78102299327298,36.604979091588596,184.85002527187513,173.05814662896557,179.75076747766383,189.37477352957396,179.15018786329023,185.33359244180974,120.72681443925633,111.58857031956857,116.52532215061936,123.3390191538253,114.05062064549419,119.0633384774966,24.98692209850918,25.081992875382166,30.550709082644953,11.097338766393108,11.168897915507284,11.09932275918089,29.447517118101118,29.495554220330863,29.449321413313275,118.7333205132874,118.0807637793109,118.9704061874394,47.818775747028795,45.76912328828894,48.534409902394735,63.85934199194931,68.18870496187958,55.5459191482983,52.80638931744137,57.10916263884455,44.45307521161463,76.0881658038917,78.79072128037275,77.77534876087122,7.799986910102171e-08,7.890275756898826e-08,7.712692986738312e-08
N0198,0.2,overnight,False,False,True,1294.5542327580229,1305.9949145139722,1299.1319043508427,1153.205753303593,1164.5689706920232,1157.7914941271472,1153.2057533391612,1165.2295532732633,1157.791494162197,678.8400801261243,691.9597647243514,682.2454691379303,616.3421029234821,625.1252582478348,615.3579905106751,131.797449393661,131.9347058852892,132.78324139267173,7.835441566925172,7.526659890683604,7.6809459763083,198.88523181707697,196.67209294239586,197.88213029875027,198.89266592945654,196.67936174296327,197.8821306396931,131.2437416219632,129.2000984605852,130.21597911949908,131.80927060582846,129.76276130596287,130.77893871800111,5.09603976494634,5.1613248134549625,6.238903123487847,2.2594382042286285,2.3223156009532833,2.2603703835107987,6.264242752476207,6.267413704665433,6.264511636742382,135.38879894148252,135.2328163049767,135.37359336966193,63.39201912773272,62.77875770747017,63.42815771573992,13.021932789492636,13.971760959228394,11.371887109740921,10.79444647001995,11.742142142005944,9.09236595053609,50.44298057439766,50.32833865004736,50.546992532590565,8.560086796698384e-08,8.602611585016505e-08,8.508502718560136e-08
N0199,1.0,peak,True,True,True,970.1400015168616,1026.7283350205305,992.1532706887274,828.8952058914912,883.8300711683034,850.4666507908632,828.8952059575522,886.8043793556651,850.466650854421,409.45666081936713,468.22206742878126,423.55319678431476,369.7721288134759,411.28653811941876,366.7562948385169,117.5826167687262,118.15361636716383,122.57413048083723,36.65111260100988,36.79745202570614,36.60985961754437,184.8414931316498,172.84587229275292,179.40717865482878,189.3688594463833,178.9418438881929,184.97323035083105,120.72710353055808,111.4567894587027,116.28939054912307,123.33902632526208,113.91638100325926,118.82487531835213,24.978228013435487,25.098454554746855,30.55657399478299,11.092953164422411,11.176910560959307,11.100972772716556,29.440487400693204,29.502862481380763,29.454033044261358,118.73510106792311,118.0257997718343,118.82593528435339,47.83360634547672,45.72364589460786,48.42865358563105,63.851786271891854,68.21129508354394,55.558505897196284,52.803070208217314,57.12484069553085,44.46384890193388,75.8154266438366,71.61783596879566,70.72492455421431,7.770782683427314e-08,7.899388696045775e-08,7.73029294657048e-08
N0200,0.75,afternoon,False,True,True,1072.1575923371556,1112.134666302961,1090.6270787997416,931.1493829473163,970.2829545315083,949.5398470657767,931.1493830070186,972.553925528905,949.5398471231966,495.9693220211644,539.141817530601,509.3920733729265,450.27403766834914,479.4974322273366,449.8002322782149,121.53862129084615,122.05833904198133,125.3786015428837,27.735905264392983,27.81172114409255,27.694081999013513,189.03257740455686,180.08459059668832,184.995492501294,191.69236371914857,183.87223033908435,188.4373796999198,123.53377467260904,116.45776254752339,120.17055372431989,125.52747598925309,118.37220927528188,122.12394959180892,18.93220215456615,19.01642552206449,23.149572089813404,8.407182722756126,8.475425372692413,8.40809929760549,22.266907781252918,22.298438073536026,22.267851883147152,123.36322581745698,122.83545909184987,123.46389420564549,52.06020028461906,50.23616118873824,52.468069516523094,48.38877134718784,51.68476262143425,42.104574988220065,40.02105371640507,43.29994471964197,33.693443008725005,45.13485885801667,46.24630905005478,45.920909261071046,8.043422396968683e-08,8.115021625551181e-08,7.95909044985312e-08
N0201,0.75,afternoon,False,True,True,1072.1577488622936,1112.1372878120546,1090.628228419074,931.1493215563362,970.2854753164606,949.5407109326239,931.149321614466,972.556448201867,949.5407109895558,495.968812554916,539.1435812160905,509.3923756425526,450.2734871673102,479.4990674737016,449.80046870250544,121.53855136497134,122.05865409666475,125.37871082069259,27.73591590025581,27.811730244012033,27.69409783495254,189.03235649938168,180.08516415365628,184.99557685790697,191.69212721325877,183.87282568206274,188.43746745340218,123.53360285834229,116.4581568649251,120.17060666855903,125.52730306509551,118.37260792034105,122.12400330494613,18.932212319393088,19.016423484214,23.14957743927431,8.407188261776946,8.475423240563858,8.408101683388995,22.266922003846652,22.298445415949473,22.267863820817567,123.36336438482864,122.83567324969792,123.4640523284046,52.06015483437881,50.2363132095107,52.468112011201974,48.388772846408095,51.68479498260635,42.10458560906245,40.021050586245956,43.29997715408591,33.693450640011584,45.13484225081044,46.246283413209596,45.92093725003225,8.036449958046208e-08,8.126269996082284e-08,7.976796625483972e-08
N0202,1.0,peak,True,True,True,969.7630074445282,1021.6198561251686,995.8823077535553,828.5113866754485,878.8647351310692,854.4596893727648,828.5113867421745,881.82214265475,854.4596894381639,409.0896430773458,463.3241958619212,427.9579403955232,369.40537467576445,406.4035816792906,371.27637970949075,117.57793086039908,118.28246228560303,122.79351494781906,36.66375522434294,36.78103634034006,36.604990736304316,184.85023645002408,173.05814130646402,179.75083810077305,189.37499359548434,179.15018224588798,185.33366901929696,120.72695826368607,111.5885622579545,116.5253689608675,123.33916495637676,114.05061265094159,119.06338606612348,24.986925200592463,25.081996375940513,30.550712018414586,11.097339863718446,11.168899781759677,11.09932376836705,29.447527926536637,29.495565635166795,29.449332662394475,118.73347813138082,118.08084518558451,118.97051897291271,47.81884074814351,45.76912287556798,48.53443388550177,63.85936110132217,68.18870950319744,55.5459285822201,52.80640655588285,57.109164743894844,44.45308258252507,76.08816451043002,78.79072732629784,77.77533011177796,7.782656222099169e-08,7.884634196658415e-08,7.724375920604313e-08
N0203,0.5,morning,False,False,True,1181.306666422466,1208.1467268748595,1193.15665437887,1040.6732896100561,1067.0544802829966,1052.4946692192689,1040.6732896628143,1068.5835385911482,1052.494669271422,588.9725516697679,618.1285501336781,597.5943957259951,535.9654406079285,555.4711531436245,535.025337300619,126.47184094222206,126.82003642799023,129.0157342244122,18.74614443659279,18.783573385146266,18.723041017913307,195.6888232862239,190.3539093683606,193.3969019136742,195.69486597235723,190.35953796039774,193.39690238932823,127.49231077685702,122.61234322242727,125.12168354126737,128.85340821599274,123.94069441803208,126.46572050372228,12.793095307265768,12.865534660403286,15.644572985058833,5.679781831718343,5.744312575651705,5.679887564882293,15.030568877101144,15.046262543996269,15.030661058064542,128.9315171755603,128.5583621785316,128.9612690070827,57.13036390864182,55.75834203299692,57.33291991172666,32.726816451908945,34.97001662723052,28.495088079568347,27.075615956496407,29.310618119739033,22.797295019578236,37.11279489732272,37.41427564043398,37.70245728210037,8.23119544508788e-08,8.298004367581073e-08,8.182204330829388e-08
N0204,0.2,overnight,False,False,True,1294.6702207370708,1305.788349611002,1299.0339145747078,1153.3239967635536,1164.3633490831699,1157.6971085464431,1153.3239967992768,1165.0238418229242,1157.6971085830853,678.9518796415695,691.7523649406612,682.1460275532728,616.4514845743297,624.9178876342236,615.2585556710699,131.8052944447228,131.9392017768828,132.79434874516232,7.828651531363611,7.836037935400635,7.8241840696619676,198.89857049728803,196.67862067836944,197.89963267539088,198.90600403433513,196.68588913994728,197.8996330163542,131.25266929666418,129.20447536913034,130.2277121462404,131.8181649629666,129.76711696333277,130.7906220923678,5.09581035161518,5.16111888206917,6.238358458220875,2.2593392125878364,2.32222164546666,2.260169343412125,6.264234439020463,6.267370413820587,6.264363607806205,135.39400019023427,135.23484410913753,135.3803082965963,63.39603900770892,62.78110996260609,63.43396420129047,13.02127288801599,13.971225886471338,11.37090504985776,10.793885670678506,11.741698844680398,9.091587420547976,50.56549786167934,50.33017557422755,50.36467882605579,8.565431845507698e-08,8.605285405630369e-08,8.494675747013851e-08
N0205,1.0,peak,True,True,True,970.1400017649042,1026.72833540671,992.1532707739606,828.8952061447347,883.8300715417064,850.466650868794,828.8952062119304,886.8043797317544,850.4666509321821,409.4566610552826,468.22206775480606,423.55319684295876,369.77212904897493,411.2865384372965,366.7562948932611,117.58261678528073,118.15361639741968,122.57413048709618,36.651112602263915,36.797452028853,36.60985962064499,184.84149316253928,172.8458723404603,179.40717866660432,189.3688594774847,178.9418439367049,184.97323036310848,120.72710355102178,111.45678948953477,116.2893905565352,123.33902634604013,113.9163810346674,118.8248753259112,24.978228014335308,25.09845455753724,30.556573997486055,11.092953164771615,11.17691056214834,11.100972773935721,29.440487400704544,29.50286248209128,29.454033045318745,118.7351010707146,118.02579978266803,118.82593528555036,47.83360635286113,45.723645906924325,48.42865358740846,63.85178627540867,68.21129509113689,55.55850590062606,52.80307021141336,57.124840702140844,44.46384890423888,75.81542658992056,71.61783577673694,70.7249244496755,7.802916874740838e-08,7.897398434028516e-08,7.718651890352115e-08
N0206,0.75,afternoon,False,True,True,1072.1575923366252,1112.134666304378,1090.627078795696,931.149382947491,970.2829545309104,949.539847062729,931.1493830062132,972.5539255292376,949.5398471210951,495.96932202079296,539.1418175302068,509.39207337225037,450.2740376680526,479.4974322270593,449.8002322775991,121.53862129064235,122.05833904200924,125.37860154249253,27.735905264581927,27.811721144405553,27.694081998907084,189.0325774044377,180.08459059652907,184.9954925010568,191.69236371901638,183.8722303389744,188.43737969967995,123.53377467244252,116.45776254745313,120.1705537241759,125.52747598918106,118.37220927522657,122.1239495916539,18.932202154562894,19.016425522032925,23.149572089793153,8.407182722766866,8.475425372717798,8.40809929760549,22.266907781246687,22.298438073534097,22.26785188313417,123.36322581767688,122.83545909246395,123.46389420507083,52.060200284585356,50.236161188696954,52.46806951646044,48.3887713471768,51.68476262143227,42.104574988222225,40.0210537163873,43.299944719641424,33.6934430087271,45.13485885790802,46.2463090500489,45.920909261000034,8.056405025896268e-08,8.123457408577685e-08,7.965432881995413e-08
N0207,0.2,overnight,False,False,True,1294.555092851129,1305.9941903610443,1299.1315613122858,1153.206610820048,1164.5682213541957,1157.791130296949,1153.2066108555046,1165.2288039916778,1157.7911303328412,678.840709339296,691.9591503505414,682.2450837604915,616.3426929029923,625.1246713633758,615.3576047875423,131.79754994548486,131.9346067258635,132.78317693079214,7.835440909683973,7.526659721200704,7.680945549299949,198.88542527437664,196.67189100812465,197.88199210992425,198.89285938644682,196.6791598086816,197.88199245082987,131.24387096698476,129.19996174401285,130.21588252430124,131.80939997157927,129.7626245109023,130.7788422961709,5.09603975268701,5.16132503647178,6.238903030160498,2.2594381837876227,2.3223157545696806,2.2603702355396984,6.2642427244579695,6.267413920028314,6.2645121740526015,135.38886330499267,135.2327807904366,135.3736028977128,63.39206984215837,62.778707606273535,63.428124699023336,13.021933076699899,13.971760005697815,11.371887643501513,10.79444677072679,11.74214103112852,9.0923665920844,50.44304113981079,50.32828124524934,50.54695275842183,8.549900023349205e-08,8.606412221121481e-08,8.510214829552234e-08
N0208,0.5,morning,False,False,True,1181.304855892841,1208.1474112453182,1193.157513944658,1040.6714464344805,1067.0552237252375,1052.4955653697712,1040.6714464881484,1068.5842818845479,1052.495565422538,588.9711100800899,618.1291339075389,597.5952463400887,535.9640684346746,555.4717006485163,535.0261721610646,126.4716002376969,126.8201254337243,129.01588197851265,18.74615123263098,18.783575884961746,18.723031703391133,195.68832865248518,190.3540987357836,193.397208140874,195.6943713398116,190.35972733273934,193.39720861655758,127.49197573066672,122.61246823814511,125.12189508344406,128.8530713042151,123.94082049630337,126.46593294642587,12.793097934353966,12.86553562539752,15.644571755216942,5.679783693395185,5.744312735137015,5.679886139268142,15.030569875880792,15.046261722937402,15.03065855364922,128.93140811946222,128.55840616055522,128.96127534309562,57.13023809571206,55.75838784122844,57.33299694108928,32.726805269155484,34.97002548229661,28.4950907774979,27.07560353172126,29.31062705604863,22.797298773128343,37.1126995170777,37.414304958600226,37.70253364749326,8.243319354835468e-08,8.294283818477289e-08,8.182204330829388e-08
N0209,0.2,overnight,False,False,True,1294.6702214866777,1305.7883491475482,1299.0339142837156,1153.323997524902,1164.363348612252,1157.6971082511066,1153.323997561665,1165.0238413509678,1157.6971082876137,678.9518802474187,691.7523645952932,682.1460272895071,616.451485151187,624.9178873119567,615.2585554139469,131.8052945422717,131.93920172262898,132.79434870169814,7.828651530541607,7.836037935531724,7.824184070359784,198.89857069083686,196.6786205721731,197.89963258768947,198.90600422789365,196.6858890337956,197.89963292861026,131.2526694275316,129.20447529852535,130.22771208580656,131.818165093792,129.767116892626,130.79062203201119,5.095810351605099,5.16111888226853,6.238358458133393,2.2593392125737606,2.322221645593661,2.260169343313661,6.264234438825822,6.267370413777445,6.264363608033581,135.39400023287305,135.23484407385283,135.38030828888571,63.396039056936,62.78110993523937,63.43396417931805,13.021272888245655,13.97122588557698,11.370905050190194,10.793885670981105,11.741698843742679,9.091587420941742,50.56549792256097,50.33017554137052,50.36467879852472,8.557762985417012e-08,8.589754901139725e-08,8.492944546090987e-08
N0210,1.0,peak,True,True,True,970.1400017681657,1026.7283354049773,992.1532707714346,828.8952061445751,883.8300715408103,850.4666508667095,828.8952062111441,886.8043797303898,850.4666509307215,409.4566610553591,468.22206775452895,423.5531968422694,369.7721290490023,411.2865384370675,366.7562948926181,117.5826167853437,118.15361639692276,122.57413048692588,36.65111260237566,36.79745202819404,36.60985962075637,184.84149316253416,172.84587234034495,179.40717866637397,189.3688594774322,178.94184393664696,184.9732303628761,120.7271035510342,111.45678948947702,116.2893905563513,123.33902634601075,113.9163810346388,118.82487532575183,24.97822801432492,25.098454557515034,30.556573997473027,11.092953164775597,11.176910562193745,11.100972773899914,29.440487400693208,29.502862482081195,29.45403304530248,118.73510107032786,118.02579978209722,118.82593528534908,47.83360635286973,45.72364590691438,48.428653587330345,63.851786275393124,68.21129509117861,55.55850590057054,52.803070211375264,57.12484070212629,44.46384890420615,75.8154265898918,71.61783577680298,70.7249244496755,7.806480851824604e-08,7.904221844510338e-08,7.724472418281969e-08
N0211,0.5,morning,False,False,True,1181.3066617444117,1208.146721588903,1193.1566640912517,1040.673284707673,1067.054474915611,1052.4946792262197,1040.6732847621938,1068.5835332258068,1052.4946792794667,588.9725480783592,618.1285453218768,597.5944038550491,535.9654372455045,555.4711484554311,535.0253450411562,126.47184037801935,126.82003562727805,129.0157355659781,18.746144444390957,18.783573392514224,18.723041002692156,195.68882211906623,190.35390773505674,193.3969046424655,195.69486480519572,190.35953632707742,193.39690511803474,127.49231000287635,122.61234209937521,125.12168538698455,128.8534074361033,123.94069329032892,126.46572236006499,12.79309530549539,12.865534674606673,15.64457298443167,5.679781832721497,5.7443125839889975,5.679887555386109,15.030568878270723,15.046262553401602,15.030661047998393,128.93151680660978,128.55836205143729,128.9612695065509,57.13036361359111,55.75834161762275,57.33292060829985,32.72681640700955,34.970016607252695,28.495088126629025,27.07561591051561,29.310618094257617,22.797295073663324,37.11279454024269,37.41427527760422,37.70245798490326,8.239337579894965e-08,8.294232342198056e-08,8.164825341728634e-08
N0212,0.2,overnight,False,False,True,1294.6702207390856,1305.788349611141,1299.0339145749333,1153.3239967644788,1164.3633490844697,1157.6971085451112,1153.323996801628,1165.0238418233487,1157.6971085805287,678.9518796442518,691.7523649413605,682.1460275510598,616.4514845768291,624.9178876348213,615.2585556689355,131.80529444551365,131.93920177747148,132.79434874448603,7.828651531184217,7.836037935257474,7.824184069779986,198.89857049811187,196.67862067860577,197.89963267468343,198.906004035178,196.6858891402396,197.89963301557648,131.25266929728107,129.20447536924064,130.22771214565537,131.81816496348384,129.7671169635181,130.7906220918422,5.095810351621684,5.161118882090289,6.2383584582260365,2.2593392126201057,2.3222216454646527,2.260169343439327,6.264234439016702,6.267370413808796,6.2643636078103775,135.39400018975147,135.23484410888824,135.38030829645822,63.3960390079319,62.78110996266657,63.43396420114487,13.021272888015373,13.971225886442362,11.370905049876542,10.793885670641384,11.741698844675978,9.091587420542613,50.565497862026426,50.33017557433634,50.36467882581803,8.560846284911934e-08,8.589348496398675e-08,8.49870122005272e-08
N0213,0.5,morning,False,False,True,1181.3046703185082,1208.1471533549034,1193.1579536563604,1040.6712514358462,1067.0549587247144,1052.4960197585617,1040.6712514889393,1068.5840169846624,1052.496019812258,588.9709737978437,618.1288952269106,597.5956104294285,535.963942192606,555.4714682062151,535.0265175974326,126.47157905030932,126.82008447568474,129.01594321013496,18.746146995386997,18.783573077104215,18.723038445099668,195.68828472481698,190.35401510943038,193.3973327220384,195.69432741074618,190.3596437085115,193.39733319769138,127.4919468480452,122.6124107650708,125.12197927088016,128.85304217168948,123.9407627783772,126.46601762897569,12.793097694056758,12.865536474574895,15.644571659792662,5.679783652554649,5.7443132260436425,5.679885662754925,15.030569803002319,15.046262365365862,15.030658063339484,128.93139157974963,128.55840022154206,128.96129945813055,57.13022691544053,55.75836650366434,57.33302894074529,32.72680325300386,34.9700245556894,28.495092853492274,27.07560152936981,29.310625753022773,22.797301231865358,37.11268605624791,37.41429406684583,37.70255702036315,8.231914391533312e-08,8.290754480120262e-08,8.176981046066096e-08
N0214,0.75,afternoon,False,True,True,1072.1579617575305,1112.1400584445098,1090.6293225215343,931.149311382206,970.2881407953632,949.5415054228904,931.1493114414238,972.5591156542855,949.5415054810161,495.9683244685589,539.1454528976893,509.39260670979564,450.272954285298,479.5008044148277,449.80063551780995,121.53848453557575,122.05898911482967,125.37880975808352,27.73592668504052,27.81173973404918,27.694114354782553,189.03214011224426,180.08577420495052,184.99563685120785,191.69189508271126,183.873459349043,188.43752965325515,123.53343353146818,116.45857694963395,120.1706421141808,125.52713267376815,118.37303258681956,122.12403935761967,18.932222752707958,19.016421102101965,23.149582994349384,8.407193924957168,8.475420872716333,8.40810433190411,22.266936718142,22.298452923605844,22.267876409192777,123.36351184853059,122.83589747814469,123.46421149021418,52.06011082338083,50.23647502720092,52.46814859904182,48.38877497334838,51.68482900752456,42.104595759017755,40.02104796341987,43.30001134533214,33.693457566950165,45.13482400193971,46.24625524106303,45.920968530720366,8.040866967080846e-08,8.134709733292495e-08,7.970720408794088e-08
N0215,0.75,afternoon,False,True,True,1072.157745830434,1112.137288168746,1090.6282327927938,931.1493182726724,970.285475715666,949.5407152431268,931.1493183307456,972.556448603011,949.5407153001977,495.9688097121687,539.1435813965679,509.39237893950974,450.2734844177451,479.49906760814923,449.80047181608995,121.53855092961764,122.05865407305825,125.37871143978626,27.735915910535933,27.811730249288175,27.694097834701097,189.03235555475848,180.0851641804679,184.99557797296512,191.69212622334157,183.87282569009054,188.43746862210216,123.53360218240054,116.45815686101632,120.17060745872853,125.52730238302057,118.37260791713902,122.12400410285508,18.932212330217656,19.016423488698745,23.149577438357568,8.407188269228481,8.4754232425717,8.408101676431134,22.2669220141839,22.298445422344248,22.267863819232744,123.36336427497703,122.8356733238522,123.46405259130128,52.06015459692572,50.23631319680094,52.46811232550686,48.38877280946815,51.68479499277327,42.104585645344805,40.021050544230455,43.299977162297985,33.693450680150576,45.13484229064312,46.246283465267375,45.92093715070515,8.043644329526891e-08,8.106321197281281e-08,7.988691331570328e-08
N0216,1.0,peak,True,True,True,969.7630074438167,1021.6198561245529,995.8823077549874,828.511386674477,878.8647351315968,854.4596893752212,828.5113867416461,881.8221426549705,854.4596894387316,409.0896430771226,463.3241958624405,427.95794039602384,369.40537467559176,406.40358167977297,371.2763797098804,117.57793086012596,118.28246228548721,122.79351494793758,36.66375522414954,36.781036340376986,36.60499073619896,184.85023644999475,173.05814130659147,179.7508381008953,189.37499359544302,179.15018224605814,185.33366901944436,120.72695826354878,111.58856225807743,116.52536896087555,123.33916495634287,114.05061265103342,119.063386066251,24.986925200563885,25.081996375972853,30.550712018414586,11.097339863708314,11.16889978177461,11.099323768354042,29.4475279265417,29.495565635168276,29.44933266240559,118.73347813103571,118.08084518536552,118.97051897271147,47.81884074812656,45.76912287561046,48.53443388555046,63.85936110129466,68.18870950322687,55.5459285822235,52.80640655588882,57.10916474395036,44.453082582551204,76.08816451046127,78.79072732621385,77.77533011177044,7.796539879151995e-08,7.890806357400019e-08,7.718601410496905e-08
N0217,0.5,morning,False,False,True,1181.3066664224584,1208.1467268756223,1193.156654379133,1040.6732896107592,1067.0544802835273,1052.494669222035,1040.6732896645092,1068.58353859055,1052.4946692743433,588.9725516704863,618.1285501334917,597.5943957278037,535.9654406085907,555.471153143407,535.0253373022795,126.47184094226904,126.8200364281169,129.01573422475025,18.746144436870555,18.783573385261427,18.723041018235126,195.68882328648357,190.3539093683388,193.3969019142682,195.6948659725798,190.35953796031552,193.3969023898437,127.49231077696318,122.61234322241025,125.12168354163903,128.8534082161564,123.94069441798568,126.46572050406327,12.793095307274672,12.865534660410948,15.64457298506637,5.679781831732573,5.744312575632021,5.679887564908957,15.030568877104676,15.046262544000863,15.030661058058302,128.93151717589114,128.55836217840823,128.96126900682327,57.13036390873277,55.758342032990555,57.33291991192853,32.726816451892724,34.970016627162835,28.495088079572888,27.075615956512227,29.310618119719383,22.79729501957697,37.11279489734091,37.414275640291045,37.70245728211415,8.21719559317231e-08,8.299376220925224e-08,8.174726671507719e-08
N0218,0.75,afternoon,False,True,True,1072.157961753163,1112.1400584413082,1090.62932252142,931.1493113809155,970.2881407938942,949.5415054228287,931.1493114401173,972.5591156524351,949.5415054808244,495.96832446759294,539.1454528965279,509.3926067094419,450.2729542844393,479.50080441371836,449.800635517582,121.53848453525178,122.05898911485117,125.37880975808352,27.735926684946733,27.8117397345433,27.694114354422133,189.03214011191818,180.08577420455512,184.99563685111903,191.6918950823706,183.87345934870194,188.43752965317037,123.53343353134538,116.45857694932532,120.1706421141129,125.52713267353981,118.37303258653755,122.12403935758137,18.932222752715735,19.016421102083847,23.149582994336193,8.407193924955376,8.475420872707629,8.408104331884756,22.26693671813745,22.29845292359051,22.26787640917489,123.36351184875899,122.83589747822043,123.46421149072549,52.06011082332183,50.23647502709942,52.4681485990015,48.388774973310866,51.68482900746242,42.10459575898431,40.02104796339015,43.30001134532955,33.69345756690138,45.13482400193415,46.246255241051,45.92096853076443,8.031404905590696e-08,8.130835234184811e-08,7.977062088831248e-08
N0219,1.0,peak,True,True,True,969.7630074497883,1021.6198561234734,995.8823077538675,828.511386678145,878.8647351313266,854.4596893744002,828.5113867439395,881.8221426553905,854.4596894398368,409.0896430785911,463.3241958626127,427.9579403962559,369.40537467698726,406.40358167983936,371.2763797101123,117.57793086039501,118.28246228559132,122.79351494794761,36.663755224392816,36.781036340265956,36.604990736310654,184.8502364504038,173.05814130669256,179.75083810102598,189.374993595867,179.1501822461702,185.33366901955202,120.72695826393421,111.58856225811162,116.52536896098361,123.3391649566234,114.0506126510938,119.06338606631476,24.98692520059006,25.081996375986957,30.550712018437434,11.097339863736629,11.16889978176573,11.099323768363789,29.447527926567332,29.49556563518024,29.44933266241991,118.7334781313687,118.08084518568664,118.9705189730185,47.818840748233,45.769122875635844,48.53443388558958,63.85936110134106,68.1887095032963,55.54592858230163,52.80640655597538,57.1091647439726,44.453082582606925,76.088164510177,78.79072732604631,77.77533011195462,7.783858766673072e-08,7.901378992743289e-08,7.718555319905992e-08
N0220,0.5,morning,False,False,True,1181.3066664221055,1208.1467268734073,1193.1566543757347,1040.6732896110248,1067.0544802827917,1052.4946692194703,1040.6732896641415,1068.5835385900064,1052.4946692713315,588.9725516704208,618.1285501335766,597.5943957264202,535.965440608526,555.4711531435772,535.0253373009766,126.47184094231727,126.82003642813268,129.01573422446913,18.746144436939996,18.78357338539509,18.72304101816466,195.6888232864323,190.35390936833875,193.39690191383283,195.69486597256258,190.35953796033343,193.39690238941273,127.49231077692959,122.6123432224051,125.12168354125133,128.85340821612107,123.94069441803397,126.46572050376824,12.793095307299257,12.865534660403487,15.644572985058833,5.679781831733831,5.744312575634142,5.679887564906041,15.030568877095616,15.046262544009487,15.030661058049835,128.93151717557336,128.5583621774472,128.96126900608854,57.13036390870486,55.75834203301288,57.33291991177194,32.726816451897825,34.970016627183576,28.495088079571275,27.0756159564954,29.310618119756274,22.797295019604896,37.112794897509275,37.41427564040421,37.702457282025385,8.230199222110734e-08,8.296534292930342e-08,8.179967963758893e-08
N0221,0.2,overnight,False,False,True,1294.6702207343776,1305.7883496101588,1299.0339145756534,1153.323996762417,1164.3633490822233,1157.6971085460486,1153.3239967994132,1165.0238418215015,1157.6971085823518,678.9518796422803,691.7523649404509,682.1460275531894,616.4514845749926,624.917887633938,615.2585556709565,131.80529444505808,131.93920177713127,132.79434874482314,7.828651531312581,7.836037935610897,7.824184069768322,198.89857049747508,196.6786206782491,197.89963267538383,198.90600403453223,196.68588913988143,197.8996330163328,131.25266929680618,129.2044753690862,130.22771214607172,131.81816496307928,129.76711696325668,130.79062209233595,5.095810351635223,5.1611188820995455,6.238358458218294,2.2593392125907106,2.3222216454594538,2.260169343439327,6.264234439016702,6.267370413816305,6.264363607806996,135.3940001896689,135.23484410830935,135.3803082960536,63.39603900775463,62.78110996258302,63.43396420128031,13.021272888001285,13.971225886451176,11.370905049852464,10.793885670706436,11.741698844670937,9.091587420556115,50.56549786177503,50.33017557406369,50.364678826120794,8.548830232009762e-08,8.593283478322449e-08,8.50445798126549e-08
N0222,0.75,afternoon,False,True,True,1072.1579586749353,1112.1400526109333,1090.629323603352,931.1493084512945,970.2881355233854,949.5415069979597,931.149308510015,972.5591103750072,949.5415070551753,495.9683225444568,539.1454493747736,509.3926090070702,450.2729525078413,479.50080114493574,449.8006378755722,121.53848416096744,122.05898854421555,125.37880999872264,27.73592667982882,27.81173968459964,27.69411433538059,189.03213939026648,180.08577336263437,184.99563750629122,191.6918943362917,183.87345846102724,188.4375303407383,123.53343303651208,116.45857636612972,120.17064259484232,125.5271321735686,118.37303199680105,122.12403984250825,18.932222756705606,19.016421090689988,23.149582980046418,8.407193928418126,8.475420868514536,8.408104320386087,22.266936704303724,22.298452898496564,22.267876380444562,123.3635115482289,122.83589698302,123.4642112763269,52.060110645451786,50.23647476434682,52.46814873875823,48.388774934545616,51.68482894199698,42.10459576565952,40.021047924620106,43.3000112871943,33.69345758216613,45.134823325954855,46.24625536327494,45.92096908211443,8.020889478843195e-08,8.125283134129325e-08,7.965977316999693e-08
N0223,0.75,afternoon,False,True,True,1072.1577458292807,1112.137288164585,1090.628232788539,931.1493182732509,970.2854757121567,949.5407152398326,931.1493183316959,972.5564485979245,949.540715297629,495.9688097137011,539.143581393369,509.39237893771417,450.2734844193656,479.49906760507645,449.8004718143739,121.53855092969026,122.05865407228333,125.3787114392767,27.735915910489727,27.811730249491365,27.69409783455355,189.0323555551213,180.08516417904002,184.99557797286187,191.69212622368272,183.87282568853522,188.43746862197568,123.53360218263722,116.45815686006388,120.17060745864852,125.52730238332944,118.3726079161069,122.12400410279385,18.9322123301948,19.01642348868606,23.149577438323202,8.407188269218954,8.475423242593749,8.40810167642723,22.266922014147582,22.298445422343523,22.2678638192133,123.36336427558477,122.835673323278,123.46405259135808,52.06015459703915,50.23631319646327,52.468112325452594,48.38877280941532,51.68479499274775,42.104585645297256,40.02105054422419,43.29997716220655,33.693450680120144,45.1348422918739,46.24628346433647,45.920937150420976,8.046045443113927e-08,8.121954738819702e-08,7.953803711220301e-08
N0224,0.5,morning,False,False,True,1181.3064144466166,1208.144225112119,1193.15846351556,1040.6730556878915,1067.0519591401146,1052.4965845776892,1040.6730557415106,1068.581017451857,1052.4965846302673,588.9725750283882,618.1265360556758,597.595973445188,535.9654975499518,555.4692352249938,535.0268384282327,126.47185300539776,126.819700489943,129.01599353864125,18.746144413665036,18.783575605045677,18.723036867522108,195.68885307243323,190.3532394637179,193.39743631651427,195.6948957455245,190.35886806023797,193.39743679214814,127.49233783859032,122.61189001031124,125.12204395323153,128.85343494001438,123.94023883834319,126.46608324974346,12.793093483148638,12.865538979169648,15.644574883931535,5.679780997772879,5.744315320806603,5.679886312204608,15.030566156347424,15.04626375693115,15.030657922380657,128.9314393443923,128.55822460295838,128.9613577483372,57.13037147554479,55.758169659648054,57.33305532989028,32.7268120863933,34.97000311094576,28.495099856281932,27.07561228872714,29.310602893152474,22.79730797966902,37.11281202139187,37.41414516783733,37.70258050586472,8.21412682791667e-08,8.293159980036072e-08,8.1694903112048e-08
N0225,0.75,afternoon,False,True,True,1072.1579617577145,1112.140058441681,1090.6293225245486,931.1493113828457,970.2881407950015,949.5415054242742,931.1493114410792,972.5591156534244,949.5415054813003,495.96832446790677,539.1454528975147,509.3926067097823,450.27295428468796,479.5008044146685,449.8006355178182,121.5384845353436,122.05898911449776,125.37880975774898,27.73592668498122,27.811739734277275,27.694114354446334,189.0321401120404,180.08577420488126,184.99563685118437,191.691895082463,183.8734593489847,188.43752965324765,123.53343353130832,116.45857694959292,120.17064211417286,125.52713267361297,118.37303258679471,122.12403935762282,18.932222752735225,19.0164211021068,23.149582994326984,8.407193924989794,8.475420872721553,8.408104331846046,22.266936718153605,22.298452923593157,22.267876409187878,123.3635118489332,122.8358974783155,123.46421149047987,52.06011082334581,50.23647502720642,52.468148599039544,48.38877497335477,51.68482900751493,42.10459575900763,40.0210479634017,43.30001134531408,33.69345756690943,45.13482400199742,46.24625524097458,45.9209685308477,8.040902519588913e-08,8.121582287129155e-08,7.976535400926395e-08
N0226,0.75,afternoon,False,True,True,1072.1577458292243,1112.137288166507,1090.6282327908652,931.1493182721817,970.2854757148111,949.5407152417018,931.1493183302761,972.5564486020291,949.5407152986851,495.9688097117313,539.1435813963521,509.39237893873513,450.27348441737615,479.49906760790657,449.80047181539123,121.53855092957362,122.05865407286963,125.37871143950058,27.73591591063178,27.811730248535813,27.69409783451243,189.03235555460796,180.08516418036314,184.99557797274562,191.6921262231849,183.87282569004668,188.43746862179202,123.53360218222802,116.45815686096867,120.17060745856458,125.5273023829133,118.3726079170586,122.12400410265151,18.93221233021881,19.016423488706298,23.14957743835358,8.407188269218203,8.475423242566551,8.40810167641487,22.266922014173364,22.298445422333938,22.267863819227898,123.36336427559297,122.83567332365386,123.46405259141449,52.06015459690584,50.23631319680007,52.468112325417856,48.38877280946048,51.68479499280677,42.10458564531137,40.02105054421033,43.299977162260674,33.69345068013029,45.134842290526635,46.246283465265016,45.92093715077617,8.03778367039546e-08,8.116848074573826e-08,7.971247480915603e-08
N0227,1.0,peak,True,True,True,969.7630074443581,1021.6198561223741,995.8823077569297,828.5113866760847,878.8647351300978,854.4596893744657,828.5113867424585,881.8221426539627,854.4596894392073,409.0896430775365,463.3241958619582,427.9579403961773,369.40537467594123,406.4035816793522,371.2763797100317,117.57793086054637,118.28246228573222,122.79351494810784,36.66375522473134,36.78103634096563,36.60499073625164,184.85023645010426,173.05814130654406,179.7508381009671,189.37499359559223,179.1501822458788,185.33366901952274,120.72695826370575,111.5885622581131,116.52536896093149,123.3391649563995,114.05061265095327,119.06338606629129,24.9869252005638,25.081996375992443,30.550712018411357,11.097339863741693,11.168899781762704,11.099323768357266,29.44752792654406,29.495565635173758,29.44933266241074,118.73347813138703,118.08084518512618,118.97051897291271,47.818840748147345,45.76912287558222,48.53443388554723,63.85936110129467,68.18870950325599,55.54592858223958,52.806406555926486,57.109164743918434,44.45308258256453,76.08816451034151,78.7907273262988,77.7753301119079,7.792037534380716e-08,7.897299088755678e-08,7.730154883103587e-08
N0228,0.2,overnight,False,False,True,1294.5542327560097,1305.9949145156738,1299.1319043520289,1153.205753303789,1164.5689706937007,1157.791494126553,1153.205753339729,1165.229553274277,1157.7914941618321,678.8400801260627,691.9597647245506,682.2454691375716,616.3421029234341,625.1252582480141,615.3579905103462,131.79744939406902,131.9347058853513,132.78324139239012,7.835441566704694,7.526659890546902,7.680945976287184,198.88523181706378,196.67209294245498,197.88213029866824,198.89266592941453,196.679361743071,197.88213063962127,131.24374162189088,129.20009846058153,130.21597911943533,131.8092706057747,129.76276130599643,130.77893871795254,5.096039764951074,5.161324813436263,6.23890312351764,2.259438204223974,2.322315600950581,2.260370383478423,6.26424275248424,6.2674137046669145,6.26451163674159,135.38879894168866,135.2328163055947,135.37359336925854,63.392019127727266,62.778757707488595,63.428157715730244,13.021932789489997,13.971760959188657,11.371887109740921,10.794446470053485,11.742142142030426,9.092365950498232,50.442980574401524,50.32833864999111,50.546992532562314,8.549825326288956e-08,8.595963033476754e-08,8.49870122005272e-08
N0229,0.5,morning,False,False,True,1181.3048560716943,1208.1474111010514,1193.157513900633,1040.671446618735,1067.0552235758419,1052.4955653267511,1040.6714466715846,1068.5842817357413,1052.4955653779139,588.9711102319807,618.1291337932087,597.5952462947436,535.9640685805468,555.471700541046,535.0261721159213,126.47160026327265,126.82012541591564,129.01588197055713,18.7461512319696,18.783575885312235,18.723031703498407,195.68832870511318,190.3540986989293,193.39720812411136,195.69437139247503,190.35972729594351,193.39720859974256,127.49197576642104,122.61246821358952,125.12189507165188,128.85307134027985,123.9408204716235,126.46593293462671,12.793097934069378,12.865535625449382,15.644571755419037,5.679783693192852,5.744312735218589,5.6798861394089535,15.030569875669189,15.046261723000365,15.030658553787442,128.9314081276068,128.55840615094937,128.96127534403553,57.130238109037606,55.75838783192868,57.332996936755215,32.72680527019104,34.97002548102292,28.49509077753023,27.075603532906783,29.3106270547228,22.797298773088755,37.11269952862765,37.41430495080884,37.70253364377733,8.219852322277215e-08,8.290271444513884e-08,8.181077940865185e-08
N0230,0.5,morning,False,False,True,1181.3056845765898,1208.1468678532588,1193.1574255904766,1040.6722707930257,1067.054629142887,1052.49545509204,1040.6722708474892,1068.5836875894888,1052.4954551454136,588.9717337205566,618.1286088582834,597.5950559703999,535.9646595053663,555.4711951560289,535.025971321028,126.47170649959808,126.820042366361,129.0158468581247,18.74614603911028,18.78357318200092,18.723039233670676,195.6885432605982,190.35391843500437,193.39712762687105,195.6945859469339,190.35954703176324,193.39712810247676,127.49212111051781,122.6123464826812,125.12183744760195,128.8532174611283,123.94069797330174,126.46587519403924,12.793096060600298,12.865535388022119,15.644572014050539,5.679782542731152,5.744312855012066,5.679886416155094,15.030569792181073,15.04626305683879,15.03065995443588,128.9314634072355,128.55838948909275,128.96130122501543,57.1302935907052,55.7583449402027,57.33297865494686,32.72680933419161,34.97001968091817,28.49509072059203,27.07560830619887,29.31062102601785,22.797298491586464,37.11273097920938,37.41427914838104,37.70251073010781,8.225275550840184e-08,8.32083911175303e-08,8.181639084661408e-08
N0231,0.5,morning,False,False,True,1181.3056864981293,1208.1468664088318,1193.1574250191347,1040.672272772022,1067.0546276476657,1052.4954545198339,1040.672272825225,1068.5836860929385,1052.4954545717144,588.9717353451207,618.1286077145013,597.5950554132961,535.9646610642023,555.4711940827056,535.0259707698585,126.47170677094499,126.82004218757953,129.01584675605508,18.746146035890046,18.78357318254782,18.723039235721483,195.68854382229648,190.35391807192647,193.39712741922582,195.694586508557,190.3595466686118,193.39712789488425,127.49212149315946,122.6123462414716,125.12183730278937,128.8532178457291,123.9406977303118,126.46587504870992,12.793096057764801,12.865535387940717,15.644572016256715,5.679782540685977,5.744312855463639,5.679886417622377,15.03056979003449,15.046263057245554,15.030659955985373,128.9314634998509,128.55838939097038,128.96130122603535,57.1302937329651,55.75834484841969,57.332978601499136,32.72680934604779,34.9700196675874,28.495090720667463,27.07560831946162,29.31062101228398,22.7972984906079,37.112731093708774,37.414279068407986,37.702510696118445,8.239744286303099e-08,8.302855126096418e-08,8.175284106890238e-08
N0232,0.2,overnight,False,False,True,1294.670221178856,1305.7883494557839,1299.0339142856317,1153.3239972100362,1164.3633489264168,1157.697108255538,1153.3239972456486,1165.0238416645445,1157.697108291714,678.9518799899521,691.7523648348754,682.1460273082258,616.4514849049234,624.9178875377423,615.2585554351027,131.8052945008822,131.93920176088804,132.79434870560937,7.828651530756074,7.836037935013789,7.824184070276758,198.8985706080218,196.67862064734015,197.89963259553073,198.9060041450614,196.68588910893868,197.89963293650447,131.25266937133665,129.2044753489246,130.22771209179453,131.8181650376043,129.76711694308005,130.79062203788766,5.095810351565323,5.161118882219093,6.238358458167873,2.259339212570793,2.3222216455415294,2.260169343386841,6.2642344389456595,6.26737041375287,6.264363607954202,135.39400021703267,135.23484409353176,135.38030828455854,63.39603903593026,62.78110995447795,63.43396418114679,13.021272888258432,13.971225885964882,11.370905050004993,10.79388567097839,11.741698844106438,9.091587420695358,50.56549789641114,50.330175564711546,50.36467880086434,8.555726140498631e-08,8.598798748924619e-08,8.491228952842521e-08
N0233,0.5,morning,False,False,True,1181.3046703195514,1208.1471533521426,1193.157953655217,1040.671251435379,1067.0549587236712,1052.4960197593525,1040.6712514890346,1068.5840169848486,1052.4960198111633,588.970973797814,618.1288952270938,597.5956104292401,535.9639421925328,555.4714682063187,535.0265175972448,126.47157905040987,126.82008447536006,129.01594321024797,18.74614699573533,18.78357307725932,18.723038444901952,195.68828472479393,190.3540151094909,193.3973327219782,195.6943274107296,190.35964370859136,193.39733319762723,127.49194684802843,122.6124107650457,125.12197927075226,128.85304217168752,123.94076277842807,126.46601762896024,12.793097694107106,12.865536474551549,15.644571659846036,5.679783652575539,5.74431322606785,5.6798856627253445,15.03056980300364,15.04626236536836,15.03065806333447,128.9313915797253,128.55840022193243,128.96129945762675,57.13022691542703,55.75836650366652,57.33302894073805,32.726803253016,34.9700245557013,28.495092853495198,27.075601529354095,29.31062575303302,22.797301231834126,37.11268605620545,37.414294066896,37.70255702028144,8.232332268236465e-08,8.284975747025089e-08,8.181639084661408e-08
N0234,0.2,overnight,False,False,True,1294.670221602853,1305.788349228082,1299.0339140870085,1153.3239976418874,1164.3633486960507,1157.6971080520389,1153.323997678309,1165.0238414340945,1157.6971080865992,678.9518803319713,691.7523646690505,682.1460271303047,616.4514852301786,624.9178873838259,615.2585552625645,131.80529455547077,131.93920173443794,132.79434867609586,7.828651530537618,7.836037934693917,7.8241840703831125,198.89857071706544,196.6786205968136,197.89963253691604,198.9060042541388,196.68588905851263,197.89963287780822,131.25266944497372,129.2044753154813,130.22771205149402,131.81816511128272,129.76711690956287,130.79062199768634,5.095810351552105,5.1611188822982035,6.238358458116275,2.2593392125341287,2.3222216456468203,2.2601693433207535,6.264234438840939,6.267370413710681,6.264363608084608,135.3940002416481,135.23484407563234,135.3803082774182,63.396039063705075,62.78110994141389,63.43396416639861,13.021272888438398,13.97122588549761,11.370905050130046,10.793885671201378,11.74169884359323,9.091587420885709,50.56549793052647,50.33017554916608,50.36467878244924,8.561057772246369e-08,8.608103820595654e-08,8.49870122005272e-08
N0235,1.0,peak,True,True,True,970.1400017681364,1026.728335409421,992.153270773949,828.8952061452286,883.8300715440628,850.4666508690198,828.8952062115991,886.8043797316961,850.4666509330614,409.45666105499663,468.22206775474865,423.55319684317817,369.772129048671,411.28653843729876,366.7562948934464,117.58261678525633,118.15361639724188,122.57413048720971,36.65111260219702,36.79745202842726,36.60985962069764,184.84149316242042,172.84587234044378,179.4071786666641,189.36885947729118,178.9418439367342,184.97323036318133,120.72710355095823,111.45678948954516,116.28939055652327,123.3390263459248,113.91638103466556,118.82487532596932,24.978228014323133,25.09845455753518,30.556573997518594,11.092953164764513,11.176910562188297,11.100972773938992,29.44048740068951,29.50286248208386,29.454033045317026,118.7351010706418,118.02579978253353,118.82593528607138,47.83360635283165,45.7236459069294,48.428653587418154,63.851786275374145,68.21129509115337,55.558505900635744,52.80307021135578,57.124840702122896,44.46384890425496,75.81542658996612,71.6178357766651,70.72492444963635,7.783877980031723e-08,7.901383113267117e-08,7.730347732977125e-08
N0236,0.75,afternoon,False,True,True,1072.1575923347045,1112.13466630171,1090.6270787961103,931.1493829465815,970.2829545300648,949.5398470637577,931.1493830056804,972.5539255285123,949.5398471220617,495.9693220204744,539.1418175299087,509.39207337268476,450.2740376677532,479.4974322267322,449.8002322780227,121.53862129074965,122.05833904185972,125.37860154265981,27.735905264498495,27.811721144447574,27.69408199922638,189.0325774043304,180.08459059647788,184.99549250119637,191.6923637189276,183.8722303388609,188.43737969987757,123.53377467238768,116.45776254737467,120.17055372423596,125.5274759891098,118.37220927514032,122.12394959175725,18.93220215457625,19.01642552203074,23.14957208980236,8.4071827227618,8.475425372716927,8.408099297621755,22.26690778125203,22.29843807353204,22.267851883152062,123.3632258174793,122.83545909228425,123.46389420521594,52.0602002845734,50.236161188682615,52.468069516530946,48.38877134717925,51.684762621437685,42.10457498819982,40.02105371638782,43.29994471964196,33.69344300878298,45.13485885807827,46.24630905005007,45.92090926108573,8.040255406414569e-08,8.123836290873902e-08,7.96516703106956e-08
N0237,0.5,morning,False,False,True,1181.3064144483824,1208.1442251127721,1193.1584635129946,1040.6730556865405,1067.0519591411833,1052.49658457474,1040.6730557405651,1068.5810174538422,1052.4965846280745,588.9725750277897,618.1265360573866,597.5959734435844,535.9654975494053,555.4692352266945,535.0268384267922,126.47185300530788,126.81970049022974,129.01599353869912,18.746144413968207,18.78357560514666,18.723036867180305,195.68885307223314,190.35323946435707,193.39743631597977,195.6948957453265,190.3588680607626,193.39743679161808,127.49233783845875,122.61189001076427,125.1220439528518,128.85343493984902,123.94023883872677,126.46608324937827,12.793093483128386,12.86553897917084,15.644574883923996,5.679780997711692,5.744315320789414,5.67988631218086,15.030566156334883,15.046263756926999,15.030657922375642,128.93143934444183,128.55822460220338,128.96135774845627,57.130371475496034,55.75816965974828,57.33305532974983,32.72681208639246,34.97000311097824,28.495099856283247,27.075612288733417,29.31060289319979,22.797307979664453,37.1128120212292,37.41414516803507,37.7025805057894,8.240546492787019e-08,8.304618272054204e-08,8.182204330829388e-08
N0238,0.2,overnight,False,False,True,1294.6702209045188,1305.788350451031,1299.03391356227,1153.323996935191,1164.3633499391478,1157.697107521555,1153.3239969715323,1165.0238426790188,1157.6971075570991,678.9518797304869,691.752365645571,682.1460267613778,616.4514846497981,624.9178883099089,615.2585549228787,131.8052944579666,131.93920189114246,132.79434861840423,7.828651531393114,7.836037934078445,7.824184070217063,198.8985705209902,196.67862090697452,197.89963242548458,198.90600405801814,196.6858893685565,197.89963276642672,131.25266931085784,129.20447552464591,130.22771197823053,131.81816497734482,129.76711711879474,130.7906219242274,5.095810351327795,5.161118882198119,6.238358458217854,2.2593392123879323,2.3222216455613287,2.2601693435558126,6.264234439212829,6.2673704134668675,6.26436360796569,135.39400021424785,135.23484414895694,135.38030823206796,63.39603901426788,62.78111002053024,63.433964137451035,13.021272888984571,13.971225886213086,11.370905049309009,10.793885671852216,11.741698844359089,9.09158741983738,50.56549786747537,50.330175645937985,50.36467874710441,8.557345163011499e-08,8.610223453445812e-08,8.513685774300765e-08
N0239,1.0,peak,True,True,True,970.1400017688399,1026.7283354058736,992.1532707716904,828.8952061458091,883.8300715420216,850.4666508677554,828.8952062115789,886.8043797318655,850.4666509312289,409.456661055054,468.22206775534266,423.55319684241573,369.7721290487579,411.2865384378013,366.7562948927868,117.58261678523299,118.15361639731253,122.57413048710141,36.65111260236375,36.79745202838899,36.609859620796875,184.84149316246524,172.8458723406322,179.40717866646204,189.36885947738486,178.94184393683054,184.9732303629262,120.7271035509787,111.45678948964661,116.28939055639532,123.33902634594345,113.91638103477705,118.82487532580528,24.978228014324102,25.098454557517684,30.556573997482815,11.092953164771531,11.176910562175182,11.100972773935721,29.440487400684198,29.50286248209228,29.45403304532344,118.73510107057338,118.02579978225293,118.82593528520209,47.83360635281904,45.723645906964414,48.428653587353075,63.85178627538717,68.21129509118171,55.55850590060953,52.803070211366546,57.124840702120785,44.463848904235476,75.81542659005292,71.61783577663384,70.7249244496755,7.796325172123298e-08,7.902324043938429e-08,7.72452724597086e-08
N0240,0.75,afternoon,False,True,True,1072.1575923355572,1112.1346663043792,1090.6270787981352,931.1493829473453,970.2829545312425,949.5398470645564,931.1493830059678,972.5539255292082,949.5398471210056,495.9693220206027,539.1418175301035,509.392073372143,450.2740376678618,479.49743222690455,449.8002322774998,121.53862129071403,122.05833904169903,125.37860154265722,27.73590526459434,27.8117211445213,27.694081999332813,189.03257740435546,180.08459059648084,184.99549250104226,191.69236371898677,183.8722303389741,188.43737969963757,123.53377467240391,116.45776254747531,120.1705537242479,125.52747598917782,118.37220927517181,122.1239495916494,18.9322021545873,19.016425522040098,23.149572089838877,8.40718272274585,8.475425372699737,8.408099297585322,22.26690778123663,22.298438073525265,22.267851883142306,123.36322581769649,122.83545909253453,123.46389420503895,52.060200284552856,50.23616118869864,52.468069516447,48.3887713471529,51.68476262139982,42.10457498824554,40.02105371642053,43.29994471962006,33.69344300869152,45.13485885803884,46.24630905006712,45.92090926104288,8.03580321098839e-08,8.125610168603642e-08,7.95909044985312e-08
N0241,1.0,peak,True,True,True,969.7630074467692,1021.6198561214132,995.8823077521083,828.5113866758413,878.8647351295149,854.4596893737413,828.5113867423945,881.8221426546149,854.4596894388637,409.0896430775867,463.3241958620889,427.95794039637883,369.405374675952,406.4035816794789,371.27637971021545,117.5779308601041,118.28246228566707,122.7935149479426,36.66375522432878,36.78103634064715,36.60499073636334,184.85023645015104,173.05814130650396,179.75083810105784,189.3749935956085,179.1501822459114,185.33366901962947,120.72695826379044,111.58856225803238,116.52536896095945,123.33916495645312,114.05061265095007,119.06338606633723,24.98692520057171,25.08199637598399,30.550712018404777,11.097339863712376,11.168899781763914,11.099323768373553,29.44752792655042,29.495565635182604,29.44933266242036,118.73347813134502,118.0808451853649,118.97051897259537,47.81884074820248,45.76912287558043,48.53443388560596,63.859361101307066,68.1887095033054,55.545928582314495,52.80640655594418,57.109164743960356,44.45308258257734,76.08816451050652,78.79072732648768,77.7753301116115,7.789526589296953e-08,7.897608918534396e-08,7.724375920604313e-08
N0242,0.75,afternoon,False,True,True,1072.1575897003013,1112.13466540905,1090.6270828487623,931.1493802123647,970.2829537325614,949.5398509997686,931.1493802705056,972.5539247282594,949.539851057306,495.9693193721002,539.1418169661282,509.3920765955722,450.2740350724407,479.497431699444,449.80023537930833,121.53862104334503,122.0583390498314,125.37860185037023,27.73590522770974,27.81172114786784,27.69408203770103,189.0325769108593,180.08459064691328,184.99549301991834,191.69236320129673,183.87223038394427,188.4373802470963,123.53377432449429,116.45776257630037,120.1705540870128,125.52747563790712,118.3722093044881,122.12394995808997,18.93220215406871,19.01642551090166,23.14957210725981,8.407182723476897,8.475425367031885,8.408099303355689,22.266907783166626,22.298438066058626,22.267851894478643,123.36322576548271,122.83545904285623,123.46389439667269,52.06020016452719,50.23616118318756,52.46806966908189,48.38877131836949,51.6847626141874,42.1045750253686,40.02105368953906,43.29994471666088,33.69344303849317,45.134857492318424,46.246310467375004,45.9209091535569,8.039118215117244e-08,8.110479926992471e-08,7.965977316999693e-08
N0243,1.0,peak,True,True,True,969.7630074476776,1021.6198561235893,995.8823077550221,828.5113866751163,878.8647351296355,854.4596893731683,828.5113867416176,881.8221426539898,854.4596894387986,409.08964307732145,463.3241958619374,427.9579403960113,369.4053746756812,406.40358167936444,371.27637970990475,117.57793086006674,118.28246228562837,122.79351494811787,36.66375522445235,36.78103634046596,36.60499073625164,184.85023645004392,173.05814130646033,179.7508381009379,189.37499359553607,179.15018224591188,185.33366901947267,120.72695826367162,111.58856225795391,116.5253689609476,123.33916495639573,114.05061265091821,119.06338606623694,24.986925200582267,25.081996375976793,30.550712018414586,11.097339863717467,11.168899781754027,11.099323768360545,29.447527926544687,29.495565635169125,29.449332662407308,118.73347813100361,118.08084518516429,118.97051897293852,47.81884074816918,45.769122875580805,48.53443388556684,63.85936110130317,68.18870950322827,55.54592858223315,52.80640655591173,57.10916474389003,44.453082582525326,76.08816451052127,78.79072732637118,77.77533011164803,7.80386204599311e-08,7.897189284631701e-08,7.701051723507381e-08
N0244,1.0,peak,True,True,True,969.7616533020433,1021.619422264145,995.8815231916356,828.5101885273981,878.8644349127137,854.4590392278576,828.510188594056,881.8218404021897,854.459039293085,409.0890016911542,463.3241635686847,427.9576787432825,369.4047887158069,406.40358054067775,371.27617036302655,117.57778960800434,118.2824459747559,122.79345389681079,36.66374515223965,36.78102300429823,36.60497910758271,184.8500252349459,173.05814700344354,179.7507674614484,189.37477349401388,179.15018824653316,185.3335924270043,120.72681441261449,111.58857056774379,116.52532213595376,123.3390191268693,114.05062089780779,119.06333846255903,24.986922097739907,25.08199288048502,30.55070909008987,11.097338766146057,11.168897917013021,11.099322763523311,29.44751712693667,29.4955542298823,29.449321426057246,118.73332056766098,118.08076397043699,118.97040627046648,47.81877573505239,45.76912339570332,48.534409901648004,63.859341991339335,68.18870500021161,55.54591915428621,52.80638931584064,57.10916267491479,44.453075213414216,76.08816601533347,78.79072093011395,77.77534883984413,7.808259704814321e-08,7.8814125355191e-08,7.724334250779923e-08
N0245,0.75,afternoon,False,True,True,1072.157589699169,1112.1346654129793,1090.627082849009,931.149380211757,970.2829537340305,949.5398510004034,931.1493802702447,972.5539247284315,949.5398510574845,495.96931937189373,539.1418169664825,509.39207659583633,450.27403507225824,479.4974316997494,449.8002353794898,121.53862104321338,122.05833904988083,125.37860185031361,27.73590522736839,27.81172114795217,27.694082037459147,189.0325769107851,180.08459064700705,184.99549302001603,191.69236320120103,183.8722303840102,188.43738024716,123.53377432441654,116.45776257627658,120.17055408703276,125.52747563785498,118.37220930456324,122.12394995816018,18.932202154089506,19.016425510949997,23.14957210726595,8.407182723490617,8.475425367056689,8.408099303368862,22.266907783171916,22.298438066064474,22.26785189448841,123.36322576549816,122.83545904242837,123.46389439661016,52.060200164521454,50.23616118320013,52.46806966908189,48.388771318337035,51.684762614230536,42.10457502532595,40.02105368954672,43.29994471663627,33.69344303852264,45.134857492457904,46.24631046740015,45.92090915351526,8.057765657372168e-08,8.118135157727174e-08,7.983146210996138e-08
N0246,0.5,morning,False,False,True,1181.3064144466825,1208.1442251129286,1193.158463515869,1040.6730556889572,1067.0519591411457,1052.4965845751997,1040.6730557422634,1068.5810174530677,1052.4965846273403,588.972575028858,618.1265360570918,597.5959734429484,535.9654975503514,555.4692352264155,535.0268384261683,126.47185300555562,126.81970049016411,129.01599353864214,18.74614441343131,18.783575604947984,18.72303686732439,195.68885307254112,190.3532394642709,193.3974363157993,195.69489574563804,190.3588680606546,193.39743679140628,127.49233783865138,122.61189001062554,125.12204395280787,128.8534349400607,123.94023883868113,126.46608324922059,12.793093483156923,12.865538979182558,15.644574883891504,5.679780997717094,5.744315320776,5.679886312191276,15.03056615632855,15.046263756935684,15.030657922369237,128.93143934454156,128.55822460251264,128.9613577481808,57.13037147559086,55.758169659765784,57.33305532968527,32.72681208642046,34.97000311095719,28.495099856253674,27.075612288724944,29.310602893164642,22.797307979624463,37.11281202118424,37.4141451680242,37.7025805057282,8.233660869752442e-08,8.29834959498202e-08,8.170052250874368e-08
N0247,1.0,peak,True,True,True,969.7630228279777,1021.6198659664474,995.8822901780887,828.5114020693892,878.8647436711499,854.4596721098568,828.5114021357342,881.8221512415146,854.4596721735746,409.0896569879645,463.32420004096775,427.95792670334794,369.4053884330917,406.40358518818664,371.2763667531367,117.57793172739625,118.28246388893162,122.79351300184399,36.663755184135226,36.78103645461586,36.604990754707565,184.85023807638964,173.05814366335537,179.7508347992994,189.37499523333528,179.1501846678612,185.33366569497147,120.72695936886555,111.58856380850621,116.52536676634628,123.33916607901945,114.05061422765633,119.06338383556017,24.986925128176132,25.081996496176302,30.55071195070777,11.097339822094822,11.1688998346417,11.099323769489274,29.44752790110284,29.495565706096475,29.449332699025792,118.73347850903572,118.08084626135856,118.97051838380034,47.818841187033286,45.76912357279033,48.53443295103983,63.85936118644844,68.18870983839616,55.54592833485833,52.80640667159712,57.109165034608274,44.453082331318505,76.08816281988756,78.79071994202697,77.77533906746535,7.791502314037096e-08,7.901518988849174e-08,7.712655646745692e-08
N0248,0.5,morning,False,False,True,1181.3066664190637,1208.1467268745948,1193.156654377886,1040.6732896089443,1067.0544802823115,1052.4946692202752,1040.6732896637918,1068.5835385900775,1052.4946692733822,588.9725516701078,618.1285501334598,597.5943957271049,535.9654406082778,555.471153143398,535.0253373016201,126.47184094231068,126.82003642801423,129.0157342248072,18.746144437030324,18.783573385023153,18.723041018342396,195.6888232863278,190.3539093683105,193.39690191402664,195.69486597250832,190.35953796031035,193.39690238963186,127.49231077688944,122.6123432224365,125.12168354141929,128.85340821608588,123.94069441801115,126.46572050393222,12.79309530730683,12.86553466042505,15.644572985058833,5.679781831756165,5.744312575682838,5.679887564906041,15.03056887710494,15.046262544006693,15.030661058059694,128.93151717582245,128.5583621782959,128.96126900696015,57.1303639087125,55.758342033000545,57.332919911850226,32.72681645190923,34.97001662723093,28.495088079587525,27.075615956500073,29.310618119804264,22.797295019581156,37.11279489742223,37.41427564033151,37.702457282120875,8.227930957820968e-08,8.288940324895408e-08,8.181639084661408e-08
N0249,1.0,peak,True,True,True,969.7630228284381,1021.6198659676722,995.8822901789481,828.5114020697523,878.8647436704905,854.4596721101041,828.5114021363183,881.8221512421461,854.4596721743442,409.0896569882132,463.32420004174963,427.9579267035578,369.40538843325027,406.40358518888644,371.27636675335305,117.57793172758055,118.28246388925238,122.79351300163202,36.66375518433538,36.781036455150456,36.604990754865604,184.8502380764617,173.05814366354693,179.75083479940386,189.37499523341043,179.15018466809326,185.33366569509806,120.72695936890089,111.58856380858016,116.52536676641407,123.33916607905525,114.0506142278065,119.0633838356351,24.986925128207183,25.081996496202706,30.550711950750117,11.097339822100842,11.168899834660467,11.099323769505526,29.44752790110645,29.495565706112014,29.449332699048473,118.73347850919812,118.08084626066919,118.97051838375133,47.81884118703122,45.769123572840556,48.53443295106914,63.85936118646867,68.1887098384083,55.54592833486173,52.80640667157603,57.109165034669694,44.45308233132491,76.08816281979996,78.79071994206288,77.77533906736065,7.789116119047658e-08,7.889241760001963e-08,7.730154883103587e-08
N0250,0.5,morning,False,False,True,1181.3066664233995,1208.1467268753188,1193.156654378132,1040.6732896107562,1067.0544802838087,1052.4946692221288,1040.6732896638105,1068.5835385922944,1052.49466927379,588.9725516703587,618.128550134308,597.5943957272203,535.9654406085042,555.4711531442177,535.0253373017445,126.47184094244506,126.82003642813542,129.01573422435524,18.746144437067866,18.78357338508454,18.72304101798377,195.68882328643207,190.35390936856254,193.39690191407203,195.6948659725417,190.35953796061128,193.39690238969396,127.49231077696638,122.61234322258879,125.12168354149928,128.85340821612695,123.94069441817251,126.46572050398883,12.793095307289663,12.865534660421371,15.644572985042586,5.6797818317428375,5.744312575653358,5.679887564906041,15.030568877092248,15.046262544012782,15.030661058056408,128.93151717548002,128.55836217830046,128.96126900731463,57.13036390872545,55.75834203304034,57.33291991185432,32.72681645192729,34.9700166272337,28.495088079557952,27.07561595649735,29.310618119755937,22.797295019601975,37.112794897259484,37.41427564037675,37.70245728214812,8.226740300665791e-08,8.309272580177339e-08,8.180520900284925e-08
N0251,0.2,overnight,False,False,True,1294.6702207364392,1305.7883496125955,1299.0339145746793,1153.323996763225,1164.3633490831699,1157.6971085480832,1153.3239967991515,1165.023841821244,1157.697108583604,678.9518796417307,691.7523649398736,682.146027553635,616.4514845744887,624.9178876333754,615.258555671349,131.80529444474655,131.93920177664845,132.79434874504926,7.828651531350853,7.836037934794377,7.824184069969363,198.89857049734687,196.67862067812763,197.89963267552247,198.90600403440504,196.68588913978337,197.89963301643235,131.2526692967292,129.2044753689439,130.22771214626675,131.81816496297662,129.76711696315365,130.79062209240604,5.095810351618911,5.16111888203326,6.238358458191082,2.2593392125917493,2.322221645441438,2.260169343450342,6.26423443902678,6.267370413801673,6.264363607817719,135.39400019000726,135.23484410879917,135.38030829675137,63.39603900770809,62.7811099625171,63.43396420133401,13.021272888001734,13.971225886432453,11.370905049855029,10.793885670674927,11.741698844661476,9.091587420553402,50.565497861768065,50.330175574166155,50.364678826120794,8.552616320825978e-08,8.60372742900404e-08,8.49870122005272e-08
N0252,0.2,overnight,False,False,True,1294.6634809578757,1305.7917171104707,1299.036163039502,1153.3172549169856,1164.3668509373822,1157.6994760278478,1153.3172549525937,1165.0273435593506,1157.699476063772,678.946799171146,691.7551612609747,682.1484160516707,616.4466922783577,624.9205400856575,615.2609266321037,131.80447852387383,131.9396438087926,132.79473902799032,7.8286545065903095,7.836037183596863,7.824180801833034,198.8969870198852,196.67952067481525,197.90046580668354,198.90442056223475,196.68678915016926,197.90046614758145,131.2516059949585,129.20508070177425,130.22829180781017,131.81710148301477,129.76772295488522,130.79120075036423,5.0958104060161675,5.1611170999470835,6.238358888794882,2.259339385783129,2.32222048018425,2.2601701642226666,6.2642345434145055,6.267369262791684,6.264360318326739,135.39353705007824,135.23503414759,135.38028412071185,63.395627426437684,62.78133297692863,63.434164058352444,13.02126993721568,13.971232095292297,11.370901824357805,10.793882563007099,11.741706190691891,9.091583578125887,50.56499372385952,50.3304479144669,50.36493276655838,8.557298578941527e-08,8.59753476295908e-08,8.49870122005272e-08
N0253,0.5,morning,False,False,True,1181.3046715340197,1208.1471525310528,1193.1579532112137,1040.671252686443,1067.0549578717942,1052.4960193116676,1040.6712527397056,1068.5840161323802,1052.4960193638092,588.9709748238381,618.1288945831199,597.5956100091245,535.9639431766592,555.4714676040667,535.0265171842555,126.47157922128197,126.82008437399793,129.01594313570945,18.746146993490928,18.78357307795406,18.723038445840064,195.68828507920801,190.35401490401506,193.39733257046484,195.69432776514782,190.35964350309072,193.39733304607893,127.49194708925641,122.61241062893025,125.12197916559444,128.85304241418393,123.94076264121286,126.46601752343024,12.793097692253333,12.865536474487664,15.644571661155117,5.679783651263419,5.744313226274387,5.67988566369812,15.030569801615602,15.046262365576082,15.030658064375427,128.9313916390285,128.55840016315582,128.96129945342616,57.13022700518847,55.75836645174298,57.33302890175524,32.7268032605557,34.970024547904096,28.495092853099028,27.075601537836345,29.310625744958948,22.797301230800834,37.112686134723745,37.41429402352929,37.70255698619314,8.224476296258695e-08,8.29712230619303e-08,8.177554900627679e-08
N0254,0.75,afternoon,False,True,True,1072.1579617579027,1112.1400584412859,1090.629322520248,931.1493113825736,970.2881407933443,949.5415054218059,931.1493114413793,972.5591156517029,949.5415054798995,495.96832446837124,539.1454528967931,509.3926067090031,450.27295428514566,479.50080441394755,449.80063551720843,121.53848453550383,122.05898911490557,125.37880975802948,27.73592668498122,27.811739734119506,27.694114354770452,189.03214011217818,180.0857742046448,184.99563685098428,191.6918950826127,183.87345934878948,188.437529653001,123.53343353142776,116.45857694941832,120.17064211396098,125.52713267373721,118.37303258660891,122.12403935747352,18.932222752736756,19.016421102118287,23.14958299431287,8.407193924980705,8.475420872743891,8.408104331881665,22.2669367181473,22.298452923596013,22.26787640917814,123.36351184880776,122.83589747725021,123.46421149033435,52.06011082337456,50.23647502711291,52.46814859896345,48.38877497330399,51.684829007449906,42.10459575899045,40.0210479633739,43.300011345282435,33.69345756692376,45.134824001957,46.2462552410738,45.92096853070689,8.056542229596949e-08,8.113898566763131e-08,7.98896064068906e-08
N0255,0.5,morning,False,False,True,1181.3064144467517,1208.144225106137,1193.1584635175852,1040.6730556880977,1067.051959135722,1052.4965845779607,1040.6730557410563,1068.5810174487829,1052.4965846309908,588.9725750283197,618.1265360534854,597.5959734462849,535.9654975499409,555.469235222981,535.0268384293007,126.47185300555687,126.81970048941209,129.01599353886814,18.746144413409294,18.78357560480014,18.723036867180305,195.68885307243448,190.35323946302594,193.3974363168847,195.6948957454901,190.35886805947914,193.39743679250913,127.49233783864119,122.61189000987964,125.12204395351532,128.85343494001742,123.94023883784826,126.46608324999112,12.793093483133394,12.865538979162412,15.644574883921093,5.679780997725738,5.744315320784734,5.679886312194192,15.030566156331716,15.046263756938318,15.030657922375477,128.93143934432211,128.5582246021707,128.96135774830435,57.13037147552936,55.75816965945283,57.33305532998712,32.7268120863739,34.97000311099978,28.495099856304034,27.07561228873607,29.31060289311684,22.797307979679434,37.11281202124768,37.41414516778039,37.70258050598745,8.232996563644027e-08,8.294134175760791e-08,8.187432559748738e-08
N0256,1.0,peak,True,True,True,969.7630228274031,1021.6198659664116,995.882290177558,828.5114020687729,878.8647436696226,854.4596721094745,828.5114021355985,881.822151241209,854.4596721743621,409.08965698777627,463.3242000411938,427.9579267034289,369.405388432852,406.40358518835933,371.2763667531489,117.57793172721749,118.28246388912974,122.793513001627,36.66375518406315,36.781036454629486,36.604990754812924,184.85023807630532,173.0581436633538,179.75083479932684,189.37499523325303,179.15018466791756,185.3336656950782,120.72695936889427,111.58856380857462,116.52536676643018,123.3391660789644,114.05061422770105,119.0633838355948,24.986925128198916,25.081996496212344,30.550711950756455,11.097339822116066,11.168899834648363,11.099323769482769,29.44752790109836,29.495565706104227,29.44933269904572,118.73347850903741,118.08084626086641,118.97051838411511,47.81884118697168,45.76912357280739,48.53443295103326,63.85936118645176,68.18870983836565,55.54592833485833,52.8064066715459,57.10916503464726,44.45308233134759,76.08816281982814,78.79071994207489,77.77533906755234,7.783250443816062e-08,7.883579985864634e-08,7.706834986827417e-08
N0257,0.5,morning,False,False,True,1181.3066664210023,1208.1467268725396,1193.1566543778695,1040.673289608739,1067.0544802811585,1052.4946692189144,1040.6732896633666,1068.5835385898488,1052.4946692725766,588.9725516698633,618.1285501331519,597.5943957273474,535.9654406080708,555.4711531431601,535.0253373018326,126.47184094227687,126.82003642788939,129.01573422475025,18.746144436719533,18.78357338531589,18.723041018235126,195.68882328630653,190.353909368241,193.39690191408792,195.69486597240424,190.3595379602203,193.39690238966784,127.49231077680955,122.61234322230207,125.12168354138721,128.853408216041,123.9406944179393,126.46572050400522,12.79309530730286,12.865534660401577,15.644572985039684,5.679781831738741,5.744312575697843,5.679887564908957,15.030568877108477,15.046262543992103,15.03066105806142,128.9315171753627,128.5583621780897,128.96126900593836,57.13036390867315,55.75834203295377,57.33291991184855,32.72681645189648,34.970016627206384,28.49508807957581,27.075615956537142,29.310618119753926,22.797295019593218,37.11279489746761,37.41427564030386,37.70245728220259,8.215203159147135e-08,8.289041490722118e-08,8.171188453598482e-08
N0258,0.5,morning,False,False,True,1181.305688731066,1208.1468662414459,1193.1574229257947,1040.6722750855404,1067.0546274589447,1052.4954523745873,1040.6722751397135,1068.583685904173,1052.4954524280247,588.9717371703961,618.1286076951549,597.5950536061688,535.9646628010096,555.4711940948476,535.0259690341409,126.47170707048504,126.82004219315556,129.01584644869862,18.746146031772177,18.783573181861826,18.723039239743162,195.68854444278088,190.35391808556892,193.3971267946863,195.6945871290462,190.35954668222598,193.39712727030607,127.49212191221169,122.61234625714066,125.1218368769217,128.8532182673287,123.94069774549628,126.46587462078006,12.793096055903826,12.865535385367584,15.644572018138755,5.679782539005359,5.744312854323836,5.679886420383726,15.03056978821809,15.04626305584933,15.030659958950677,128.93146363236906,128.55838933863055,128.96130113983236,57.130293889992146,55.75834485228206,57.332978441675536,32.72680936256026,34.97001966103825,28.495090712738122,27.07560833723824,29.310621006418565,22.79729848068225,37.11273123254786,37.41427907508673,37.70251055379372,8.220360844587999e-08,8.305069589480858e-08,8.188566350872269e-08
N0259,0.5,morning,False,False,True,1181.305686507182,1208.1468664031333,1193.1574250118258,1040.6722727809258,1067.0546276431423,1052.4954545112732,1040.6722728348732,1068.5836860899244,1052.4954545637775,588.9717353529556,618.1286077122771,597.5950554069534,535.9646610717157,555.4711940807742,535.0259707637533,126.47170677242482,126.82004218726148,129.015846754983,18.74614603569386,18.783573182843845,18.7230392354533,195.68854382499157,190.35391807131927,193.39712741703477,195.69458651126152,190.35954666798403,193.39712789263996,127.49212149502638,122.6123462411138,125.12183730127066,128.85321784758773,123.9406977299353,126.46587504719945,12.793096057748748,12.865535387924718,15.644572016292111,5.6797825406825995,5.744312855441615,5.679886417609045,15.030569790017811,15.046263057234114,15.03065995600476,128.93146350059934,128.55838939069062,128.96130122545688,57.13029373367467,55.75834484830892,57.3329786009383,32.726809346122536,34.970019667544044,28.495090720622667,27.075608319507918,29.310621012215865,22.797298490589608,37.11273109441738,37.414279068191945,37.702510695593226,8.243010774378164e-08,8.298403222721669e-08,8.187432559748738e-08
N0260,0.75,afternoon,False,True,True,1072.1579617558104,1112.1400584421478,1090.629322522766,931.149311382025,970.2881407932078,949.5415054249266,931.1493114406288,972.5591156531716,949.5415054822437,495.9683244678275,539.1454528973223,509.3926067099837,450.2729542846618,479.5008044144677,449.8006355180045,121.53848453567132,122.05898911506895,125.37880975808352,27.735926685250167,27.8117397343759,27.694114354593882,189.03214011200143,180.08577420480495,184.99563685125463,191.69189508238628,183.8734593489586,188.4375296533542,123.53343353133225,116.45857694955664,120.17064211418881,125.52713267359766,118.37303258671542,122.12403935768796,18.93222275269379,19.01642110208731,23.149582994346318,8.407193924977433,8.475420872702117,8.408104331914194,22.26693671813238,22.298452923596233,22.267876409189512,123.36351184860084,122.83589747756761,123.46421149121188,52.06011082331643,50.236475027171586,52.468148599055255,48.38877497329386,51.684829007455164,42.104595759044145,40.02104796333793,43.300011345300724,33.69345756693391,45.1348240019228,46.24625524097458,45.92096853069099,8.051404958980574e-08,8.115863915501049e-08,7.970720408794088e-08
N0261,0.2,overnight,False,False,True,1294.5550928542395,1305.9941903633057,1299.131561311468,1153.2066108216009,1164.568221354523,1157.7911302960833,1153.2066108577735,1165.2288039914229,1157.7911303317128,678.8407093407453,691.959150350635,682.2450837594555,616.3426929043624,625.1246713635147,615.3576047864779,131.7975499455485,131.93460672571297,132.7831769306236,7.835440909662384,7.526659721258585,7.680945549515959,198.8854252748192,196.67189100821375,197.88199210955565,198.89285938689432,196.67915980873747,197.88199245041852,131.24387096725965,129.1999617440469,130.21588252408742,131.80939997185376,129.76262451096557,130.77884229585896,5.096039752688683,5.161325036488511,6.238903030157917,2.25943818378959,2.322315754550867,2.260370235537112,6.264242724455472,6.267413920015949,6.264512174050119,135.38886330534135,135.23278078996404,135.373602897158,63.392069842278794,62.778707606234526,63.42812469896965,13.021933076694062,13.971760005690157,11.371887643515,10.794446770705767,11.74214103113384,9.092366592043893,50.4430411399977,50.32828124524876,50.54695275821827,8.557978013101536e-08,8.607405463451714e-08,8.506186838944872e-08
N0262,1.0,peak,True,True,True,970.1400015154904,1026.7283350206378,992.153270687725,828.8952058913325,883.830071166872,850.4666507878491,828.8952059577167,886.8043793550438,850.4666508526826,409.45666081923173,468.22206742810687,423.55319678357074,369.77212881335754,411.28653811892224,366.7562948378514,117.58261676867738,118.15361636704114,122.57413048045034,36.65111260120955,36.79745202540504,36.60985961733982,184.84149313163164,172.84587229256755,179.40717865458,189.36885944641932,178.9418438880274,184.97323035063164,120.72710353052653,111.45678945854755,116.28939054889928,123.33902632521995,113.91638100310652,118.82487531818717,24.978228013443157,25.09845455474152,30.556573994757,11.092953164421354,11.176910560950425,11.100972772719826,29.440487400700835,29.502862481362406,29.45403304424979,118.73510106792921,118.0257997721291,118.82593528393546,47.83360634548216,45.723645894528744,48.42865358553965,63.85178627192829,68.21129508350342,55.558505897114934,52.80307020824515,57.124840695493496,44.46384890188185,75.8154266437496,71.61783596890537,70.72492455414114,7.782709857641332e-08,7.904420996051529e-08,7.724375920604313e-08
N0263,1.0,peak,True,True,True,970.1376002398814,1026.7271983118376,992.1531183663284,828.8929576011681,883.829100165959,850.4666322373978,828.892957667955,886.8034040468581,850.4666323013706,409.4551222076844,468.22146271599445,423.5534556526356,369.77066837887327,411.28598020702213,366.7565859584896,117.58239306682333,118.15352976012488,122.57412194701052,36.65110426251784,36.79743115558048,36.6098373870288,184.84113892491712,172.84576714638789,179.40719328475802,189.36849119305654,178.94173853606193,184.97324003852842,120.72686051649573,111.45672691713132,116.28940299021967,123.33878002012918,113.91631703313885,118.82488773695721,24.978224874124326,25.098444933212402,30.55656673692687,11.092952431338581,11.176906051889434,11.100968999032728,29.440477563215232,29.50284990469145,29.45401821267002,118.7349007544359,118.02570308822713,118.82585379720203,47.833498376382295,45.72361929569263,48.42865916382507,63.85175737169307,68.2112724943524,55.55849412184161,52.803042860169995,57.12482273205994,44.46384229418882,75.81543846843469,71.61845185306643,70.72491067625077,7.796539879151995e-08,7.910931630020983e-08,7.72442197646448e-08
N0264,0.75,afternoon,False,True,True,1072.15759233579,1112.1346663055888,1090.6270787995688,931.1493829482272,970.2829545327794,949.5398470649266,931.1493830064226,972.5539255304762,949.5398471219358,495.969322020927,539.1418175304344,509.3920733726669,450.27403766819026,479.49743222716415,449.80023227792685,121.53862129086559,122.05833904186986,125.3786015424385,27.73590526460469,27.811721144286693,27.694081999173164,189.03257740450582,180.08459059661462,184.99549250116405,191.6923637191387,183.8722303391138,188.4373796998068,123.53377467249118,116.4577625475904,120.17055372435989,125.52747598923914,118.37220927526288,122.1239495917349,18.932202154577432,19.016425522071824,23.149572089819543,8.407182722780876,8.475425372700247,8.408099297598495,22.26690778125404,22.298438073536474,22.267851883152048,123.36322581756205,122.8354590930549,123.46389420505162,52.060200284586905,50.23616118874809,52.46806951647161,48.38877134720901,51.68476262139601,42.104574988223135,40.021053716395606,43.29994471961825,33.69344300874433,45.13485885786868,46.24630905004486,45.920909261099204,8.03112344066447e-08,8.132964300446973e-08,7.953017746133876e-08
N0265,0.75,afternoon,False,True,True,1072.1577488632495,1112.1372878093725,1090.6282284194356,931.1493215564058,970.285475313318,949.5407109345443,931.1493216140057,972.5564482015934,949.5407109911006,495.96881255442923,539.1435812155256,509.39237564357353,450.2734871668406,479.49906747328896,449.8004687034037,121.53855136477084,122.05865409641265,125.37871082091648,27.735915900028957,27.81173024400892,27.69409783495254,189.03235649920683,180.08516415354723,184.99557685820076,191.69212721310174,183.8728256819231,188.43746745371976,123.53360285820318,116.45815686480759,120.17060666874694,125.52730306499382,118.37260792021229,122.12400330516563,18.932212319388654,19.016423484195116,23.149577439281366,8.40718826182986,8.475423240579886,8.408101683372731,22.266922003837085,22.298445415942325,22.267863820828957,123.3633643849466,122.83567324990373,123.46405232855011,52.060154834325516,50.23631320945731,52.46811201129429,48.388772846370436,51.68479498260484,42.104585609112156,40.02105058623207,43.299977154078356,33.69345064004105,45.13484225078933,46.24628341313972,45.92093725013143,8.040939388690502e-08,8.124297260056154e-08,7.970981823920256e-08
N0266,0.75,afternoon,False,True,True,1072.157747414818,1112.1372879218454,1090.628230578184,931.1493199836328,970.2854754456179,949.5407130631665,931.1493200415404,972.5564483337757,949.5407131208241,495.96881118996725,539.1435812515729,509.3923772758896,450.27348584711666,479.4990674887995,449.8004702452761,121.53855115695612,122.05865407653532,125.37871112651165,27.73591590520967,27.811730246547583,27.69409783493325,189.03235604521808,180.08516415066617,184.9955774101275,191.69212673747197,183.8728256691166,188.4374680321083,123.53360253349241,116.4581568515767,120.17060705981547,125.52730273728494,118.37260790725965,122.12400370003476,18.93221232465591,19.01642348654814,23.149577438738934,8.407188265391246,8.475423241614129,8.408101679876557,22.266922008877298,22.298445419162412,22.267863819977414,123.36336433345214,122.83567328300363,123.46405245778564,52.06015472063177,50.236313199110704,52.468112166455505,48.38877282863441,51.68479498684544,42.104585627010884,40.021050566034695,43.299977157285475,33.693450659914205,45.13484226813715,46.246283437480045,45.920937204761856,8.054639141064928e-08,8.125848130928532e-08,7.970720408794088e-08
N0267,0.5,morning,False,False,True,1181.3064144458083,1208.144225108491,1193.158463516552,1040.6730556859015,1067.0519591387297,1052.4965845784197,1040.6730557405742,1068.5810174511798,1052.4965846301798,588.9725750282232,618.1265360552261,597.5959734451875,535.9654975497723,555.4692352246433,535.0268384282024,126.47185300534045,126.81970048979781,129.01599353920622,18.746144413617614,18.78357560491202,18.723036867378024,195.68885307235556,190.35323946364971,193.39743631651348,195.6948957454528,190.3588680600733,193.39743679214084,127.49233783850855,122.61189001022657,125.12204395324358,128.85343493995046,123.94023883824305,126.466083249728,12.793093483129773,12.8655389791784,15.644574883899041,5.679780997754013,5.7443153207805855,5.679886312201692,15.030566156324383,15.046263756930161,15.03065792238205,128.93143934388638,128.5582246021535,128.9613577482679,57.13037147552339,55.75816965962092,57.333055329885454,32.72681208637298,34.97000311094802,28.495099856266997,27.07561228871078,29.3106028931368,22.797307979671942,37.11281202125601,37.41414516787006,37.70258050583748,8.23588731733107e-08,8.29957931750695e-08,8.17417334303494e-08
N0268,1.0,peak,True,True,True,969.7630228291339,1021.6198659672635,995.8822901782364,828.5114020690182,878.8647436715394,854.4596721103047,828.5114021359225,881.8221512427623,854.4596721755632,409.0896569880489,463.3242000422067,427.9579267042299,369.40538843312964,406.40358518928275,371.2763667539428,117.57793172732926,118.28246388918672,122.793513001849,36.663755184159044,36.78103645494672,36.604990754760244,184.85023807643196,173.05814366366744,179.75083479957976,189.37499523339613,179.15018466825643,185.33366569530878,120.7269593688859,111.58856380879195,116.52536676667384,123.33916607905685,114.05061422790622,119.06338383576826,24.986925128191224,25.0819964962202,30.550711950759926,11.0973398221028,11.168899834689928,11.099323769486013,29.447527901111254,29.495565706125134,29.449332699038848,118.73347850929204,118.08084626099456,118.97051838409963,47.81884118700664,45.769123572886166,48.53443295111472,63.85936118647653,68.18870983844302,55.54592833488784,52.806406671587894,57.10916503471057,44.45308233133183,76.08816281981599,78.7907199421106,77.77533906740736,7.790139858629579e-08,7.881693033036892e-08,7.718513618658012e-08
N0269,0.2,overnight,False,False,True,1294.554232757293,1305.9949145127782,1299.1319043523956,1153.2057533034204,1164.5689706918797,1157.791494126414,1153.2057533390825,1165.2295532727946,1157.7914941622932,678.8400801259482,691.959764723909,682.2454691380185,616.3421029233456,625.1252582474345,615.3579905107747,131.7974493936054,131.93470588469438,132.78324139222158,7.835441566610647,7.526659890995169,7.6809459763083,198.88523181706003,196.67209294228587,197.88213029877463,198.89266592938125,196.67936174288639,197.88213063969263,131.2437416219309,129.200098460491,130.21597911951415,131.80927060579774,129.76276130590617,130.7789387180903,5.096039764956099,5.1613248134468686,6.238903123515059,2.2594382042302423,2.322315600958894,2.2603703834946107,6.26424275247887,6.2674137046749445,6.264511636742489,135.38879894152933,135.23281630503135,135.3735933694766,63.392019127710135,62.77875770742734,63.42815771576411,13.021932789491682,13.971760959197617,11.371887109757141,10.794446470055012,11.742142142006225,9.092365950519874,50.44298057432122,50.328338649935105,50.546992532590565,8.548443827725734e-08,8.592858134062604e-08,8.49870122005272e-08
N0270,0.2,overnight,False,False,True,1294.554084018488,1305.9944674187418,1299.1320423584195,1153.205570417472,1164.5684855862535,1157.791603096181,1153.2055704544987,1165.2290684048505,1157.7916031322156,678.8398336821361,691.9592575882376,682.2454304875372,616.3418507608635,625.1247526747775,615.3579298188097,131.7974077329975,131.93462118130086,132.78323244529565,7.835441310077419,7.526659645540852,7.68094582828902,198.8851352701543,196.67190951215466,197.8820966204935,198.89256938743628,196.67917832229688,197.8820969614142,131.2436735664432,129.1999707415251,130.21595260118994,131.8092025831074,129.7626336971136,130.77891231133447,5.096039858364266,5.161324791982112,6.238903100790372,2.259438266164648,2.3223155909571322,2.2603703289902413,6.26424318075042,6.267414335674891,6.264512083943704,135.38882063741187,135.23282780841876,135.3736387016792,63.39199777443738,62.77871439717348,63.42815277420317,13.021932623502687,13.971761133202556,11.371887408310746,10.794446229305954,11.742142305902812,9.092366270753997,50.442956824282035,50.328287884454696,50.54698879357812,8.552180767467506e-08,8.586655162994021e-08,8.508502718560136e-08
N0271,0.5,morning,False,False,True,1181.3048560785167,1208.147411162713,1193.1575138429318,1040.6714466269534,1067.0552236379085,1052.4955652636215,1040.671446680388,1068.584281796285,1052.4955653155346,588.971110235308,618.1291338446202,597.5952462450941,535.9640685831619,555.4717005905736,535.0261720689114,126.47160026345524,126.82012542425831,129.0158819622599,18.7461512319696,18.783575884900703,18.723031703354323,195.6883287058164,190.35409871635358,193.39720810738402,195.69437139313996,190.3597273132783,193.3972085830113,127.4919757668279,122.61246822544568,125.12189506040018,128.8530713406472,123.94082048348581,126.46593292333506,12.793097934128493,12.865535625312148,15.644571755384254,5.679783693214426,5.744312735157664,5.679886139477281,15.03056987569343,15.046261722930442,15.03065855383913,128.93140812924415,128.5584061531898,128.96127534061034,57.13023810922333,55.75838783634805,57.33299693248445,32.72680527035017,34.970025481308504,28.495090777196737,27.07560353306105,29.31062705507707,22.79729877273655,37.11269952875917,37.41430495458103,37.70253363999821,8.230118149923093e-08,8.310202882138391e-08,8.181639084661408e-08
N0272,0.75,afternoon,False,True,True,1072.1579617571092,1112.140058443322,1090.6293225231725,931.1493113825716,970.2881407943643,949.5415054226086,931.1493114413425,972.5591156535855,949.5415054811525,495.9683244684686,539.1454528976543,509.3926067096702,450.27295428527094,479.5008044147355,449.8006355177652,121.53848453568374,122.05898911501455,125.37880975791624,27.73592668513362,27.81173973456353,27.694114354676117,189.03214011220194,180.08577420492267,184.99563685118042,191.6918950826653,183.8734593490361,188.43752965322008,123.53343353149442,116.45857694961234,120.17064211420877,125.52713267376619,118.37303258679789,122.12403935761394,18.93222275271835,19.01642110213626,23.149582994352453,8.407193924971615,8.475420872706106,8.408104331890936,22.26693671813593,22.298452923604987,22.267876409191157,123.3635118486127,122.83589747764374,123.46421149046066,52.060110823389145,50.23647502718902,52.468148599039026,48.38877497332931,51.68482900750704,42.10459575898124,40.02104796337285,43.30001134532481,33.6934575669207,45.13482400185955,46.246255241065796,45.92096853069221,8.038961221354848e-08,8.116156269874245e-08,7.983146210996138e-08
N0273,0.75,afternoon,False,True,True,1072.157745829954,1112.137288166584,1090.6282327903393,931.1493182717192,970.2854757153765,949.5407152424087,931.1493183303448,972.55644860242,949.540715298786,495.96880971167536,539.1435813965211,509.3923789385516,450.2734844172979,479.4990676080452,449.8004718152797,121.53855092969354,122.05865407300777,125.3787114395546,27.735915910220776,27.811730249428823,27.694097835008296,189.032355554606,180.085164180425,184.99557797269395,191.6921262231491,183.87282569005203,188.43746862176377,123.53360218223786,116.45815686095436,120.17060745854062,125.52730238290012,118.37260791709346,122.12400410265984,18.932212330225134,19.016423488689078,23.14957743835358,8.407188269219706,8.475423242554221,8.408101676401694,22.266922014169584,22.298445422331323,22.26786381923439,123.36336427566602,122.8356733237586,123.46405259139611,52.06015459691432,50.23631319682732,52.46811232542292,48.388772809505525,51.68479499277899,42.10458564534082,40.02105054423397,43.2999771622862,33.69345068013029,45.13484229048727,46.24628346529542,45.920937150748,8.029146613192492e-08,8.122563928418027e-08,7.96516703106956e-08
N0274,0.75,afternoon,False,True,True,1072.157747416744,1112.137287915987,1090.6282305806046,931.1493199853766,970.285475442681,949.5407130679669,931.1493200440518,972.5564483291453,949.5407131252348,495.96881119207774,539.1435812472233,509.3923772797537,450.2734858490618,479.49906748464605,449.8004702490252,121.53855115686943,122.05865407606794,125.37871112691057,27.735915905169698,27.81173024640509,27.694097834744582,189.03235604585876,180.08516414940317,184.9955774114074,191.6921267381012,183.87282566778174,188.4374680334208,123.53360253393895,116.45815685070218,120.17060706069908,125.52730273772868,118.37260790633788,122.1240037009568,18.932212324670118,19.016423486541797,23.149577438759184,8.40718826537394,8.475423241610212,8.408101679874282,22.266922008898124,22.298445419169134,22.267863819962752,123.36336433313171,122.83567328234776,123.46405245774109,52.06015472081599,50.23631319875497,52.46811216677452,48.388772828677034,51.68479498674938,42.10458562705934,40.021050566069974,43.29997715723407,33.69345065992322,45.13484226800446,46.246283437317416,45.920937205038626,8.025415715168614e-08,8.122801002374104e-08,7.983146210996138e-08
N0275,1.0,peak,True,True,True,969.7630074466826,1021.6198561207061,995.8823077560188,828.5113866762723,878.864735129184,854.4596893733739,828.5113867429546,881.8221426538094,854.4596894385664,409.0896430781714,463.32419586169755,427.95794039586616,369.4053746765306,406.40358167914513,371.27637970981203,117.57793086050383,118.28246228544334,122.79351494800436,36.66375522479763,36.781036340610214,36.604990736409675,184.8502364503091,173.05814130640084,179.7508381009227,189.3749935957711,179.15018224580172,185.3336690194528,120.72695826387962,111.58856225793218,116.52536896088742,123.33916495654941,114.05061265088713,119.06338606624159,24.986925200582014,25.08199637598902,30.550712018424395,11.097339863745683,11.168899781768959,11.09932376835078,29.447527926560024,29.49556563517355,29.44933266241372,118.73347813116708,118.0808451851391,118.9705189726831,47.81884074822656,45.769122875564314,48.534433885544,63.85936110132606,68.18870950321761,55.54592858223637,52.80640655592713,57.10916474394837,44.453082582603464,76.08816451039951,78.79072732632557,77.77533011179943,7.787970364762171e-08,7.879280434775325e-08,7.712655646745692e-08
N0276,1.0,peak,True,True,True,969.7616533031128,1021.6194222632257,995.8815231949878,828.5101885276454,878.8644349136364,854.4590392303004,828.5101885939866,881.821840401932,854.4590392945263,409.08900169108483,463.3241635683553,427.9576787438737,369.40478871571037,406.4035805403526,371.2761703634886,117.57778960818939,118.2824459748633,122.79345389687255,36.663745151429374,36.781023004065005,36.60497910752369,184.85002523491687,173.05814700337876,179.7507674616026,189.3747734939702,179.15018824647444,185.33359242716588,120.72681441251449,111.58857056759162,116.52532213601775,123.3390191268493,114.05062089773524,119.06333846265278,24.986922097736205,25.08199288047325,30.55070909008664,11.09733876616128,11.168897917002528,11.099322763523311,29.44751712694087,29.495554229877634,29.449321426065378,118.7333205678353,118.08076397027295,118.97040627096702,47.818775735028176,45.76912339567946,48.534409901713076,63.85934199133438,68.18870500025568,55.545919154312124,52.806389315816226,57.10916267495497,44.45307521344035,76.0881660154798,78.79072093002792,77.77534883973566,7.810250178104005e-08,7.891115603509273e-08,7.706914119258835e-08
N0277,1.0,peak,True,True,True,969.7616529609836,1021.6194199966893,995.8815230673771,828.5101882628527,878.8644328123783,854.4590392445699,828.5101883300106,881.8218382969698,854.4590393098728,409.0890015657098,463.3241621587877,427.9576790404,369.4047886124249,406.40357923710377,371.2761706896087,117.57778962179785,118.28244573421375,122.79345388010208,36.66374514202633,36.78102299345788,36.60497909154226,184.85002527179998,173.05814662891586,179.75076747764822,189.37477352953493,179.1501878633765,185.3335924418239,120.72681443926919,111.58857031965243,116.52532215064733,123.33901915376038,114.05062064548581,119.06333847751254,24.98692209851888,25.081992875383072,30.550709082690535,11.097338766422402,11.168897915486701,11.09932275915808,29.447517118083525,29.495554220337162,29.44932141332461,118.73332051297211,118.0807637790804,118.97040618740068,47.81877574699086,45.769123288292185,48.53440990238827,63.859341991939345,68.18870496191359,55.54591914832763,52.806389317373316,57.10916263879504,44.453075211637056,76.08816580389346,78.79072128031974,77.77534876089646,7.77937633717337e-08,7.88664885798484e-08,7.695193667472727e-08
N0278,0.5,morning,False,False,True,1181.3066664196201,1208.146726877256,1193.1566543763781,1040.6732896103233,1067.0544802846139,1052.494669221198,1040.6732896635863,1068.5835385924943,1052.494669273838,588.9725516702315,618.1285501346446,597.5943957273771,535.9654406083886,555.4711531444666,535.0253373018941,126.47184094247639,126.82003642815302,129.01573422446822,18.746144436636826,18.78357338507399,18.7230410182183,195.68882328641766,190.35390936862683,193.39690191413595,195.6948659725045,190.35953796062157,193.39690238975084,127.49231077683818,122.61234322259588,125.12168354147924,128.85340821609785,123.94069441821293,126.46572050401059,12.793095307310669,12.865534660442105,15.644572985045489,5.6797818317262685,5.744312575651175,5.679887564898541,15.030568877089117,15.046262544011718,15.030661058054681,128.93151717532237,128.55836217859647,128.9612690070241,57.13036390868441,55.75834203312192,57.3329199118519,32.72681645190397,34.97001662723439,28.49508807959499,27.075615956494307,29.31061811980594,22.797295019600323,37.11279489739061,37.41427564039994,37.7024572821619,8.242014437983153e-08,8.293594558745505e-08,8.170052250874368e-08
N0279,0.75,afternoon,False,True,True,1072.1579617562452,1112.1400584457695,1090.6293225239776,931.1493113820146,970.2881407944966,949.5415054244352,931.1493114403114,972.5591156529882,949.541505480529,495.9683244675283,539.1454528969094,509.39260670955395,450.2729542844075,479.50080441403026,449.8006355176289,121.53848453526396,122.05898911474095,125.37880975791367,27.73592668499157,27.811739734469572,27.694114354635,189.03214011188098,180.08577420464272,184.9956368511303,191.69189508238554,183.8734593488099,188.43752965319848,123.53343353130609,116.45857694949902,120.17064211414088,125.5271326735204,118.37303258660879,122.12403935759092,18.93222275270325,19.016421102115192,23.149582994346318,8.407193924964755,8.475420872705525,8.408104331875485,22.266936718133422,22.29845292359105,22.267876409178125,123.36351184896756,122.83589747841201,123.4642114902898,52.06011082328371,50.236475027134766,52.46814859902889,48.38877497330671,51.684829007430054,42.10459575899228,40.0210479633899,43.300011345319135,33.69345756693793,45.134824001848116,46.246255241065676,45.920968530819536,8.03245381937858e-08,8.110718137413855e-08,7.970463235954476e-08
N0280,0.75,afternoon,False,True,True,1072.1577458307336,1112.1372881688185,1090.628232790705,931.149318271577,970.285475715995,949.5407152407723,931.1493183305251,972.5564486032999,949.5407152988107,495.9688097121234,539.1435813970993,509.3923789387351,450.27348441769976,479.49906760857294,449.8004718153956,121.53855092975773,122.05865407305079,125.37871143950316,27.735915910371805,27.81173024935383,27.69409783451243,189.03235555476317,180.08516418057457,184.99557797273275,191.69212622332148,183.87282569021966,188.43746862179898,123.53360218239007,116.4581568610805,120.17060745862054,125.52730238301086,118.3726079172018,122.12400410268982,18.932212330222324,19.01642348868545,23.149577438350512,8.407188269257109,8.475423242581057,8.408101676431134,22.26692201418214,22.298445422340293,22.267863819231124,123.36336427513756,122.83567332364161,123.46405259133233,52.06015459694741,50.23631319686472,52.46811232542013,48.38877280946789,51.68479499281156,42.10458564529817,40.021050544222014,43.29997716228877,33.69345068012111,45.134842290519714,46.24628346528243,45.92093715073453,8.03382338359743e-08,8.128558943676972e-08,7.970463235954476e-08
N0281,0.75,afternoon,False,True,True,1072.1577474181702,1112.13728792095,1090.6282305840864,931.1493199862746,970.2854754426689,949.5407130691367,931.1493200445104,972.556448330336,949.5407131261039,495.9688111917711,539.1435812475004,509.39237728026865,450.2734858487304,479.49906748493396,449.8004702494421,121.53855115686522,122.05865407619595,125.37871112713445,27.735915905548275,27.81173024638826,27.694097834425285,189.03235604570895,180.08516414944978,184.99557741155752,191.6921267380022,183.8728256679261,188.4374680335478,123.53360253378531,116.4581568507683,120.17060706084297,125.52730273765778,118.37260790642218,122.12400370104679,18.932212324655463,19.016423486543466,23.149577438785574,8.407188265409863,8.475423241640746,8.40810167987737,22.26692200889436,22.298445419170076,22.267863819970888,123.36336433376398,122.83567328318897,123.46405245794912,52.060154720807446,50.236313198791485,52.468112166806456,48.38877282870547,51.684794986813436,42.1045856270391,40.02105056607181,43.299977157217384,33.693450659936424,45.134842268006146,46.246283437341276,45.92093720498109,8.03820982809185e-08,8.111698613430896e-08,7.965432881995413e-08
N0282,0.75,afternoon,False,True,True,1072.1577474157173,1112.1372879208357,1090.6282305820785,931.1493199838975,970.2854754446096,949.5407130663701,931.1493200434259,972.5564483327,949.5407131239677,495.9688111913122,539.1435812496758,509.39237727822683,450.27348584835,479.49906748701824,449.8004702475168,121.53855115675277,122.05865407628696,125.37871112651423,27.735915905391757,27.8117302462053,27.694097834732485,189.03235604562394,180.0851641501788,184.99557741090385,191.6921267378799,183.87282566853668,188.43746803288462,123.53360253376532,116.45815685126874,120.17060706030722,125.52730273756613,118.37260790685416,122.12400370055353,18.932212324648034,19.01642348651234,23.14957743874599,8.4071882653808,8.475423241639223,8.40810167987737,22.266922008893413,22.298445419173543,22.26786381997902,123.36336433345859,122.83567328326939,123.46405245795609,52.060154720753644,50.23631319896347,52.46811216664189,48.38877282866585,51.6847949868259,42.104585627025905,40.02105056605856,43.29997715725713,33.69345065992531,45.13484226802875,46.24628343741288,45.92093720485739,8.041549646521814e-08,8.117081924035466e-08,7.965432881995413e-08
N0283,0.75,afternoon,False,True,True,1072.1577474126314,1112.137287922975,1090.6282305809566,931.1493199850523,970.2854754456798,949.5407130666307,931.149320043844,972.5564483315299,949.5407131235665,495.96881119156006,539.1435812493082,509.3923772780253,450.27348584857594,479.49906748660965,449.80047024736314,121.53855115700155,122.05865407646687,125.37871112656826,27.735915905279324,27.81173024636774,27.694097834921152,189.03235604566675,180.0851641499885,184.99557741087162,191.69212673799345,183.8728256684466,188.43746803286353,123.53360253378264,116.45815685110274,120.17060706032726,125.52730273761185,118.37260790677202,122.12400370054779,18.932212324666615,19.016423486510075,23.149577438759184,8.407188265403608,8.475423241629866,8.40810167987737,22.26692200889112,22.29844541916826,22.267863819979034,123.36336433373141,122.83567328251542,123.46405245794341,52.060154720754824,50.23631319891341,52.46811216663403,48.388772828688836,51.68479498684326,42.104585627028975,40.02105056608063,43.2999771572242,33.69345065989279,45.13484226820128,46.246283437422996,45.920937204885554,8.035117078483974e-08,8.110617358190797e-08,7.982611435741669e-08
N0284,0.5,morning,False,False,True,1181.3064144462783,1208.1442251102499,1193.1584635156696,1040.6730556873808,1067.0519591400778,1052.4965845771826,1040.6730557415128,1068.581017452177,1052.4965846298337,588.9725750283492,618.1265360560786,597.5959734452464,535.965497549907,555.469235225409,535.0268384282061,126.47185300531821,126.81970048967482,129.01599353898024,18.746144413444576,18.78357560515755,18.723036867414834,195.68885307241484,190.35323946387476,193.3974363165067,195.69489574553225,190.3588680603768,193.39743679214135,127.49233783860313,122.61189001039749,125.1220439532355,128.8534349399984,123.94023883840471,126.46608324973766,12.793093483133513,12.865538979209045,15.6445748839269,5.679780997725019,5.744315320776063,5.67988631221044,15.030566156334281,15.046263756937327,15.030657922385503,128.9314393445606,128.55822460187352,128.96135774805737,57.130371475537814,55.75816965969705,57.33305532989269,32.72681208641598,34.97000311093058,28.495099856283247,27.075612288698395,29.31060289316022,22.79730797969111,37.112812021187345,37.414145167939,37.702580505871445,8.234892192323996e-08,8.296508936692733e-08,8.183347126874099e-08
N0285,0.2,overnight,False,False,True,1294.6702209050682,1305.788350456925,1299.0339135622132,1153.3239969355782,1164.3633499420075,1157.6971075218185,1153.3239969714393,1165.0238426808035,1157.6971075585038,678.9518797305672,691.7523656466678,682.1460267620348,616.4514846498826,624.9178883108242,615.2585549234835,131.80529445804666,131.9392018915555,132.79434861840423,7.828651531055063,7.836037934639016,7.824184069992692,198.89857052103224,196.67862090724506,197.8996324256782,198.906004058078,196.68588936885575,197.8996327665958,131.25266931099662,129.2044755248208,130.22771197829803,131.81816497737168,129.76711711898784,130.79062192430993,5.095810351304983,5.161118882212943,6.238358458217854,2.2593392124141563,2.3222216455504165,2.2601693435720005,6.264234439214874,6.267370413475565,6.26436360796569,135.39400021401784,135.23484414907867,135.3803082325295,63.39603901427932,62.78111002061198,63.43396413749699,13.021272888965317,13.971225886221792,11.370905049295521,10.79388567182961,11.741698844420728,9.091587419853596,50.56549786745901,50.3301756460736,50.36467874715517,8.553901526972904e-08,8.604858855090489e-08,8.494675747013851e-08
N0286,0.2,overnight,False,False,True,1294.6634809590043,1305.7917171163313,1299.0361630287296,1153.3172549177334,1164.3668509433362,1157.699476018148,1153.317254953589,1165.0273435644865,1157.6994760540576,678.9467991724948,691.7551612652916,682.1484160446371,616.4466922795759,624.920540089835,615.2609266254184,131.8044785238658,131.93964380989834,132.79473902703452,7.8286545062462745,7.836037183398864,7.824180801951052,198.89698702030742,196.6795206763155,197.90046580446298,198.90442056268236,196.68678915152748,197.90046614538204,131.2516059952278,129.20508070280079,130.22829180643,131.81710148326925,129.76772295586107,130.79120074888695,5.095810405975131,5.161117099992778,6.238358888783856,2.2593393857607076,2.322220480177146,2.2601701642278402,6.26423454341449,6.2673692627952455,6.264360318332391,135.3935370494007,135.2350341475243,135.3802841202007,63.39562742653191,62.78133297727811,63.43416405779422,13.021269937147203,13.971232095318765,11.370901824355242,10.793882563047204,11.741706190687616,9.091583578142039,50.56499372400423,50.33044791482407,50.364932765829096,8.553609458304888e-08,8.613474472423103e-08,8.511942517960247e-08
N0287,0.2,overnight,False,False,True,1294.663436398322,1305.791752703547,1299.0361724484392,1153.317209764508,1164.3668870009508,1157.699485576868,1153.3172098012942,1165.0273796228394,1157.6994856126498,678.946762965874,691.7551883427378,682.1484256490849,616.4466577383374,624.9205655042601,615.2609361924898,131.80447269829224,131.93964811085922,132.7947406217929,7.828654532727819,7.836037175931539,7.824180783995866,198.8969754212801,196.67952910583875,197.9004691164383,198.90440896386815,196.68679758125455,197.9004694573749,131.2515981406631,129.20508633753704,130.228294123059,131.81709363019678,129.76772859598717,130.79120305894074,5.095810404869794,5.1611170899281795,6.238358893713949,2.2593393856693056,2.3222204732579974,2.2601701720668728,6.264234556193271,6.267369261993384,6.264360306168418,135.39353462418708,135.2350366474336,135.38028404074808,63.39562447897727,62.78133514160281,63.43416487535066,13.021269929607087,13.97123214367731,11.370901799448346,10.793882555312965,11.741706245847293,9.091583546787437,50.56499005829369,50.33045052883571,50.36493379563164,8.541698690249638e-08,8.597386326773489e-08,8.50445798126549e-08
N0288,0.5,morning,False,False,True,1181.3046715427295,1208.1471525244326,1193.1579532106339,1040.671252695058,1067.0549578620744,1052.4960193073694,1040.6712527483207,1068.5840161230424,1052.496019361122,588.9709748309436,618.1288945763191,597.5956100068132,535.9639431835056,555.4714675975727,535.0265171820103,126.47157922264061,126.82008437276232,129.01594313508755,18.746146993584645,18.78357307817418,18.723038445498265,195.68828508168028,190.35401490180163,193.3973325696111,195.6943277676002,190.35964350084777,193.39733304520772,127.49194709095676,122.61241062743598,125.12197916502694,128.85304241587386,123.94076263973287,126.46601752284016,12.793097692292505,12.865536474487438,15.644571661160922,5.679783651245407,5.7443132262996235,5.679885663695204,15.03056980160956,15.046262365579329,15.030658064378548,128.93139163923746,128.5584001624931,128.96129945325558,57.13022700577475,55.75836645114111,57.33302890152927,32.72680326057751,34.97002454777896,28.495092853113665,27.075601537906405,29.31062574487266,22.797301230778363,37.1126861352471,37.41429402311646,37.702556986118154,8.249704736480884e-08,8.296391965187825e-08,8.176981046066096e-08
N0289,0.5,morning,False,False,True,1181.3056842164926,1208.1468670949198,1193.1574266667533,1040.6722704148285,1067.0546283680198,1052.4954562029072,1040.672270468192,1068.5836868143133,1052.495456256504,588.9717334638503,618.1286081809172,597.5950568618983,535.9646592695635,555.4711944998817,535.0259721673286,126.47170646015506,126.82004225343827,129.01584700634504,18.746146039120433,18.783573182667517,18.723039232004794,195.68854317871103,190.35391820453518,193.39712792851185,195.6945858650061,190.35954680126548,193.3971284041606,127.49212105731006,122.61234632496685,125.12183765131226,128.85321740734338,123.94069781487975,126.46587539893441,12.793096060096548,12.865535389837717,15.644572014062636,5.679782542633799,5.744312856105625,5.679886415100186,15.030569792036493,15.046263058102307,15.03065995331716,128.93146337247882,128.5583894647927,128.96130128434106,57.13029357003281,55.75834488160666,57.33297873192205,32.726809330017225,34.970019677407265,28.49509072597659,27.075608302012228,29.310621021693116,22.797298497749757,37.112730960390444,37.414279095733825,37.70251080029073,8.234570229259084e-08,8.29643781279043e-08,8.163696553890392e-08
N0290,1.0,peak,True,True,True,969.7630228284725,1021.6198659693989,995.8822901749417,828.5114020688122,878.8647436720106,854.4596721075193,828.5114021353254,881.8221512425549,854.4596721732008,409.0896569880622,463.32420004149446,427.95792670302535,369.4053884331201,406.40358518874564,371.2763667528772,117.57793172715309,118.28246388957477,122.79351300167875,36.663755184013915,36.78103645472713,36.60499075450952,184.85023807641284,173.05814366351336,179.75083479920232,189.37499523338457,179.15018466804608,185.3336656949006,120.72695936885282,111.58856380863742,116.52536676644205,123.33916607903761,114.05061422776721,119.06338383552641,24.98692512819635,25.081996496161775,30.550711950710998,11.09733982211298,11.168899834652397,11.099323769469743,29.447527901099928,29.495565706104777,29.449332699020868,118.73347850870053,118.08084626132235,118.97051838374358,47.81884118698106,45.76912357282794,48.534432951000724,63.85936118645706,68.18870983840787,55.54592833484546,52.80640667158822,57.109165034644086,44.453082331302234,76.08816281984397,78.79071994198209,77.77533906736817,7.783359576790589e-08,7.88535349711513e-08,7.718443384467927e-08
N0291,0.2,overnight,False,False,True,1294.5542327546218,1305.9949145150385,1299.1319043516482,1153.2057533044199,1164.5689706940482,1157.791494125872,1153.2057533400261,1165.2295532741985,1157.7914941620593,678.8400801262236,691.9597647243595,682.2454691377294,616.3421029235228,625.1252582477963,615.3579905105219,131.79744939383687,131.93470588502058,132.78324139238802,7.835441567230824,7.526659890713779,7.680945976113407,198.88523181707842,196.6720929423729,197.8821302986994,198.89266592949843,196.6793617430406,197.88213063965628,131.24374162190415,129.2000984604937,130.2159791195478,131.8092706058605,129.7627613059535,130.77893871801544,5.0960397649496905,5.161324813449566,6.238903123487847,2.2594382042173526,2.322315600953785,2.260370383486183,6.2642427524867665,6.267413704665807,6.264511636739108,135.38879894193164,135.23281630594948,135.37359336981703,63.39201912774534,62.77875770747094,63.42815771574234,13.021932789460699,13.971760959179647,11.371887109746217,10.79444646999927,11.742142141963873,9.092365950511734,50.442980574362764,50.32833864994317,50.5469925326132,8.541045675059111e-08,8.594276690278844e-08,8.517698285435785e-08
N0292,0.2,overnight,False,False,True,1294.5540840208985,1305.9944674212666,1299.1320423619775,1153.2055704190257,1164.5684855888176,1157.791603096857,1153.2055704549812,1165.229068406309,1157.791603131457,678.8398336825198,691.959257588714,682.2454304870811,616.3418507612066,625.124752675332,615.3579298183829,131.79740773299716,131.93462118112217,132.78323244535113,7.835441309891248,7.526659645330878,7.680945827878116,198.88513527025214,196.67190951229142,197.88209662037283,198.89256938753212,196.67917832247755,197.88209696130056,131.24367356657706,129.19997074169714,130.21595260115234,131.80920258318824,129.76263369719362,130.77891231121555,5.0960398583632145,5.161324792007837,6.238903100803978,2.259438266176388,2.3223155909891493,2.260370328965626,6.264243180760559,6.267414335692579,6.264512083946187,135.38882063759743,135.23282780889215,135.37363870161622,63.39199777448238,62.77871439721697,63.428152774161575,13.021932623530642,13.971761133273079,11.371887408399868,10.794446229315826,11.742142305905922,9.092366270781001,50.442956824114376,50.32828788453139,50.5469887936205,8.554241223253516e-08,8.594269752731361e-08,8.50445798126549e-08
N0293,0.2,overnight,False,False,True,1294.5540833199786,1305.9944655221152,1299.132044771358,1153.2055697015894,1164.5684836591047,1157.7916055354096,1153.2055697373503,1165.2290664793204,1157.7916055721607,678.8398332086118,691.9592559757273,682.2454323641896,616.3418503283028,625.1247511236512,615.3579315906311,131.79740765936558,131.93462091895947,132.78323274522327,7.835441309033289,7.526659646534068,7.680945827037612,198.88513512750976,196.67190898473584,197.8820972113883,198.89256924478448,196.67917779490264,197.88209755230577,131.24367347367274,129.19997038162188,130.21595299844404,131.8092024899658,129.76263333753062,130.7789127086807,5.0960398590954075,5.161324791607193,6.238903100760496,2.2594382666857458,2.3223155907294917,2.2603703286905983,6.264243180439838,6.267414336551636,6.2645120835804295,135.3888205680292,135.23282772671647,135.37363885696354,63.39199773740224,62.778714264009224,63.4281529255823,13.021932621134352,13.971761134083367,11.371887409623577,10.794446226549157,11.742142306882311,9.092366272225307,50.44295678234117,50.32828772016224,50.54698897946263,8.561995357281799e-08,8.605164087694089e-08,8.511942517960247e-08
N0294,0.2,overnight,False,False,True,1294.5540833057178,1305.9944655110653,1299.132044790161,1153.205569691117,1164.5684836503513,1157.7916055550645,1153.2055697279225,1165.2290664702323,1157.791605590318,678.8398332016595,691.959255967533,682.2454323786409,616.3418503218321,625.124751115724,615.3579316043208,131.79740765799707,131.93462091789073,132.7832327472542,7.83544130938212,7.526659646659065,7.680945826842719,198.8851351254223,196.6719089820052,197.88209721599048,198.89256924264495,196.6791777921505,197.88209755690363,131.24367347233647,129.19997037977407,130.21595300145185,131.8092024885591,129.762633335632,130.77891271178976,5.096039859065464,5.161324791605907,6.238903100757915,2.259438266676548,2.322315590748614,2.260370328699026,6.2642431804321355,6.267414336559026,6.26451208357388,135.38882056734718,135.2328277265113,135.37363885783932,63.391997736853504,62.77871426334076,63.4281529267268,13.02193262112604,13.971761134038037,11.371887409590972,10.794446226511575,11.742142306912847,9.092366272244174,50.44295678156316,50.328287719431096,50.54698898090714,8.554653627708163e-08,8.599644650357558e-08,8.523454141192276e-08
N0295,0.75,afternoon,False,True,True,1072.1579602664344,1112.140065048721,1090.629322131993,931.1493097703733,970.2881472463766,949.541504621117,931.1493098288389,972.5591221065845,949.5415046789403,495.968322739852,539.1454577982385,509.3926055409966,450.27295254919545,479.50080904814564,449.8006343358534,121.53848431840355,122.05898990675924,125.37880962129762,27.735926674757373,27.811739758558648,27.694114383310943,189.03213969606983,180.08577561501428,184.99563642110226,191.6918946323295,183.87346082445882,188.43752920714869,123.53343321464185,116.45857793324797,120.17064180637601,125.52713235478326,118.37303358065051,122.12403904695873,18.932222757162364,19.016421098959654,23.149583005704685,8.407193927907295,8.47542086846707,8.40810434066786,22.26693672998629,22.298452930627896,22.267876429102852,123.3635119026189,122.83589791309882,123.46421158728151,52.060110702997676,50.23647541429984,52.46814851344109,48.38877496104121,51.684829085356895,42.10459575675045,40.02104794904201,43.30001142327896,33.693457557216576,45.134824140322564,46.246255625083506,45.92096799350779,8.035763946644128e-08,8.129167833733433e-08,7.98287670572269e-08
N0296,0.5,morning,False,False,True,1181.3064144488599,1208.1442251093608,1193.1584635187605,1040.6730556882271,1067.0519591387697,1052.4965845789036,1040.673055741702,1068.5810174496917,1052.4965846306186,588.9725750290842,618.1265360542608,597.5959734461507,535.9654975506115,555.469235223621,535.026838429193,126.47185300562325,126.81970048975894,129.0159935388112,18.74614441366278,18.78357560499882,18.723036867522108,195.68885307266788,190.353239463242,193.3974363168359,195.69489574575968,190.3588680597209,193.39743679248775,127.4923378387066,122.6118900100117,125.12204395351134,128.85343494018522,123.94023883799005,126.46608324996255,12.79309348315197,12.865538979195682,15.64457488391819,5.67978099772056,5.744315320801393,5.679886312200024,15.030566156329614,15.046263756946917,15.030657922378763,128.93143934395022,128.558224601733,128.9613577479072,57.130371475601464,55.75816965949559,57.333055329978215,32.72681208640687,34.97000311095209,28.495099856320284,27.07561228873617,29.310602893140683,22.797307979676514,37.112812021285436,37.4141451677779,37.702580505973664,8.23964010583955e-08,8.306788450825728e-08,8.1694903112048e-08
N0297,0.75,afternoon,False,True,True,1072.157961756803,1112.1400584426442,1090.6293225218544,931.1493113814139,970.2881407947052,949.5415054237105,931.1493114409815,972.5591156528227,949.5415054824615,495.96832446774454,539.1454528976581,509.39260671024783,450.27295428454846,479.5008044147511,449.80063551833206,121.5384845356315,122.05898911525507,125.37880975842323,27.7359266847702,27.811739733928473,27.69411435448745,189.03214011197633,180.0857742049244,184.99563685136843,191.6918950823596,183.8734593489793,188.4375296535091,123.53343353132314,116.45857694964629,120.17064211428077,125.52713267356901,118.37303258680214,122.12403935773706,18.93222275271325,19.016421102112997,23.149582994365648,8.40719392498279,8.475420872715752,8.40810433189793,22.266936718145566,22.29845292359954,22.267876409196028,123.36351184926026,122.83589747761543,123.46421149098504,52.060110823343344,50.23647502722102,52.46814859909609,48.38877497332047,51.68482900749115,42.104595759026964,40.021047963384696,43.30001134531779,33.69345756693487,45.13482400194886,46.24625524092425,45.920968530804856,8.036914918409529e-08,8.132125083666625e-08,7.970981823920256e-08
N0298,0.2,overnight,False,False,True,1294.5550928545513,1305.994190366308,1299.1315613096888,1153.2066108227827,1164.5682213571556,1157.791130295793,1153.2066108584831,1165.2288039934763,1157.7911303311646,678.840709341283,691.959150351755,682.2450837589917,616.3426929048519,625.1246713644878,615.3576047860945,131.79754994602084,131.93460672598158,132.78317693039958,7.835440909705562,7.5266597210178245,7.680945549126172,198.88542527496594,196.67189100851755,197.8819921094552,198.89285938704813,196.67915980906173,197.88199245034673,131.24387096734435,129.1999617442203,130.21588252398607,131.80939997198203,129.7626245111789,130.77884229578996,5.096039752680837,5.1613250364855485,6.238903030187709,2.259438183777905,2.322315754574789,2.26037023554554,6.264242724449937,6.267413920028048,6.264512174053287,135.38886330556744,135.23278079048436,135.37360289734582,63.39206984235048,62.77870760632407,63.428124698906274,13.021933076713761,13.971760005736702,11.371887643498782,10.794446770705177,11.742141031150554,9.092366592070897,50.44304114014119,50.328281245348435,50.546952758153246,8.557005543550995e-08,8.600058417090379e-08,8.502176865140247e-08
N0299,1.0,peak,True,True,True,970.1400015161553,1026.728335020388,992.153270689093,828.8952058917855,883.8300711666866,850.4666507896003,828.8952059582051,886.8043793556421,850.4666508537705,409.45666081956125,468.22206742822897,423.55319678435313,369.77212881363664,411.28653811901074,366.7562948385212,117.58261676894162,118.1536163673952,122.5741304806774,36.65111260095261,36.797452025693794,36.609859617287164,184.84149313170602,172.84587229263013,179.4071786548256,189.36885944647315,178.94184388806303,184.97323035088576,120.72710353059087,111.456789458595,116.28939054899124,123.3390263253003,113.91638100314842,118.82487531834933,24.97822801343577,25.098454554718952,30.556573994799326,11.092953164429431,11.176910560948391,11.100972772713325,29.440487400704733,29.502862481367433,29.454033044261127,118.73510106845336,118.02579977224143,118.82593528390449,47.83360634551718,45.72364589454508,48.42865358561789,63.85178627193336,68.21129508346839,55.55850589716387,52.80307020825748,57.124840695492075,44.46384890192423,75.81542664379086,71.61783596880267,70.72492455413376,7.799679175359501e-08,7.893945653827729e-08,7.718601410496905e-08
N0300,0.5,morning,False,False,True,1181.3066617478044,1208.146721591265,1193.1566640876079,1040.6732847084988,1067.0544749169685,1052.4946792249505,1040.6732847630335,1068.5835332267827,1052.49467927803,588.9725480786615,618.1285453220305,597.5944038541797,535.9654372457862,555.4711484556108,535.0253450403894,126.47184037790723,126.8200356264373,129.01573556541405,18.74614444491233,18.783573392420163,18.7230410027826,195.68882211916872,190.35390773508766,193.39690464217855,195.69486480526965,190.35953632719583,193.39690511783598,127.49231000302207,122.61234209944648,125.12168538680874,128.85340743618445,123.94069329036422,126.46572235989377,12.79309530550219,12.865534674627456,15.644572984410791,5.6797818327358165,5.744312583957115,5.679887555359445,15.0305688782633,15.046262553407372,15.0306610479882,128.93151680687322,128.55836205189408,128.96126950651893,57.13036361361107,55.75834161761107,57.33292060821674,32.72681640701684,34.97001660718236,28.49508812657867,27.075615910508077,29.31061809425771,22.797295073618766,37.11279454033977,37.41427527761606,37.702457984814494,8.233633382951986e-08,8.284495186171222e-08,8.192665723358662e-08
N0301,0.2,overnight,False,False,True,1294.6702207407766,1305.7883496115035,1299.0339145725197,1153.32399676642,1164.3633490844652,1157.6971085430348,1153.3239968018959,1165.02384182429,1157.697108579082,678.9518796439621,691.7523649420496,682.146027549835,616.4514845766003,624.9178876354615,615.2585556677946,131.80529444530563,131.93920177732863,132.7943487443154,7.828651531254778,7.836037935086863,7.824184069957699,198.8985704980269,196.67862067878656,197.89963267430892,198.9060040350921,196.68588914043417,197.89963301530742,131.25266929720934,129.20447536944263,130.2277121454154,131.81816496345309,129.76711696364183,130.7906220916455,5.095810351635316,5.161118882102987,6.2383584582319,2.2593392125968683,2.3222216454554516,2.260169343439327,6.264234439029097,6.267370413814238,6.264363607803827,135.39400018987783,135.2348441088867,135.38030829660235,63.39603900793571,62.7811099627359,63.43396420102538,13.021272887991351,13.971225886435596,11.370905049873977,10.793885670675017,11.741698844684539,9.091587420542613,50.5654978619458,50.33017557442247,50.364678825716524,8.53431314477348e-08,8.593283478322449e-08,8.511942517960247e-08
N0302,1.0,peak,True,True,True,970.1400017682284,1026.7283354068586,992.1532707703238,828.8952061444269,883.8300715427794,850.4666508670907,828.8952062115002,886.8043797305363,850.4666509308987,409.4566610549378,468.22206775452014,423.5531968419931,369.77212904857447,411.28653843704967,366.756294892407,117.58261678511201,118.15361639703534,122.57413048698265,36.651112602123284,36.797452028771545,36.60985962085561,184.84149316239387,172.84587234038364,179.40717866629436,189.36885947729792,178.94184393665694,184.9732303627647,120.7271035509542,111.45678948948094,116.28939055632331,123.33902634592026,113.9163810346118,118.82487532573778,24.978228014317843,25.09845455752048,30.55657399746324,11.092953164771586,11.176910562193946,11.100972773932492,29.440487400696355,29.502862482080772,29.454033045315768,118.7351010707748,118.02579978225099,118.82593528582896,47.83360635281973,45.7236459068878,48.42865358732377,63.85178627540798,68.21129509117819,55.55850590060308,52.80307021139417,57.124840702090665,44.463848904225635,75.81542658989416,71.61783577678764,70.72492444970727,7.796020009075283e-08,7.898655358862019e-08,7.724375920604313e-08
N0303,0.5,morning,False,False,True,1181.3066617464247,1208.1467215910577,1193.1566640881342,1040.6732847094781,1067.0544749173,1052.4946792257917,1040.6732847633987,1068.5835332255658,1052.4946792780395,588.9725480790817,618.1285453218495,597.5944038538942,535.9654372461725,555.4711484553995,535.0253450401599,126.47184037856057,126.82003562645949,129.01573556564003,18.74614444469187,18.783573392431396,18.723041002745795,195.6888221193095,190.35390773502843,193.39690464211594,195.6948648053588,190.3595363270903,193.39690511772432,127.49231000297705,122.61234209930679,125.1216853866887,128.8534074362959,123.94069329033154,126.46572235986714,12.793095305491399,12.865534674609098,15.644572984415424,5.679781832743605,5.74431258399873,5.679887555375693,15.03056887826232,15.04626255339669,15.030661047983687,128.93151680693447,128.55836205085336,128.9612695065305,57.13036361365094,55.75834161759656,57.33292060819169,32.72681640702488,34.9700166072385,28.49508812665113,27.07561591049254,29.310618094250124,22.79729507359668,37.11279454035533,37.414275277615225,37.702457984773474,8.235464068622495e-08,8.296144002477338e-08,8.182773678518977e-08
N0304,0.5,morning,False,False,True,1181.3056887220685,1208.146866226399,1193.157422948372,1040.6722750751535,1067.054627443455,1052.4954523973408,1040.6722751298703,1068.5836858877483,1052.495452451075,588.9717371640269,618.1286076815212,597.5950536252469,535.964662795122,555.4711940816543,535.0259690523071,126.4717070693519,126.82004219090155,129.01584645185878,18.74614603186702,18.78357318188327,18.723039239508633,195.6885444406876,190.35391808094585,193.39712680114718,195.69458712693614,190.3595466776173,193.39712727680586,127.49212191081084,122.61234625395058,125.1218368813144,128.85321826592806,123.94069774232143,126.46587462519268,12.793096055870977,12.865535385395239,15.64457201811553,5.679782538992388,5.744312854349479,5.679886420352478,15.030569788212958,15.04626305587465,15.030659958920934,128.93146363131882,128.55838933802576,128.9613011406027,57.13029388946394,55.758344851114636,57.33297844331779,32.726809362440385,34.970019660917856,28.495090712790976,27.075608337125455,29.310621006336472,22.797298480752982,37.11273123232469,37.41427907392981,37.70251055530787,8.233697398121575e-08,8.298448134191775e-08,8.165395901201234e-08
N0305,0.2,overnight,False,False,True,1294.67022117253,1305.7883494538555,1299.0339142886387,1153.3239972079239,1164.3633489259187,1157.697108256992,1153.3239972446697,1165.02384166535,1157.6971082921202,678.9518799893341,691.7523648355523,682.146027308693,616.4514849043118,624.9178875384085,615.2585554355558,131.80529450073817,131.9392017609006,132.79434870527018,7.828651530719796,7.836037934879715,7.82418407018207,198.89857060783737,196.67862064754075,197.89963259571869,198.90600414488242,196.68588910916512,197.89963293664675,131.252669371242,129.20447534908195,130.22771209181332,131.81816503745964,129.76711694318973,130.79062203798216,5.095810351579913,5.161118882182221,6.238358458162712,2.259339212556012,2.3222216455582454,2.2601693433842542,6.26423443893689,6.2673704137498945,6.264363607957477,135.39400021671608,135.23484409366716,135.38030828449195,63.396039035894006,62.781109954518726,63.43396418117437,13.021272888274204,13.971225885954327,11.370905049988774,10.793885670958334,11.741698844119377,9.091587420689931,50.56549789624793,50.33017556477388,50.36467880093735,8.548466656230368e-08,8.593422398144388e-08,8.510214829552234e-08
N0306,0.75,afternoon,False,True,True,1072.157958674455,1112.140052609187,1090.6293236018305,931.1493084532002,970.288135524003,949.5415069984864,931.1493085116173,972.5591103756302,949.5415070557347,495.96832254530585,539.145449374727,509.3926090074016,450.2729525085874,479.5008011448554,449.80063787589285,121.5384841610513,122.05898854358747,125.378809998612,27.735926679534362,27.811739684752737,27.69411433507339,189.03213939053134,180.085773362596,184.99563750641548,191.69189433654662,183.87345846100172,188.43753034087226,123.53343303671403,116.45857636600796,120.17064259495834,125.52713217376991,118.37303199680203,122.12403984260969,18.93222275670721,19.016421090674054,23.149582980046418,8.40719392844166,8.475420868548767,8.408104320382996,22.266936704321097,22.298452898519447,22.267876380444534,123.36351154820804,122.83589698287157,123.46421127631464,52.06011064553341,50.236474764338446,52.468148738804125,48.38877493458264,51.68482894203248,42.1045957656767,40.02104792466061,43.30001128717874,33.69345758221283,45.13482332598745,46.246255363337724,45.920969082212395,8.044138291772595e-08,8.127575030217117e-08,7.953537471583671e-08
N0307,0.5,morning,False,False,True,1181.3064144457753,1208.1442251078793,1193.1584635201111,1040.6730556868133,1067.0519591369823,1052.4965845801203,1040.6730557407757,1068.5810174498301,1052.4965846324476,588.9725750280423,618.1265360541889,597.5959734469562,535.9654975496771,555.4692352235456,535.026838429918,126.47185300548514,126.81970048941025,129.01599353926318,18.746144413316706,18.78357560521894,18.723036867414834,195.68885307231935,190.35323946322657,193.39743631707876,195.69489574546395,190.35886805967465,193.39743679270634,127.49233783857319,122.61189001002012,125.12204395371127,128.85343493995316,123.94023883797932,126.46608325011493,12.793093483140987,12.865538979203658,15.644574883921093,5.679780997744378,5.74431532080027,5.679886312200024,15.030566156325648,15.046263756940572,15.030657922378763,128.93143934442708,128.55822460214625,128.9613577485318,57.130371475533,55.75816965946928,57.333055330051685,32.726812086360994,34.97000311092787,28.495099856308574,27.07561228873387,29.31060289316834,22.797307979692764,37.112812021249276,37.414145167848154,37.70258050602141,8.235372811180893e-08,8.310942766591242e-08,8.175845648342461e-08
N0308,0.2,overnight,False,False,True,1294.6702209069806,1305.788350457901,1299.0339135638649,1153.3239969365645,1164.3633499422149,1157.6971075221525,1153.3239969722508,1165.023842680077,1157.697107557742,678.9518797309353,691.7523656465821,682.1460267619468,616.4514846502406,624.917888310738,615.2585549234317,131.8052944583907,131.93920189186147,132.7943486185728,7.82865153095022,7.836037934507991,7.824184070288424,198.89857052114235,196.6786209072014,197.89963242567887,198.90600405820615,196.68588936887554,197.89963276658898,131.25266931106654,129.2044755248229,130.22771197828675,131.81816497745038,129.76711711895834,130.79062192436328,5.09581035130651,5.161118882243706,6.238358458236621,2.2593392123947202,2.3222216455590257,2.2601693435720005,6.264234439215943,6.267370413475898,6.264363607963206,135.3940002140384,135.23484414903066,135.3803082322206,63.39603901431355,62.781110020615586,63.43396413747087,13.021272888987488,13.971225886215388,11.370905049292789,10.79388567181908,11.741698844412959,9.09158741984817,50.56549786753983,50.33017564595024,50.364678747220175,8.554943680509478e-08,8.595257038015554e-08,8.496986789111775e-08
N0309,0.75,afternoon,False,True,True,1072.1579586726223,1112.1400526114242,1090.6293235993774,931.149308450221,970.288135523926,949.5415069975592,931.149308509587,972.5591103762615,949.5415070552006,495.9683225446056,539.1454493754851,509.3926090072225,450.27295250795754,479.5008011455682,449.80063787568486,121.53848416106325,122.05898854396881,125.37880999855538,27.73592667957022,27.811739685099983,27.694114335085487,189.0321393903008,180.08577336279166,184.995637506359,191.69189433632025,183.87345846115707,188.43753034079467,123.53343303654187,116.45857636628703,120.17064259490238,125.52713217361352,118.37303199695035,122.12403984254779,18.932222756683164,19.016421090704714,23.149582980049484,8.40719392841095,8.475420868514826,8.40810432038999,22.266936704304673,22.298452898505463,22.26787638045267,123.36351154762143,122.83589698266681,123.46421127588508,52.060110645471006,50.236474764434064,52.46814873873973,48.388774934573156,51.684828942051574,42.10459576567363,40.021047924616326,43.300011287191005,33.69345758217322,45.134823326044625,46.24625536332187,45.92096908226872,8.028689906765861e-08,8.117183666503453e-08,7.976796625483972e-08
N0310,0.75,afternoon,False,True,True,1072.1577458299384,1112.137288162202,1090.628232786019,931.1493182743859,970.2854757105082,949.5407152389085,931.1493183329277,972.5564485982469,949.5407152970156,495.9688097143675,539.1435813933624,509.39237893770525,450.2734844199807,479.49906760500835,449.80047181441347,121.538550929958,122.05865407211355,125.37871143933332,27.735915910268353,27.811730249328924,27.694097834594665,189.03235555535446,180.0851641790346,184.99557797291598,191.69212622397484,183.87282568861002,188.43746862200376,123.53360218287521,116.4581568600871,120.17060745868451,125.5273023834627,118.37260791607083,122.12400410280597,18.932212330177578,19.016423488720807,23.149577438336397,8.407188269198084,8.475423242565029,8.408101676407874,22.266922014165516,22.298445422346564,22.26786381921491,123.36336427562041,122.83567332331742,123.46405259111162,52.060154597098474,50.236313196455704,52.468112325460964,48.38877280948699,51.68479499271715,42.10458564526473,40.02105054424731,43.29997716220179,33.69345068011306,45.134842291970756,46.2462834643412,45.92093715036586,8.049351362253068e-08,8.127717708797315e-08,7.970981823920256e-08
N0311,0.2,overnight,False,False,True,1294.5550928538664,1305.994190365901,1299.1315613143897,1153.2066108211848,1164.5682213571774,1157.791130298488,1153.2066108574759,1165.2288039930409,1157.7911303341957,678.8407093404011,691.9591503512586,682.2450837608287,616.3426929040363,625.1246713640446,615.3576047878228,131.79754994598906,131.9346067259458,132.78317693079214,7.835440909403754,7.526659720850338,7.680945549321065,198.88542527469818,196.6718910083557,197.8819921100038,198.8928593868072,196.67915980885115,197.88199245088487,131.24387096710913,129.19996174412125,130.21588252443985,131.80939997181207,129.76262451106132,130.7788422961693,5.096039752660365,5.161325036497425,6.238903030201315,2.2594381837914805,2.322315754562075,2.2603702355941038,6.26424272445469,6.267413920033182,6.264512174056563,135.38886330538617,135.2327807903624,135.37360289806048,63.39206984226898,62.77870760627419,63.42812469905768,13.021933076698721,13.971760005697963,11.371887643501513,10.794446770731671,11.742141031154329,9.092366592081687,50.443041139920126,50.32828124523861,50.546952758232386,8.568131425536278e-08,8.60598766414789e-08,8.508502718560136e-08
N0312,0.2,overnight,False,False,True,1294.5540903990034,1305.9944614273984,1299.1320418167,1153.2055768830542,1164.568479516304,1157.7916025442316,1153.2055769189858,1165.2290623350589,1157.7916025802656,678.8398389054453,691.9592529760398,682.2454297329396,616.3418557513346,625.1247483335278,615.3579290329938,131.797408575246,131.93462044571393,132.78323231526696,7.8354413063000194,7.526659646518704,7.680945824215625,198.88513694920792,196.67190806650424,197.8820963394924,198.89257106646554,196.67917687661645,197.88209668039872,131.24367470500434,129.1999697726792,130.21595239886847,131.80920372125436,129.76263272755702,130.77891211012184,5.096039858767892,5.161324793344977,6.238903100080893,2.259438266359853,2.3223155919132723,2.2603703277188165,6.264243178702045,6.267414336078119,6.264512085606882,135.38882097289917,135.23282740482523,135.37363876698737,63.39199820071311,62.77871402665868,63.428152706609666,13.021932623787707,13.971761126301251,11.371887412497893,10.794446229445446,11.742142297977132,9.09236627593792,50.44295735103855,50.32828743605431,50.54698870310345,8.554288659441672e-08,8.601892626314996e-08,8.506186838944872e-08
N0313,0.2,overnight,False,False,True,1294.5540833568662,1305.9944654697235,1299.1320447775292,1153.205569741625,1164.5684836103596,1157.7916055419491,1153.205569778036,1165.2290664284842,1157.7916055781986,678.839833242436,691.9592559366562,682.2454323666876,616.341850360742,625.1247510867669,615.3579315925083,131.79740766461418,131.93462091314186,132.78323274585037,7.83544130978182,7.526659646933078,7.680945827124501,198.8851351384628,196.67190897241034,197.88209721194954,198.89256925575975,196.6791777826435,197.88209755285223,131.24367348112014,129.1999703734184,130.2159529986677,131.8092024974077,129.76263332921712,130.77891270897803,5.096039859086421,5.161324791618389,6.238903100738446,2.2594382666840214,2.3223155907879405,2.2603703287119594,6.2642431804113485,6.2674143365481,6.264512083584284,135.3888205698693,135.23282772334264,135.37363885844744,63.391997740169984,62.77871426088096,63.4281529257037,13.021932621152187,13.97176113401569,11.371887409604792,10.794446226499772,11.74214230684864,9.092366272274019,50.44295678568502,50.32828771646615,50.546988979725775,8.568577142376919e-08,8.599915795549541e-08,8.511942517960247e-08
N0314,1.0,peak,True,True,True,970.140001514324,1026.7283350200805,992.1532706882981,828.8952058907133,883.8300711684685,850.466650790602,828.8952059581251,886.8043793557923,850.4666508540715,409.4566608196993,468.22206742841234,423.553196784382,369.772128813796,411.28653811908174,366.7562948385705,117.58261676894674,118.15361636685789,122.5741304806154,36.651112601090965,36.79745202575797,36.60985961733982,184.84149313179137,172.84587229267265,179.40717865485223,189.3688594465804,178.9418438880945,184.9732303508943,120.72710353063218,111.45678945862326,116.28939054912307,123.33902632533335,113.91638100317658,118.82487531836993,24.97822801345546,25.098454554707395,30.556573994799326,11.092953164439539,11.176910560963737,11.100972772726326,29.440487400701404,29.502862481377647,29.454033044259408,118.73510106801838,118.02579977236336,118.82593528399224,47.833606345504876,45.72364589457095,48.42865358561466,63.851786271951966,68.21129508353515,55.55850589717679,52.80307020826821,57.1248406955416,44.46384890188507,75.81542664377751,71.61783596889101,70.72492455413376,7.794015067855702e-08,7.89373359620539e-08,7.73029294657048e-08
N0315,0.5,morning,False,False,True,1181.3066617454886,1208.1467215953921,1193.1566640881424,1040.673284709089,1067.0544749196406,1052.4946792259527,1040.6732847627093,1068.5835332275587,1052.4946792776218,588.9725480784429,618.1285453227406,597.5944038537145,535.9654372455851,555.4711484562699,535.0253450399712,126.47184037801935,126.82003562715595,129.015735565471,18.74614444466985,18.783573392207305,18.723041002494437,195.6888221190832,190.35390773531398,193.39690464203744,195.6948648051836,190.35953632741698,193.396905117681,127.49231000292262,122.61234209954917,125.12168538666877,128.85340743612102,123.94069329053329,126.46572235980959,12.793095305477083,12.865534674591325,15.644572984375394,5.679781832738114,5.74431258400054,5.679887555372777,15.030568878263042,15.046262553403121,15.030661047990094,128.93151680690235,128.55836205176414,128.9612695065589,57.13036361360276,55.75834161768352,57.332920608157,32.72681640704248,34.97001660719037,28.49508812657281,27.075615910511708,29.31061809425137,22.797295073621687,37.1127945402425,37.41427527766953,37.70245798473951,8.232855870344361e-08,8.302267455099095e-08,8.181639084661408e-08
N0316,0.5,morning,False,False,True,1181.3056887227624,1208.1468662287084,1193.1574229498995,1040.6722750774234,1067.0546274435121,1052.4954523989854,1040.6722751312748,1068.5836858897787,1052.4954524523519,588.971737164377,618.128607682362,597.5950536258239,535.9646627954268,555.4711940824378,535.0259690528302,126.47170706950976,126.82004219080163,129.0158464517467,18.74614603226165,18.783573182348924,18.723039239525455,195.6885444408021,190.35391808117228,193.39712680134102,195.69458712712907,190.359546677872,193.39712727695402,127.49212191091888,122.61234625418616,125.12183688148632,128.85321826603294,123.94069774249179,126.46587462529862,12.793096055894255,12.865535385409318,15.644572018131777,5.6797825389691114,5.744312854350384,5.6798864203658095,15.030569788221618,15.04626305588048,15.030659958925947,128.931463631812,128.5583893382917,128.9613011407413,57.13029388950931,55.75834485117507,57.33297844337271,32.72680936247331,34.970019660972966,28.495090712818936,27.07560833716021,29.31062100632661,22.797298480781297,37.11273123224989,37.41427907406571,37.70251055536234,8.217444786595794e-08,8.29129211108884e-08,8.189716533274184e-08
N0317,0.2,overnight,False,False,True,1294.6702211740762,1305.7883494530872,1299.0339142856037,1153.3239972086324,1164.3633489258095,1157.697108254948,1153.3239972448564,1165.023841665446,1157.6971082910902,678.9518799896302,691.7523648354085,682.1460273079674,616.4514849045786,624.9178875381652,615.2585554348472,131.80529450057034,131.93920176059922,132.79434870532563,7.828651530764842,7.836037934904051,7.824184069768322,198.89857060791277,196.6786206474364,197.89963259551962,198.90600414494332,196.68588910909935,197.89963293646133,131.2526693712046,129.20447534904224,130.22771209159947,131.81816503751998,129.7671169431671,130.7906220378728,5.095810351572017,5.161118882186082,6.238358458138081,2.259339212564692,2.3222216455762617,2.2601693433732395,6.264234438938635,6.267370413749828,6.264363607952404,135.39400021691426,135.23484409400362,135.380308284756,63.39603903591231,62.78110995450225,63.433964181140986,13.021272888260285,13.971225885971347,11.370905049975285,10.79388567096609,11.74169884410779,9.091587420673717,50.56549789628633,50.33017556471951,50.36467880087235,8.547471775390753e-08,8.591450388816849e-08,8.50445798126549e-08
N0318,0.2,overnight,False,False,True,1294.6634809589905,1305.7917171093545,1299.0361630363677,1153.3172549172123,1164.3668509362612,1157.6994760245425,1153.3172549532997,1165.0273435574131,1157.6994760598582,678.9467991724435,691.7551612595232,682.148416049363,616.4466922796418,624.9205400843736,615.2609266298431,131.80447852374587,131.93964380853956,132.79473902765324,7.828654506121899,7.836037183724837,7.824180802163759,198.89698702037097,196.6795206744266,197.900465805912,198.90442056271593,196.68678914975163,197.90046614687375,131.25160599527734,129.2050807015354,130.228291807375,131.81710148334022,129.76772295459395,130.79120074985295,5.095810405994742,5.161117099965891,6.238358888765089,2.259339385777788,2.322220480159426,2.2601701642116523,6.264234543418928,6.267369262786295,6.264360318326739,135.3935370498728,135.23503414746236,135.38028412033276,63.39562742654511,62.78133297681928,63.434164058127024,13.021269937182563,13.97123209532412,11.370901824330664,10.793882563033971,11.741706190664832,9.09158357813125,50.564993723984244,50.33044791429675,50.36493276628413,8.576646637682907e-08,8.607260249712032e-08,8.510214829552234e-08
N0319,0.75,afternoon,False,True,True,1072.1579586754917,1112.1400526118775,1090.629323601847,931.1493084547604,970.288135524704,949.5415069970618,931.1493085140679,972.55911037583,949.5415070544532,495.96832254757504,539.1454493748922,509.3926090058434,450.2729525108295,479.50080114511314,449.80063787439434,121.53848416130711,122.05898854400046,125.37880999816423,27.735926679534362,27.811739684849808,27.69411433523304,189.03213939134423,180.08577336266066,184.99563750588368,191.6918943373665,183.8734584609704,188.4375303402796,123.53343303726695,116.45857636612169,120.17064259458252,125.52713217435151,118.3730319968327,122.12403984223897,18.932222756701364,19.016421090673514,23.149582980049484,8.407193928429736,8.475420868522951,8.408104320373726,22.26693670431001,22.298452898507755,22.26787638045267,123.36351154833478,122.83589698270124,123.46421127643399,52.060110645731704,50.23647476440766,52.46814873867429,48.38877493460823,51.684828942006995,42.104595765668726,40.02104792467303,43.30001128718518,33.69345758219157,45.134823326120035,46.24625536329498,45.920969082143806,8.047446770552448e-08,8.129921141402518e-08,7.970720408794088e-08
N0320,1.0,peak,True,True,True,969.7630074467917,1021.6198561219584,995.8823077543954,828.5113866773024,878.8647351291809,854.4596893725923,828.511386743238,881.8221426525979,854.4596894377455,409.0896430782988,463.3241958605934,427.9579403953955,369.4053746766761,406.40358167818164,371.27637970937616,117.57793086047236,118.28246228518472,122.79351494765884,36.663755224514134,36.781036340203,36.60499073645602,184.85023645024242,173.05814130614127,179.75083810073744,189.37499359571768,179.1501822455972,185.33366901925444,120.72695826385281,111.58856225775776,116.52536896076369,123.33916495653517,114.05061265072351,119.06338606615073,24.98692520056026,25.08199637598416,30.55071201838528,11.097339863730559,11.16889978174091,11.099323768357266,29.44752792654199,29.495565635153188,29.44933266239425,118.73347813113323,118.08084518532608,118.97051897258247,47.818840748198575,45.769122875468085,48.53443388548215,63.859361101347915,68.18870950316641,55.54592858220061,52.806406555937,57.109164743879,44.45308258255787,76.08816451033769,78.79072732615992,77.77533011203785,7.804702950004251e-08,7.881898966669937e-08,7.701093519311131e-08
N0321,1.0,peak,True,True,True,969.761653303276,1021.6194222674069,995.8815231922321,828.5101885289934,878.8644349139008,854.4590392281875,828.5101885949749,881.8218404026671,854.4590392923574,409.08900169151644,463.324163568873,427.9576787428292,369.40478871613595,406.4035805408204,371.27617036260193,117.57778960847583,118.28244597535573,122.79345389692429,36.6637451520514,36.781023004524016,36.60497910757637,184.85002523511477,173.05814700350672,179.7507674613123,189.37477349411213,179.15018824662513,185.333592426856,120.72681441263455,111.58857056781144,116.52532213579781,123.33901912695326,114.05062089783812,119.06333846241847,24.98692209774564,25.081992880494592,30.550709090076833,11.097338766130884,11.16889791704208,11.099322763539579,29.447517126940646,29.495554229899298,29.449321426058738,118.73332056774503,118.08076397038708,118.97040627032717,47.81877573508327,45.76912339573049,48.53440990162515,63.85934199138216,68.18870500024272,55.54591915425348,52.80638931585265,57.10916267497855,44.45307521340756,76.08816601548052,78.79072093003366,77.77534883979365,7.779595186628988e-08,7.897927148389024e-08,7.712780844831386e-08
N0322,0.75,afternoon,False,True,True,1072.1575896984932,1112.134665411885,1090.6270828486802,931.1493802112681,970.2829537331813,949.5398509998622,931.1493802695967,972.5539247284767,949.5398510569744,495.96931937170075,539.1418169662962,509.39207659540205,450.2740350720913,479.4974316994877,449.800235379061,121.53862104314943,122.0583390498771,125.37860185031103,27.735905227580787,27.81172114798981,27.69408203770103,189.0325769106805,180.0845906469598,184.99549301984894,191.69236320111088,183.87223038394922,188.43738024696236,123.53377432436686,116.45776257626765,120.17055408699676,125.52747563784139,118.372209304495,122.12394995805424,18.932202154071675,19.016425510902106,23.14957210727607,8.40718272349001,8.47542536704037,8.408099303375044,22.26690778316485,22.298438066058573,22.267851894473772,123.36322576482881,122.83545904287612,123.46389439679244,52.06020016451891,50.23616118316749,52.46806966904385,48.38877131831535,51.68476261417972,42.10457502530355,40.02105368951956,43.299944716675846,33.693443038528756,45.13485749231622,46.246310467355066,45.92090915344425,8.040255406414569e-08,8.124444687780814e-08,7.970981823920256e-08
N0323,0.5,morning,False,False,True,1181.3064144468283,1208.1442251110714,1193.1584635156487,1040.6730556888567,1067.051959140005,1052.4965845757995,1040.673055741587,1068.5810174536302,1052.4965846281557,588.9725750285248,618.1265360576273,597.5959734439342,535.9654975500509,555.4692352268361,535.0268384270298,126.47185300534828,126.81970049010673,129.01599353852916,18.74614441372234,18.783575605168448,18.72303686732439,195.68885307242826,190.35323946441233,193.39743631607215,195.6948957455645,190.3588680608037,193.39743679171772,127.4923378385777,122.61189001071787,125.12204395293577,128.85343494002652,123.94023883876189,126.46608324943195,12.793093483151818,12.865538979170688,15.644574883901944,5.679780997723576,5.74431532076739,5.67988631221044,15.030566156336835,15.04626375693174,15.030657922379097,128.9314393445457,128.55822460236186,128.96135774804492,57.130371475554185,55.75816965978413,57.33305532976356,32.72681208638829,34.97000311094004,28.495099856255283,27.075612288733197,29.31060289316664,22.797307979629036,37.11281202124036,37.41414516804493,37.702580505707694,8.241930912737425e-08,8.307215633196684e-08,8.171188453598482e-08
N0324,0.5,morning,False,False,True,1181.3056894287186,1208.1468604740585,1193.157427680839,1040.672275755436,1067.0546215407664,1052.495457308582,1040.6722758094038,1068.5836799874262,1052.4954573605676,588.9717380100885,618.1286027459026,597.5950574369322,535.9646636612338,555.4711893475716,535.0259726404471,126.47170723043433,126.82004137833157,129.01584707267122,18.746146030964802,18.783573191673124,18.72303923051036,195.68854477509706,190.35391642749119,193.3971280695815,195.69458746137158,190.35954502420972,193.39712854525737,127.49212215174774,122.61234513204373,125.1218377315581,128.85321850680833,123.9406966144196,126.46587548100958,12.793096049159642,12.865535394894348,15.644572021391843,5.679782535636832,5.744312860691071,5.679886417017225,15.030569784490709,15.046263062950768,15.030659955407675,128.93146357280168,128.5583890850478,128.96130144059705,57.13029397435266,55.75834443155712,57.332978766106294,32.72680935665275,34.97001962566142,28.495090740761018,27.07560833345839,29.310620966500217,22.797298511391855,37.11273129712446,37.41427871686307,37.70251084421665,8.232578334830053e-08,8.312117668304305e-08,8.1590324244179e-08
N0325,0.2,overnight,False,False,True,1294.6702211773684,1305.788349457142,1299.0339142874525,1153.323997208108,1164.3633489286622,1157.6971082543962,1153.3239972447682,1165.0238416672485,1157.6971082909322,678.9518799897854,691.7523648370869,682.1460273075854,616.4514849047017,624.9178875398763,615.258555434478,131.80529450070637,131.9392017609875,132.79434870504406,7.82865153109612,7.836037935421985,7.824184070064052,198.89857060794114,196.67862064800406,197.89963259533235,198.90600414496822,196.68588910965798,197.89963293627085,131.25266937125238,129.20447534943173,130.22771209165572,131.8181650375447,129.7671169435527,130.79062203775464,5.0958103515578115,5.161118882177631,6.238358458162712,2.2593392125735563,2.3222216455451328,2.260169343395269,6.264234438943674,6.267370413753323,6.2643636079598535,135.3940002166663,135.23484409354336,135.38030828470755,63.396039035908785,62.78110995464148,63.43396418110906,13.021272888280771,13.971225886005179,11.37090504997272,10.793885670977515,11.741698844134287,9.09158742070886,50.56549789614619,50.330175564930755,50.36467880090885,8.55526032398652e-08,8.60034459948732e-08,8.511942517960247e-08
N0326,0.2,overnight,False,False,True,1294.6634809605666,1305.7917171071103,1299.0361630362688,1153.3172549192302,1164.3668509350402,1157.6994760257062,1153.317254954821,1165.0273435558915,1157.6994760619207,678.9467991732172,691.7551612587915,682.1484160501842,616.4466922803385,624.9205400836638,615.2609266306462,131.8044785238651,131.93964380870875,132.79473902787936,7.82865450653928,7.836037183014878,7.824180801738345,198.89698702057572,196.67952067423954,197.90046580614518,198.90442056296072,196.68678914955274,197.9004661471001,131.25160599537193,129.20508070136015,130.22829180757,131.81710148349327,129.76772295445235,130.79120075003928,5.095810405999048,5.161117099957611,6.238358888781276,2.2593393857599473,2.322220480157625,2.2601701642142387,6.26423454340354,6.2673692627918705,6.264360318329009,135.39353705000445,135.2350341467677,135.38028412031576,63.39562742661162,62.78133297674792,63.434164058224745,13.021269937178467,13.971232095312663,11.370901824338855,10.793882563088683,11.74170619066683,9.091583578147464,50.564993724071435,50.330447914189826,50.364932766479136,8.56649305934511e-08,8.592857525675782e-08,8.487187959557836e-08
N0327,0.5,morning,False,False,True,1181.3046715308647,1208.147152531249,1193.157953208106,1040.6712526847355,1067.0549578697453,1052.496019309609,1040.6712527388763,1068.5840161312558,1052.4960193627116,588.970974823478,618.1288945823858,597.5956100083908,535.9639431763567,555.4714676032544,535.0265171835582,126.47157922139284,126.82008437391927,129.01594313508846,18.74614699342036,18.783573078109164,18.723038446020958,195.68828507912636,190.35401490378615,193.39733257020373,195.69432776502,190.35964350284894,193.39733304582435,127.49194708915975,122.61241062875148,125.12197916547849,128.8530424141059,123.940762641051,126.46601752325415,12.793097692268152,12.865536474473775,15.644571661141773,5.679783651287099,5.744313226286209,5.679885663708536,15.030569801612986,15.046262365566808,15.03065806436902,128.93139163875648,128.55840016324169,128.96129945332575,57.130227005140014,55.75836645166396,57.33302890165189,32.72680326055354,34.970024547874964,28.495092853084387,27.075601537817764,29.31062574494429,22.79730123075044,37.11268613471509,37.41429402349341,37.702556986199866,8.227736266853391e-08,8.290314428448301e-08,8.181077940865185e-08
N0328,1.0,peak,True,True,True,969.7630228282578,1021.6198659696377,995.8822901760387,828.5114020695938,878.8647436721434,854.4596721088656,828.5114021357085,881.8221512425858,854.4596721739317,409.0896569879008,463.3242000419018,427.9579267033647,369.40538843301374,406.40358518903264,371.2763667531912,117.57793172719308,118.28246388921369,122.79351300163202,36.66375518431157,36.781036454864186,36.60499075491829,184.85023807639908,173.0581436635548,179.75083479931754,189.37499523334182,179.15018466811858,185.33366569502152,120.72695936884028,111.58856380870509,116.5253667664022,123.3391660790032,114.05061422782805,119.06338383556394,24.98692512820042,25.081996496180597,30.550711950737075,11.097339822108943,11.168899834695175,11.099323769476266,29.447527901121155,29.49556570610372,29.449332699032205,118.73347850906472,118.08084626120822,118.9705183836507,47.81884118700569,45.76912357286377,48.534432951052764,63.85936118644265,68.18870983837292,55.54592833484868,52.80640667158925,57.10916503464067,44.453082331299036,76.08816281985679,78.7907199420425,77.77533906744011,7.809934679688902e-08,7.892580659543972e-08,7.718601410496905e-08
N0329,0.5,morning,False,False,True,1181.30666642348,1208.1467268729255,1193.1566543795216,1040.673289611928,1067.0544802829618,1052.4946692222993,1040.6732896653982,1068.5835385912997,1052.4946692742906,588.9725516708376,618.1285501340967,597.5943957274313,535.9654406089202,555.4711531440182,535.0253373019438,126.47184094229502,126.82003642827969,129.0157342244131,18.746144436939996,18.7835733852578,18.72304101800375,195.68882328655357,190.35390936849439,193.3969019141328,195.6948659726796,190.35953796051098,193.39690238974404,127.49231077702527,122.61234322252162,125.12168354152726,128.85340821621327,123.94069441812947,126.4657205040285,12.7930953073034,12.865534660422703,15.644572985051296,5.679781831747159,5.744312575663465,5.679887564911873,15.030568877100334,15.046262544018454,15.030661058069388,128.93151717623886,128.5583621785366,128.9612690069655,57.13036390873343,55.75834203303778,57.33291991191888,32.72681645189358,34.97001662722161,28.495088079578743,27.07561595650485,29.310618119753123,22.797295019601975,37.112794897376844,37.414275640349935,37.70245728209364,8.231250458997378e-08,8.300012539587595e-08,8.170052250874368e-08
N0330,0.5,morning,False,False,True,1181.305688730535,1208.146866240825,1193.1574229270175,1040.6722750862903,1067.0546274587757,1052.4954523741828,1040.6722751392474,1068.5836859032947,1052.4954524279276,588.971737170484,618.1286076949715,597.5950536060753,535.9646628010976,555.4711940947349,535.0259690340831,126.47170707047846,126.82004219346628,129.01584644858565,18.746146032005903,18.783573182298433,18.723039239418185,195.68854444282053,190.3539180855355,193.3971267946482,195.69458712906246,190.359546682172,193.39712727027845,127.49212191223015,122.6123462571921,125.12183687697372,128.85321826731834,123.94069774547373,126.46587462075536,12.793096055919008,12.865535385381149,15.644572018122508,5.6797825390028365,5.744312854339153,5.679886420376225,15.030569788222088,15.046263055845325,15.030659958949117,128.9314636322968,128.55838933824572,128.96130114006604,57.130293890006705,55.758344852281176,57.332978441689264,32.72680936254393,34.97001966102275,28.49509071271016,27.075608337227997,29.310621006402453,22.79729848065559,37.11273123272596,37.41427907510532,37.70251055376649,8.238693490635534e-08,8.295996746433462e-08,8.187997405972829e-08
N0331,0.2,overnight,False,False,True,1294.6702211764712,1305.7883494552038,1299.033914284982,1153.3239972083347,1164.363348925896,1157.697108254906,1153.32399724352,1165.023841666378,1157.697108291405,678.951879988897,691.7523648355932,682.1460273080029,616.4514849039555,624.9178875384048,615.2585554349578,131.8052945003221,131.93920176080422,132.79434870482,7.828651531042305,7.836037935604797,7.824184070064052,198.89857060771828,196.6786206475163,197.8996325955653,198.90600414476532,196.6858891091754,197.89963293645403,131.25266937111743,129.20447534905747,130.22771209172322,131.81816503742914,129.7671169432429,130.7906220378813,5.095810351562165,5.161118882190671,6.238358458165292,2.2593392125686047,2.3222216455378235,2.260169343386841,6.264234438938108,6.267370413741985,6.264363607954095,135.39400021647756,135.2348440943465,135.38030828453432,63.3960390358725,62.78110995453704,63.433964181121155,13.021272888254053,13.97122588597775,11.370905049980747,10.793885671001648,11.74169884415145,9.091587420703435,50.56549789616964,50.330175564840516,50.3646788008946,8.557056738275566e-08,8.591031270046329e-08,8.479713538086094e-08
N0332,0.2,overnight,False,False,True,1294.6634809593113,1305.791717107422,1299.036163037003,1153.3172549186916,1164.36685093521,1157.6994760242583,1153.3172549548237,1165.0273435566064,1157.6994760596688,678.9467991731505,691.7551612589805,682.148416049069,616.4466922802852,624.9205400838168,615.2609266295756,131.80447852389727,131.93964380850528,132.79473902759776,7.828654506432441,7.836037183770524,7.8241808020574055,198.89698702057083,196.6795206742371,197.90046580586542,198.90442056294077,196.68678914953708,197.900466146781,131.25160599539186,129.20508070147557,130.2282918072176,131.81710148342836,129.76772295446298,130.79120074980437,5.095810406002346,5.161117099967675,6.238358888783856,2.2593393857540867,2.322220480149016,2.2601701642278402,6.264234543407361,6.267369262787202,6.264360318323358,135.3935370500519,135.23503414761848,135.38028412064526,63.39562742660211,62.78133297675322,63.43416405810333,13.021269937179982,13.97123209530576,11.370901824333394,10.79388256306869,11.741706190701608,9.09158357817182,50.56499372405578,50.33044791424772,50.364932766298374,8.564552987782845e-08,8.588782801252969e-08,8.511942517960247e-08
N0333,0.75,afternoon,False,True,True,1072.1579586779362,1112.140052610793,1090.6293235994324,931.1493084545084,970.2881355249574,949.541506994585,931.1493085136462,972.5591103754286,949.5415070522349,495.9683225473403,539.1454493749397,509.39260900489415,450.2729525105677,479.500801145077,449.80063787351185,121.5384841613713,122.05898854366214,125.37880999799437,27.735926679346104,27.811739684924802,27.694114335286255,189.03213939124007,180.08577336264813,184.99563750556572,191.69189433731685,183.87345846098702,188.43753034004675,123.53343303723494,116.45857636614225,120.17064259446249,125.52713217426817,118.37303199682195,122.1240398420252,18.932222756693985,19.016421090703194,23.149582980019108,8.407193928427361,8.475420868525996,8.408104320406256,22.26693670430922,22.298452898520445,22.267876380451053,123.3635115481695,122.8358969826233,123.46421127561982,52.06011064574134,50.23647476439065,52.46814873855561,48.3887749345654,51.68482894204567,42.10459576566168,40.02104792463797,43.30001128719598,33.69345758217531,45.134823326036894,46.24625536324847,45.92096908214502,8.03374799839541e-08,8.129312568256489e-08,7.964905425096834e-08
N0334,1.0,peak,True,True,True,969.7630074484445,1021.6198561222591,995.8823077561015,828.5113866760627,878.8647351300347,854.4596893725549,828.5113867431222,881.822142654197,854.4596894383,409.0896430781403,463.3241958618557,427.95794039568085,369.40537467656264,406.4035816792992,371.27637970957215,117.57793086013187,118.28246228555591,122.79351494783911,36.663755224283406,36.78103634052272,36.604990736099936,184.85023645025268,173.05814130654102,179.75083810084928,189.37499359573042,179.15018224596332,185.3336690193678,120.726958263784,111.58856225803449,116.5253689608675,123.33916495652649,114.05061265097959,119.0633860661732,24.98692520057656,25.08199637600327,30.550712018408007,11.09733986373763,11.168899781759274,11.09932376836705,29.447527926542083,29.49556563517591,29.44933266242036,118.73347813139932,118.08084518533134,118.97051897287402,47.818840748225675,45.76912287559273,48.53443388551146,63.85936110133007,68.18870950324687,55.54592858224601,52.80640655594372,57.10916474392997,44.4530825825872,76.08816451028127,78.79072732630303,77.77533011208831,7.794227529190144e-08,7.898135742023254e-08,7.70101432706964e-08
N0335,0.75,afternoon,False,True,True,1072.1575896967954,1112.1346654111262,1090.6270828474821,931.1493802100792,970.2829537326994,949.5398509997492,931.1493802687542,972.5539247276539,949.5398510570243,495.969319371125,539.1418169657892,509.3920765955229,450.27403507159977,479.4974316991399,449.8002353792385,121.53862104336471,122.05833904995798,125.37860185076656,27.73590522774354,27.811721148091266,27.69408203765991,189.03257691050905,180.08459064680622,184.9954930198562,191.69236320098452,183.87223038381384,188.43738024703285,123.53377432423612,116.45776257621776,120.17055408706877,125.52747563771086,118.3722093044389,122.12394995809065,18.932202154068722,19.016425510915102,23.149572107249682,8.407182723485986,8.475425367018902,8.408099303358778,22.266907783156743,22.298438066051624,22.267851894457504,123.36322576496471,122.83545904279895,123.46389439684353,52.06020016448991,50.23616118312268,52.46806966908696,48.388771318342364,51.68476261416744,42.10457502529956,40.02105368948476,43.29994471668609,33.693443038483025,45.13485749234065,46.24631046735717,45.92090915344425,8.036914918409529e-08,8.127030346930395e-08,7.971517379356042e-08
N0336,0.2,overnight,False,False,True,1294.5550928532002,1305.9941903615377,1299.1315613152085,1153.2066108205563,1164.5682213543907,1157.7911303016185,1153.2066108571807,1165.2288039911894,1157.791130336228,678.8407093399418,691.959150350231,682.2450837628511,616.3426929035744,625.1246713630571,615.3576047896307,131.79754994586875,131.93460672586042,132.78317693096278,7.8354409097398685,7.526659720886671,7.680945549429071,198.88542527456264,196.67189100804248,197.88199211059535,198.8928593866652,196.6791598085686,197.88199245151438,131.24387096710595,129.1999617438875,130.21588252472495,131.8093999717193,129.76262451082385,130.77884229660384,5.096039752693611,5.1613250364887895,6.238903030185129,2.2594381837745665,2.3223157545517674,2.260370235572742,6.264242724459203,6.267413920028847,6.26451217405836,135.3888633056566,135.23278079000673,135.37360289754082,63.39206984221035,62.77870760620446,63.42812469926907,13.02193307669305,13.971760005711426,11.37188764355017,10.794446770671914,11.742141031127169,9.092366592100616,50.44304113992847,50.32828124510079,50.54695275849246,8.559635226058384e-08,8.593147320856537e-08,8.50445798126549e-08
N0337,0.75,afternoon,False,True,True,1072.1579602631882,1112.1400650483006,1090.6293221310734,931.1493097666637,970.2881472447358,949.5415046212272,931.1493098253148,972.5591221049084,949.5415046777109,495.9683227384239,539.1454577979265,509.3926055405713,450.27295254792637,479.50080904787325,449.80063433543967,121.53848431801985,122.05898990701506,125.37880962129505,27.73592667514287,27.811739758912115,27.694114383228708,189.03213969563407,180.08577561494255,184.995636420915,191.6918946318909,183.87346082433805,188.43752920700044,123.53343321442902,116.45857793315668,120.17064180630801,125.52713235448323,118.37303358060034,122.12403904685088,18.93222275714911,19.01642109897159,23.149583005701615,8.407193927896412,8.475420868429575,8.408104340654685,22.26693672997557,22.298452930609198,22.267876429101243,123.3635119020438,122.83589791220223,123.46421158725616,52.060110702839296,50.236475414285,52.4681485133767,48.38877496098496,51.684829085329696,42.10459575674032,40.02104794902191,43.30001142327805,33.69345755721046,45.13482414015377,46.24625562512491,45.920967993494315,8.036449958046208e-08,8.131370157226239e-08,7.96516703106956e-08
N0338,0.2,overnight,False,False,True,1294.5550928532748,1305.994190363499,1299.1315613083475,1153.2066108213482,1164.568221356704,1157.7911302959435,1153.206610858205,1165.2288039934424,1157.791130331805,678.8407093410891,691.959150351877,682.2450837592824,616.3426929046872,625.1246713646766,615.3576047863463,131.7975499459079,131.93460672611837,132.78317693039747,7.8354409095517745,7.526659721142822,7.680945549342182,198.88542527492444,196.67189100857885,197.8819921095204,198.89285938702437,196.6791598091126,197.88199245046124,131.24387096731414,129.1999617442526,130.21588252407236,131.80939997193633,129.76262451120115,130.77884229584305,5.096039752691218,5.161325036463437,6.238903030157917,2.259438183784804,2.322315754584093,2.2603702355481263,6.264242724453488,6.26741392003629,6.264512174044468,135.3888633052989,135.23278079056985,135.37360289739425,63.39206984232882,62.778707606349066,63.42812469892563,13.021933076689963,13.971760005738002,11.371887643517733,10.79444677074475,11.742141031109554,9.092366592060108,50.443041140093584,50.3282812453187,50.54695275825503,8.56685531392523e-08,8.60218268637976e-08,8.494675747013851e-08
N0339,0.75,afternoon,False,True,True,1072.1579602617187,1112.1400650477422,1090.6293221321864,931.1493097672025,970.2881472443503,949.5415046203461,931.1493098255701,972.5591221051121,949.5415046776759,495.9683227381364,539.1454577978608,509.39260554076833,450.27295254766483,479.50080904778747,449.8006343356342,121.5384843179477,122.05898990645916,125.37880962113036,27.735926674884954,27.811739758836836,27.69411438347059,189.03213969554025,180.08577561486572,184.9956364210062,191.6918946317832,183.8734608242777,188.4375292070566,123.53343321434971,116.45857793316868,120.17064180632806,125.52713235441355,118.3730335805702,122.12403904687831,18.93222275716167,19.01642109892687,23.14958300571788,8.40719392789166,8.475420868440526,8.4081043406973,22.26693672997711,22.29845293060848,22.267876429115883,123.3635119023009,122.8358979124573,123.46421158694064,52.060110702805794,50.23647541427766,52.46814851340636,48.388774960991974,51.68482908535367,42.104595756734184,40.02104794899296,43.30001142329195,33.69345755719114,45.134824140198226,46.24625562514446,45.920967993522474,8.052132767317551e-08,8.139956370813912e-08,7.965977316999693e-08
N0340,0.5,morning,False,False,True,1181.306414447382,1208.144225108437,1193.1584635175766,1040.6730556885097,1067.0519591371044,1052.4965845798606,1040.6730557419335,1068.581017449281,1052.4965846326047,588.9725750288198,618.1265360539053,597.5959734470689,535.9654975503807,555.4692352232895,535.0268384300307,126.4718530055412,126.81970048940477,129.01599353903626,18.746144413293557,18.78357560541727,18.723036867307563,195.68885307257807,190.35323946312886,193.3974363171364,195.6948957457101,190.35886805956147,193.39743679277885,127.49233783862775,122.61189000993562,125.12204395359123,128.85343494011443,123.94023883792204,126.46608325013182,12.79309348314093,12.865538979189603,15.644574883944879,5.679780997726818,5.7443153207793065,5.6798863121854435,15.030566156334247,15.046263756932328,15.03065792238049,128.93143934445712,128.55822460215015,128.96135774854426,57.13037147560621,55.75816965947445,57.333055330045184,32.72681208638722,34.970003110911655,28.495099856289396,27.07561228877629,29.310602893126,22.79730797966484,37.11281202127019,37.41414516776921,37.702580506041926,8.232761698371606e-08,8.289578210984178e-08,8.192109470715309e-08
N0341,0.5,morning,False,False,True,1181.3056894312344,1208.1468604749507,1193.157427682145,1040.672275754949,1067.05462154101,1052.4954573081327,1040.6722758089786,1068.583679987265,1052.4954573603445,588.9717380098939,618.1286027457443,597.5950574370174,535.9646636610327,555.4711893474396,535.0259726404747,126.47170723048667,126.82004137799866,129.01584707318014,18.746146031012223,18.783573191453,18.72303923070808,195.6885447750455,190.3539164274526,193.39712806958124,195.69458746128248,190.35954502414023,193.39712854519428,127.492122151696,122.61234513206554,125.12183773163012,128.8532185067557,123.94069661438958,126.46587548104006,12.793096049156889,12.865535394895705,15.644572021372694,5.679782535639219,5.7443128607096945,5.679886417024724,15.030569784496839,15.046263062949555,15.030659955407675,128.93146357288893,128.55838908484895,128.96130144066723,57.13029397433801,55.75834443152266,57.33297876608365,32.72680935667832,34.970019625645136,28.495090740787663,27.07560833344703,29.310620966483643,22.797298511412677,37.11273129712686,37.41427871686505,37.70251084431887,8.243202888925684e-08,8.309054524966093e-08,8.181639084661408e-08
N0342,0.2,overnight,False,False,True,1294.6702211790716,1305.788349457516,1299.0339142877351,1153.3239972102615,1164.3633489291728,1157.6971082544146,1153.323997246464,1165.0238416683153,1157.6971082901289,678.9518799905385,691.7523648374089,682.146027307213,616.451484905356,624.9178875401717,615.2585554341799,131.80529450083432,131.93920176090367,132.79434870498855,7.8286515310726,7.836037935345862,7.8241840703831125,198.8985706081556,196.6786206481377,197.89963259524123,198.90600414520506,196.68588910973992,197.8996329361513,131.2526693713979,129.20447534955136,130.22771209155832,131.81816503767365,129.76711694362442,130.79062203769652,5.095810351565133,5.161118882177538,6.238358458202827,2.2593392125486496,2.3222216455541407,2.2601693433816674,6.2642344389469375,6.267370413755203,6.2643636079583755,135.39400021704762,135.23484409458658,135.38030828414674,63.39603903602021,62.781109954678286,63.43396418108681,13.021272888272689,13.971225885977544,11.370905049972555,10.7938856709645,11.741698844141707,9.09158742069807,50.565497896356355,50.33017556502959,50.3646788008946,8.548761888560445e-08,8.593280513545675e-08,8.502744711075638e-08
N0343,0.2,overnight,False,False,True,1294.6634809614982,1305.7917171098195,1299.0361630378495,1153.317254919124,1164.3668509358195,1157.6994760251084,1153.3172549556955,1165.0273435570373,1157.6994760607588,678.9467991737622,691.7551612594247,682.1484160491804,616.4466922808258,624.9205400842749,615.2609266296905,131.80447852388153,131.939643807864,132.79473902737163,7.828654506105153,7.836037183322677,7.824180801655321,198.89698702075333,196.67952067438358,197.90046580587563,198.90442056313984,196.6867891496964,197.9004661468092,131.25160599544816,129.20508070148725,130.22829180728868,131.81710148356922,129.76772295457135,130.79120074984655,5.095810406012679,5.161117099960759,6.238358888783856,2.2593393857840565,2.3222204801638275,2.2601701642414413,6.264234543410384,6.267369262802555,6.2643603183266325,135.39353705002608,135.23503414733187,135.38028412091418,63.39562742665355,62.78133297684916,63.43416405813138,13.021269937191658,13.971232095262517,11.370901824333394,10.793882563060913,11.741706190678912,9.091583578139389,50.56499372416067,50.33044791432311,50.364932766298374,8.56486630911727e-08,8.594412698957661e-08,8.519440364025532e-08
N0344,0.5,morning,False,False,True,1181.3046715318897,1208.1471525296356,1193.1579532098192,1040.6712526857755,1067.0549578712125,1052.4960193089407,1040.6712527395293,1068.5840161309736,1052.4960193618751,588.9709748240127,618.1288945824357,597.5956100082428,535.963943176792,555.4714676033772,535.026517183445,126.47157922154413,126.82008437383239,129.0159431353705,18.74614699378196,18.78357307807649,18.72303844553507,195.6882850792646,190.35401490383117,193.39733257016147,195.6943277651644,190.35964350285155,193.39733304580298,127.49194708930358,122.61241062871386,125.12197916536255,128.85304241419541,123.94076264107721,126.46601752323433,12.793097692300751,12.865536474488405,15.644571661133066,5.679783651260178,5.744313226286522,5.67988566369812,15.030569801614016,15.046262365579572,15.03065806436072,128.93139163877146,128.5584001629612,128.9612994530041,57.130227005199096,55.75836645166903,57.33302890166562,32.72680326053146,34.970024547863275,28.49509285304442,27.075601537800953,29.310625744953956,22.797301230753355,37.11268613479231,37.41429402347169,37.70255698617936,8.240686026917676e-08,8.289737706767679e-08,8.176981046066096e-08
N0345,0.5,morning,False,False,True,1181.3056842160831,1208.146867094983,1193.1574266641499,1040.6722704141926,1067.0546283685821,1052.495456201088,1040.6722704683325,1068.5836868151655,1052.4954562543574,588.9717334642806,618.1286081818072,597.5950568610338,535.9646592699563,555.4711945006213,535.0259721665752,126.47170646057509,126.82004225315156,129.015847006063,18.746146039421344,18.783573182660255,18.723039232272978,195.688543178833,190.353918204768,193.39712792823929,195.69458586516006,190.3595468014301,193.3971284038987,127.4921210573085,122.61234632515784,125.12183765116444,128.8532174074349,123.94069781503842,126.4658753987569,12.79309606008281,12.865535389843558,15.64457201406844,5.679782542669097,5.744312856132765,5.67988641510477,15.030569792038474,15.046263058111899,15.030659953308861,128.93146337213366,128.55838946511318,128.9613012841207,57.13029357006892,55.75834488169587,57.33297873183411,32.726809330051935,34.97001967745538,28.49509072600162,27.07560830204113,29.310621021675082,22.797298497741,37.112730960204296,37.41427909572971,37.70251080033847,8.242538773809554e-08,8.29834959498202e-08,8.174726671507719e-08
N0346,0.75,afternoon,False,True,True,1072.157961758933,1112.1400584439687,1090.6293225235233,931.1493113835472,970.288140796997,949.5415054247054,931.1493114426999,972.559115654001,949.5415054816335,495.9683244690703,539.145452897842,509.39260670987176,450.2729542857769,479.5008044149755,449.80063551793745,121.53848453541599,122.05898911493989,125.37880975825338,27.73592668522535,27.811739734357225,27.694114354434234,189.03214011239598,180.0857742049645,184.99563685128368,191.69189508284165,183.87345934903595,188.43752965331865,123.53343353165539,116.45857694965207,120.17064211416886,125.52713267388394,118.37303258684337,122.12403935768347,18.932222752726798,19.0164211021281,23.149582994349384,8.40719392495358,8.475420872729966,8.40810433190102,22.26693671814346,22.298452923600664,22.267876409192763,123.36351184929403,122.83589747812795,123.46421149064989,52.0601108234369,50.23647502723919,52.46814859903675,48.388774973351396,51.684829007501,42.10459575899842,40.02104796341154,43.30001134530382,33.693457566930846,45.134824001927,46.24625524105688,45.92096853074974,8.029903469503102e-08,8.119892547264342e-08,7.96516703106956e-08
N0347,0.75,afternoon,False,True,True,1072.1577458271215,1112.1372881684692,1090.6282327890585,931.1493182703625,970.2854757165484,949.5407152409289,931.1493183299109,972.5564486040374,949.5407152989446,495.9688097115745,539.1435813972769,509.39237893859183,450.2734844172423,479.4990676087621,449.80047181529403,121.53855092954971,122.05865407309506,125.37871143944655,27.73591591047869,27.811730249050452,27.694097834500333,189.03235555459284,180.08516418065304,184.99557797269642,191.69212622313015,183.87282569032982,188.43746862172156,123.53360218224157,116.45815686109694,120.17060745859256,125.52730238287437,118.37260791724916,122.12400410263623,18.93221233021234,19.016423488686733,23.149577438346522,8.407188269236528,8.475423242589542,8.408101676404785,22.266922014173062,22.29844542234345,22.267863819227884,123.36336427523518,122.83567332411195,123.46405259139568,52.06015459692046,50.23631319688412,52.46811232542013,48.38877280945971,51.684794992840786,42.10458564531443,40.02105054422463,43.29997716227805,33.69345068013029,45.13484229054635,46.24628346527183,45.92093715070515,8.036373016484359e-08,8.126422208747754e-08,7.959352246950981e-08
N0348,1.0,peak,True,True,True,969.7630074450517,1021.6198561206621,995.8823077554975,828.5113866746797,878.8647351282403,854.4596893742397,828.5113867413645,881.8221426535245,854.4596894393661,409.0896430772188,463.32419586136297,427.9579403962265,369.4053746756326,406.4035816788684,371.2763797100472,117.57793086005563,118.2824622859088,122.79351494799936,36.66375522434294,36.78103634032395,36.6049907365087,184.85023644999913,173.05814130630975,179.75083810100784,189.3749935954105,179.15018224579032,185.33366901952937,120.72695826365648,111.58856225789461,116.52536896100354,123.33916495632981,114.05061265084841,119.06338606628289,24.986925200559316,25.08199637597355,30.550712018430858,11.097339863769935,11.168899781730214,11.099323768360527,29.447527926549707,29.495565635174213,29.449332662413948,118.73347813088239,118.08084518552204,118.9705189728895,47.818840748143955,45.76912287553817,48.53443388557654,63.85936110128067,68.18870950322986,55.54592858227552,52.80640655587778,57.109164743915024,44.4530825825872,76.08816451056184,78.79072732636322,77.77533011184615,7.783033193564127e-08,7.882734903906455e-08,7.718555319905992e-08
N0349,0.2,overnight,False,False,True,1294.5542327572953,1305.9949145151136,1299.131904351026,1153.2057533035616,1164.5689706934013,1157.791494124565,1153.2057533397365,1165.2295532732796,1157.791494160492,678.8400801262966,691.9597647245696,682.2454691368356,616.3421029236367,625.125258247987,615.3579905097356,131.79744939388547,131.93470588504076,132.78324139210852,7.835441566681182,7.526659890099246,7.680945976113407,198.88523181713384,196.67209294242488,197.88213029852372,198.89266592951347,196.67936174310177,197.88213063945858,131.24374162193973,129.20009846066532,130.2159791193116,131.80927060585213,129.76276130600178,130.7789387178514,5.096039764941844,5.161324813464498,6.23890312351764,2.2594382041951535,2.322315600952382,2.260370383483596,6.264242752485818,6.267413704668542,6.264511636737524,135.3887989413194,135.23281630477206,135.37359336936635,63.392019127764954,62.778757707479095,63.42815771563447,13.021932789509755,13.971760959183898,11.371887109729997,10.794446469991803,11.742142142024655,9.092365950525236,50.442980574341284,50.32833864996686,50.546992532511425,8.547084999998756e-08,8.608950929257592e-08,8.511942517960247e-08
N0350,1.0,peak,True,True,True,970.1400015166986,1026.7283350215373,992.1532706893697,828.8952058916109,883.8300711676685,850.4666507907604,828.895205958093,886.8043793557795,850.4666508541254,409.4566608196183,468.2220674284458,423.55319678467964,369.772128813644,411.2865381191762,366.7562948388094,117.58261676860523,118.15361636741385,122.5741304807857,36.65111260142671,36.797452025558044,36.60985961718793,184.84149313176044,172.84587229269172,179.40717865491973,189.3688594465215,178.94184388816262,184.9732303509906,120.72710353060651,111.45678945855305,116.28939054913913,123.33902632530987,113.91638100320547,118.82487531840931,24.97822801347897,25.098454554742183,30.556573994818837,11.09295316443344,11.176910560951224,11.100972772739365,29.440487400712197,29.502862481379008,29.454033044259408,118.73510106809664,118.02579977223833,118.82593528377286,47.83360634551553,45.723645894562885,48.42865358566347,63.851786271953024,68.21129508353741,55.55850589715729,52.803070208274505,57.124840695547036,44.46384890193407,75.81542664395444,71.61783596885469,70.72492455424607,7.786088185930552e-08,7.889962049447655e-08,7.73029294657048e-08
N0351,0.75,afternoon,False,True,True,1072.1575923369846,1112.1346663029944,1090.6270787985195,931.1493829472261,970.2829545306914,949.5398470646797,931.1493830054358,972.5539255288163,949.5398471220869,495.96932202062146,539.1418175298722,509.3920733728056,450.2740376678713,479.49743222668354,449.80023227806254,121.53862129082577,122.05833904200179,125.37860154271384,27.73590526459434,27.811721144333386,27.69408199921428,189.03257740435956,180.08459059642234,184.99549250121734,191.6923637189605,183.8722303389027,188.43737969984932,123.5337746724148,116.45776254739648,120.17055372445978,125.52747598915295,118.37220927514383,122.1239495917713,18.93220215458691,19.016425522047278,23.149572089813404,8.407182722769265,8.475425372676456,8.408099297618664,22.26690778125279,22.29843807353212,22.267851883142292,123.36322581737461,122.8354590929032,123.4638942055756,52.06020028456973,50.23616118866831,52.468069516501274,48.38877134719536,51.68476262142649,42.10457498826272,40.021053716379114,43.2999447196301,33.69344300873725,45.13485885792059,46.24630905009583,45.92090926102819,8.026709050340156e-08,8.135091215152088e-08,7.95909044985312e-08
N0352,0.2,overnight,False,False,True,1294.555092851292,1305.9941903630627,1299.1315613118911,1153.2066108202807,1164.5682213562886,1157.7911302984185,1153.2066108567462,1165.2288039928271,1157.791130334269,678.8407093398288,691.9591503505957,682.2450837615801,616.3426929034479,625.1246713634317,615.3576047885457,131.79754994565303,131.93460672577507,132.78317693084972,7.83544090985935,7.526659720966101,7.680945549429071,198.88542527451534,196.67189100813982,197.88199211024104,198.89285938656846,196.67915980869287,197.88199245113987,131.24387096697728,129.19996174393012,130.21588252453367,131.8093999716779,129.76262451092194,130.77884229632937,5.096039752692653,5.161325036462073,6.238903030160498,2.2594381837832453,2.322315754570182,2.260370235550713,6.264242724458993,6.267413920031942,6.264512174044468,135.38886330538077,135.2327807905957,135.37360289772013,63.39206984220455,62.77870760625389,63.42812469910122,13.021933076681993,13.97176000570457,11.371887643485294,10.79444677070891,11.742141031147765,9.092366592108755,50.443041139888074,50.328281245149796,50.54695275843596,8.564412425227284e-08,8.601627928835246e-08,8.506186838944872e-08
N0353,1.0,peak,True,True,True,970.140001514737,1026.7283350194136,992.1532706899627,828.895205890517,883.8300711659159,850.4666507907651,828.8952059570504,886.8043793545723,850.4666508539395,409.45666081904176,468.2220674281063,423.55319678404146,369.7721288131555,411.286538118819,366.7562948382802,117.58261676855341,118.15361636734163,122.5741304805071,36.65111260082845,36.79745202584189,36.60985961764968,184.84149313151391,172.84587229254197,179.40717865472544,189.36885944630882,178.94184388800204,184.9732303507602,120.7271035305274,111.45678945852637,116.28939054896715,123.33902632515222,113.91638100310702,118.82487531831087,24.978228013435363,25.098454554739668,30.556573994805806,11.092953164426422,11.176910560957072,11.100972772739405,29.44048740069187,29.502862481377736,29.454033044254945,118.73510106797589,118.02579977221428,118.82593528426563,47.83360634543931,45.72364589452519,48.428653585611436,63.851786271864746,68.21129508350018,55.55850589718001,52.80307020820309,57.12484069551027,44.463848901894906,75.81542664375024,71.61783596887584,70.72492455416553,7.790809105733856e-08,7.912491369813118e-08,7.730196521551708e-08
N0354,1.0,peak,True,True,True,970.137600240133,1026.7271983136668,992.1531183677203,828.8929576025221,883.8291001665019,850.4666322376834,828.8929576685994,886.8034040474421,850.4666323011392,409.45512220807615,468.22146271569443,423.55345565264594,369.77066837921944,411.2859802067319,366.7565859584771,117.58239306690362,118.15352975993699,122.57412194684024,36.651104262279645,36.79743115563972,36.6098373870288,184.84113892501585,172.84576714624023,179.40719328476263,189.36849119321306,178.94173853602572,184.9732400386059,120.72686051649139,111.45672691699235,116.28940299019972,123.33878002022355,113.91631703306011,118.82488773699659,24.978224874121572,25.098444933242817,30.55656673692363,11.092952431325465,11.176906051860573,11.100968999071847,29.44047756321804,29.50284990469769,29.45401821267002,118.73490075450879,118.02570308892342,118.82585379670405,47.83349837645507,45.723619295676926,48.4286591638283,63.85175737173924,68.21127249435015,55.55849412187092,52.8030428601601,57.12482273206332,44.463842294201875,75.8154384684647,71.6184518531412,70.72491067628253,7.799158835753994e-08,7.89268945459709e-08,7.747658325882734e-08
N0355,0.5,morning,False,False,True,1181.3066617446261,1208.1467215902528,1193.1566640915603,1040.6732847078865,1067.054474915322,1052.4946792270239,1040.6732847621506,1068.583533225786,1052.4946792799626,588.9725480781842,618.1285453217638,597.5944038549686,535.9654372453758,555.4711484552072,535.0253450411228,126.47184037791381,126.82003562655666,129.01573556569608,18.746144444763566,18.783573392243614,18.723041002477615,195.6888221190486,190.3539077349899,193.39690464241932,195.69486480515653,190.35953632704667,193.39690511802064,127.49231000294581,122.61234209934538,125.12168538693255,128.85340743606926,123.9406932903113,126.46572236005919,12.793095305477488,12.865534674601662,15.644572984378296,5.679781832744911,5.744312583995112,5.679887555386109,15.030568878268996,15.046262553402913,15.030661047986973,128.93151680671417,128.55836205182808,128.961269507212,57.13036361358118,55.75834161757064,57.332920608307084,32.726816407010176,34.97001660725963,28.495088126566955,27.07561591047092,29.310618094293226,22.79729507362626,37.112794540366764,37.414275277652415,37.70245798484173,8.224741071015962e-08,8.313709278679668e-08,8.194359063041353e-08
N0356,0.2,overnight,False,False,True,1294.6702207361416,1305.7883496140794,1299.0339145716725,1153.3239967648099,1164.3633490863701,1157.6971085430664,1153.3239968021885,1165.0238418242147,1157.6971085794773,678.9518796443915,691.752364942019,682.1460275501689,616.4514845769651,624.9178876354359,615.258555668082,131.8052944452906,131.93920177756146,132.79434874420446,7.828651531198969,7.836037935370198,7.824184069768322,198.89857049814074,196.67862067879025,197.8996326744148,198.9060040352109,196.68588914036243,197.89963301534925,131.2526692971633,129.20447536936766,130.2277121455841,131.8181649635224,129.76711696361497,130.7906220916699,5.095810351636031,5.161118882077977,6.238358458220875,2.259339212602506,2.3222216454369335,2.2601693434283128,6.264234439021952,6.267370413819107,6.264363607819304,135.39400018961032,135.234844108476,135.38030829653576,63.39603900793897,62.78110996271844,63.43396420103119,13.021272888010042,13.971225886480141,11.370905049847002,10.793885670664306,11.741698844692564,9.091587420553402,50.565497861947414,50.33017557434416,50.36467882573077,8.559019670281697e-08,8.594833893340893e-08,8.49870122005272e-08
N0357,0.5,morning,False,False,True,1181.304670315906,1208.1471533535116,1193.157953655866,1040.6712514335065,1067.0549587232777,1052.496019756874,1040.6712514873175,1068.5840169845021,1052.4960198097888,588.9709737968578,618.1288952269632,597.5956104283894,535.9639421916878,555.4714682062869,535.0265175964812,126.47157905022068,126.82008447560975,129.01594321013408,18.746146995980062,18.78357307703194,18.723038444918778,195.68828472450184,190.35401510949342,193.3973327217343,195.69432741042985,190.35964370856294,193.39733319735177,127.49194684782636,122.61241076509894,125.12197927054038,128.85304217147427,123.94076277840242,126.46601762881852,12.79309769406537,12.865536474545156,15.644571659789758,5.67978365256334,5.744313226053375,5.6798856627253445,15.030569802977872,15.046262365357324,15.030658063334306,128.9313915793848,128.55840022110917,128.96129945740464,57.130226915353056,55.758366503655374,57.33302894063471,32.72680325297095,34.970024555689406,28.495092853495198,27.075601529329692,29.310625753005816,22.797301231874116,37.11268605622161,37.414294066833165,37.70255702018594,8.235512690097322e-08,8.301092179615597e-08,8.175845648342461e-08
N0358,1.0,peak,True,True,True,969.7630228305816,1021.6198659692278,995.8822901781633,828.5114020702931,878.8647436707422,854.4596721092342,828.5114021365357,881.8221512427751,854.4596721744981,409.08965698838927,463.3242000421761,427.95792670353023,369.4053884334433,406.40358518921175,371.2763667532822,117.57793172745731,118.28246388910088,122.793513001627,36.66375518416869,36.78103645472713,36.604990754608544,184.85023807651947,173.05814366363848,179.75083479936677,189.37499523344812,179.1501846682311,185.33366569505833,120.72695936894829,111.58856380868055,116.52536676642212,123.33916607912317,114.05061422789028,119.06338383560598,24.986925128192226,25.081996496246777,30.550711950720686,11.097339822092717,11.16889983468529,11.099323769459996,29.4475279011006,29.49556570611962,29.44933269904251,118.7334785091273,118.08084626099452,118.97051838424154,47.81884118704343,45.76912357288506,48.53443295105621,63.85936118648501,68.1887098384469,55.54592833488443,52.8064066716379,57.10916503470488,44.45308233132811,76.08816281993006,78.79071994206109,77.77533906746159,7.802730160705083e-08,7.884409936866583e-08,7.70101432706964e-08
N0359,1.0,peak,True,True,True,969.7616535690288,1021.6194218472224,995.8815233251225,828.5101887746467,878.8644345004041,854.4590393767005,828.5101888412455,881.8218399887646,854.4590394420296,409.08900183863636,463.324163211343,427.95767891828825,369.4047888613812,406.40358019377334,371.27617054136954,117.57778964602326,118.28244593799218,122.79345389540363,36.66374515314838,36.78102300460361,36.60497910571156,184.850025296644,173.05814694122282,179.7507674642812,189.37477355696046,179.15018818358467,185.33359242947793,120.72681445407622,111.5885705263729,116.52532213810048,123.33901916902335,114.05062085573894,119.06333846476142,24.986922099619434,25.08199288089841,30.550709087921604,11.097338766890399,11.16889791743715,11.099322762390745,29.447517127509826,29.495554230589708,29.449321424916523,118.73332058628219,118.0807639577013,118.97040626635913,47.81877575273865,45.769123378570065,48.53440990191411,63.859341998299556,68.18870499454907,55.545919152572594,52.80638932220756,57.10916266895845,44.45307521263201,76.08816582928239,78.7907210709372,77.77534889205947,7.792652780033307e-08,7.885249736862544e-08,7.712692986738312e-08
N0360,0.5,morning,False,False,True,1181.3066664249986,1208.1467268744736,1193.1566543794531,1040.6732896132714,1067.0544802825682,1052.4946692213307,1040.673289666012,1068.583538590327,1052.494669273406,588.9725516713049,618.1285501331002,597.5943957267423,535.9654406093898,555.4711531431556,535.0253373013253,126.47184094250235,126.82003642807345,129.01573422452518,18.746144436720662,18.783573385767024,18.723041017769226,195.6888232867327,190.3539093682282,193.39690191395283,195.6948659728574,190.3595379602538,193.39690238956038,127.49231077714776,122.61234322230742,125.12168354131528,128.85340821630317,123.94069441794016,126.46572050384418,12.793095307281703,12.865534660384847,15.644572985053028,5.6797818317134805,5.744312575663839,5.679887564895624,15.03056887710151,15.046262544010919,15.030661058056408,128.93151717616206,128.558362178439,128.961269007288,57.130363908820875,55.75834203299322,57.332919911796985,32.72681645189434,34.970016627217234,28.495088079578743,27.07561595652217,29.310618119734183,22.797295019594486,37.112794897377874,37.41427564033579,37.70245728217535,8.218503420068265e-08,8.309225784004325e-08,8.177554900627679e-08
N0361,0.5,morning,False,False,True,1181.3056887299063,1208.1468662425896,1193.157422930188,1040.6722750865142,1067.0546274587664,1052.4954523763734,1040.6722751398197,1068.5836859039237,1052.49545242812,588.9717371707156,618.1286076952748,597.5950536064693,535.9646628012902,555.4711940950377,535.0259690343876,126.47170707026453,126.82004219305198,129.01584644869862,18.746146031924326,18.783573182670366,18.723039239491808,195.68854444286754,190.35391808564611,193.39712679477836,195.69458712917736,190.3595466822801,193.3971272703911,127.4921219123061,122.61234625714357,125.12183687701764,128.85321826737268,123.94069774554261,126.46587462082358,12.793096055900397,12.865535385361165,15.644572018146292,5.679782538993564,5.744312854338623,5.679886420405806,15.03056978822692,15.04626305584661,15.030659958948952,128.93146363216542,128.55838933843552,128.96130113963952,57.130293890020326,55.758344852307616,57.33297844171431,32.72680936255763,34.97001966108289,28.495090712713086,27.075608337230754,29.310621006423904,22.797298480666004,37.11273123270417,37.41427907507129,37.70251055374598,8.226740300665791e-08,8.301046421494139e-08,8.164825341728634e-08
N0362,0.75,afternoon,False,True,True,1072.1579617564578,1112.1400584434498,1090.6293225209497,931.1493113813221,970.2881407946942,949.5415054234629,931.1493114408379,972.5591156527993,949.5415054799561,495.9683244680201,539.1454528969163,509.3926067093703,450.2729542847762,479.50080441412445,449.80063551748884,121.53848453554366,122.05898911513223,125.37880975836144,27.735926684853634,27.811739734238365,27.694114354581785,189.032140112052,180.08577420466705,184.99563685109644,191.6918950824659,183.8734593487709,188.43752965315625,123.5334335313683,116.458576949541,120.17064211410889,125.52713267364283,118.37303258664448,122.12403935753925,18.93222275271264,19.01642110211005,23.149582994333123,8.407193924969823,8.475420872710313,8.408104331887845,22.266936718131646,22.298452923586485,22.26787640918302,123.36351184861805,122.83589747804494,123.46421149005643,52.06011082331918,50.23647502714783,52.46814859901494,48.388774973310085,51.68482900743656,42.10459575898124,40.02104796335974,43.300011345254795,33.693457566908464,45.134824001920144,46.246255241027924,45.920968530777905,8.041514228540424e-08,8.13022731549193e-08,7.977331790545058e-08
N0363,0.2,overnight,False,False,True,1294.5550928550385,1305.9941903630045,1299.1315613069498,1153.206610821061,1164.5682213569282,1157.7911302947866,1153.2066108579036,1165.2288039928312,1157.7911303310934,678.8407093411129,691.959150351379,682.245083759154,616.342692904697,625.1246713642017,615.3576047862391,131.7975499460205,131.93460672581395,132.78317693045506,7.83544090958608,7.526659720917455,7.680945549602847,198.88542527490927,196.6718910084605,197.8819921094636,198.89285938700033,196.679159808963,197.88199245037626,131.2438709673331,129.19996174416647,130.21588252403117,131.8093999719687,129.76262451111532,130.77884229583745,5.096039752681031,5.161325036482494,6.238903030157917,2.259438183762605,2.3223157545673767,2.2603702355481263,6.264242724454209,6.2674139200382255,6.264512174049327,135.3888633051004,135.23278079045406,135.37360289710352,63.39206984230462,62.77870760630905,63.428124698911596,13.02193307669889,13.971760005719329,11.371887643523028,10.794446770741452,11.74214103114322,9.092366592046606,50.44304114004414,50.32828124527948,50.54695275826916,8.558955583262096e-08,8.602033345709297e-08,8.492944546090987e-08
N0364,0.75,afternoon,False,True,True,1072.1579602635147,1112.1400650466178,1090.6293221324102,931.1493097678845,970.2881472440181,949.5415046220558,931.1493098265657,972.5591221046204,949.5415046781811,495.96832273869694,539.1454577975836,509.39260554056233,450.2729525481513,479.500809047529,449.8006343354785,121.53848431811987,122.05898990685169,125.37880962113036,27.735926674721515,27.81173975881193,27.694114383163395,189.03213969569225,180.08577561478253,184.9956364209376,191.69189463198802,183.87346082414842,188.4375292069863,123.5334332145053,116.45857793302017,120.17064180617214,125.52713235452572,118.37303358051126,122.1240390468292,18.932222757164407,19.01642109896774,23.149583005678295,8.407193927908047,8.475420868423337,8.40810434066477,22.26693672998342,22.298452930607592,22.267876429099612,123.36351190220742,122.83589791238643,123.46421158741435,52.060110702866545,50.23647541424481,52.46814851341143,48.38877496098678,51.68482908529206,42.10459575675045,40.021047949027235,43.30001142328513,33.69345755714847,45.1348241402156,46.24625562519307,45.92096799349309,8.03188294490207e-08,8.121485814532808e-08,7.964905425096834e-08
N0365,0.2,overnight,False,False,True,1294.5550928551877,1305.9941903650752,1299.1315613083761,1153.2066108232063,1164.5682213572654,1157.7911302960977,1153.2066108579588,1165.2288039944126,1157.791130332156,678.8407093407322,691.959150352014,682.2450837595917,616.3426929043288,625.1246713647731,615.357604786557,131.79754994578064,131.93460672599718,132.78317693051264,7.835440909472367,7.526659720881123,7.680945549342182,198.8854252748066,196.67189100860176,197.8819921095893,198.8928593868733,196.67915980906625,197.88199245053718,131.2438709672535,129.19996174429824,130.21588252411357,131.8093999718719,129.76262451120868,130.7788422958855,5.09603975269997,5.161325036490681,6.238903030176684,2.259438183777905,2.3223157545758832,2.2603702355643143,6.264242724455262,6.267413920034023,6.264512174054186,135.38886330547578,135.2327807906587,135.37360289742207,63.392069842261414,62.778707606376265,63.428124698954164,13.021933076678796,13.971760005682745,11.371887643493487,10.794446770700224,11.742141031114272,9.0923665920844,50.44304114009039,50.32828124540853,50.54695275830031,8.560314876737704e-08,8.590330723827422e-08,8.506186838944872e-08
N0366,1.0,peak,True,True,True,970.1400015147194,1026.7283350190432,992.153270686658,828.8952058919999,883.8300711669021,850.4666507900791,828.8952059582975,886.8043793551279,850.4666508538011,409.45666081932455,468.2220674284268,423.5531967841456,369.77212881346384,411.2865381191384,366.756294838374,117.58261676866518,118.15361636705434,122.57413048062062,36.65111260098377,36.79745202593443,36.60985961718793,184.84149313165523,172.84587229262243,179.40717865478885,189.36885944641125,178.94184388812505,184.97323035085842,120.7271035305372,111.45678945855097,116.28939054903113,123.33902632525296,113.91638100317623,118.8248753183465,24.97822801343198,25.098454554735508,30.55657399478299,11.092953164415311,11.17691056093931,11.100972772723097,29.44048740069534,29.50286248137092,29.45403304425815,118.7351010684077,118.02579977179406,118.8259352842914,47.83360634546748,45.72364589454987,48.42865358557231,63.851786271877636,68.21129508351743,55.55850589716375,52.80307020820488,57.124840695557666,44.463848901914396,75.81542664374872,71.61783596881119,70.72492455415815,7.783445140869647e-08,7.903579750059359e-08,7.72442197646448e-08
N0367,0.2,overnight,False,False,True,1294.554231789709,1305.9949158640577,1299.1319040173798,1153.2057523226022,1164.5689720596056,1157.791493787146,1153.205752358718,1165.229554640873,1157.7914938227066,678.8400793105732,691.9597657850037,682.2454689281133,616.3421021400552,625.1252592510693,615.3579903241309,131.79744926193027,131.93470605549157,132.7832413607851,7.835441567577733,7.526659890029661,7.680945977235693,198.88523155253202,196.6720932778344,197.88213023919772,198.89266566490426,196.6793620784059,197.88213058011894,131.24374144164884,129.2000986863711,130.21597908161425,131.8092704257443,129.7627615317809,130.77893867989164,5.096039764746046,5.161324813296683,6.238903123639616,2.259438204130418,2.3223156008207484,2.2603703837873295,6.264242752915605,6.267413704477037,6.264511636543331,135.38879889745957,135.2328163892602,135.3735933322057,63.39201906084262,62.778757793241674,63.428157699882505,13.021932789904142,13.971760960207247,11.371887108814606,10.794446470511303,11.74214214319628,9.09236594938687,50.44298049101456,50.32833875433815,50.5469925143978,8.545146810280151e-08,8.60514104816659e-08,8.515971764736368e-08
N0368,1.0,peak,True,True,True,970.1400015143546,1026.728335022271,992.1532706905027,828.8952058904495,883.8300711683335,850.4666507898967,828.8952059566558,886.8043793550228,850.466650853148,409.4566608187519,468.22206742818116,423.5531967840067,369.7721288129071,411.2865381189441,366.7562948382257,117.58261676871295,118.15361636731988,122.57413048073415,36.651112601150004,36.79745202540381,36.60985961723451,184.84149313147648,172.84587229257983,179.40717865472618,189.36885944621122,178.9418438880553,184.97323035077997,120.727103530472,111.45678945856245,116.28939054899124,123.33902632510808,113.91638100313166,118.82487531829777,24.97822801345502,25.098454554729642,30.556573994802502,11.092953164421383,11.17691056095324,11.100972772732867,29.440487400687,29.502862481365465,29.454033044251737,118.73510106796581,118.02579977213824,118.8259352837342,47.833606345432734,45.72364589453686,48.428653585582,63.851786271886496,68.21129508350609,55.558505897153935,52.80307020823483,57.12484069553521,44.46384890192745,75.81542664386627,71.61783596880808,70.72492455424607,7.783552842806895e-08,7.888704813218678e-08,7.724472418281969e-08
N0369,0.75,afternoon,False,True,True,1072.1575923363346,1112.1346663029783,1090.6270787964304,931.1493829484167,970.2829545304081,949.5398470630512,931.1493830064965,972.5539255295204,949.5398471210591,495.969322021181,539.1418175304105,509.3920733721564,450.274037668419,479.497432227121,449.8002322775077,121.53862129089372,122.05833904183325,125.37860154254915,27.735905264603318,27.811721144238156,27.694081999037714,189.0325774045917,180.08459059657477,184.9954925010398,191.69236371917012,183.87223033906957,188.4373796996798,123.53377467252814,116.45776254744491,120.17055372418793,125.52747598928856,118.37220927520869,122.12394959165962,18.932202154581855,19.016425522049392,23.149572089813404,8.407182722752394,8.475425372733536,8.408099297592315,22.26690778126358,22.29843807354203,22.267851883145546,123.36322581723594,122.83545909262175,123.46389420521594,52.06020028459755,50.23616118872039,52.46806951646324,48.38877134719277,51.684762621425705,42.10457498824247,40.02105371642363,43.29994471963773,33.69344300870778,45.13485885790636,46.24630905006002,45.92090926102819,8.033138070512553e-08,8.12954384509384e-08,7.96516703106956e-08
N0370,0.5,morning,False,False,True,1181.3064144461312,1208.1442251102346,1193.1584635109073,1040.673055687159,1067.051959139754,1052.4965845731517,1040.6730557409928,1068.581017453532,1052.4965846270716,588.9725750281667,618.1265360573709,597.5959734434368,535.9654975497062,555.469235226619,535.0268384265585,126.47185300518258,126.8197004900578,129.01599353852916,18.74614441357245,18.783575605212015,18.7230368673612,195.6888530722919,190.35323946431714,193.3974363158979,195.69489574543104,190.3588680607729,193.39743679154765,127.49233783849155,122.61189001066248,125.12204395287182,128.85343493991414,123.94023883873112,126.46608324933668,12.793093483121408,12.86553897918085,15.644574883907751,5.679780997737355,5.744315320777341,5.6798863122075245,15.030566156332206,15.04626375692487,15.030657922377204,128.93143934429523,128.5582246025045,128.96135774771435,57.13037147549239,55.75816965976782,57.333055329737775,32.72681208638748,34.970003110942706,28.49509985625953,27.075612288745756,29.31060289320016,22.797307979618623,37.11281202131314,37.41414516803128,37.70258050576922,8.221555516402133e-08,8.303442819257846e-08,8.181639084661408e-08
N0371,1.0,peak,True,True,True,969.7630228299438,1021.6198659687517,995.8822901772272,828.5114020704897,878.8647436720614,854.4596721096425,828.5114021368045,881.822151243052,854.4596721745836,409.0896569884618,463.3242000418201,427.95792670364176,369.4053884335065,406.4035851889505,371.27636675336845,117.57793172752541,118.28246388914121,122.79351300179725,36.66375518414939,36.7810364549492,36.604990754707565,184.85023807655523,173.0581436635563,179.75083479941745,189.3749952335082,179.15018466815056,185.333665695099,120.72695936895909,111.58856380867009,116.52536676648612,123.33916607912836,114.0506142278132,119.06338383565293,24.986925128219827,25.081996496203963,30.550711950737075,11.09733982210187,11.168899834663495,11.099323769479525,29.447527901108216,29.495565706111744,29.449332699025792,118.73347850937867,118.08084626166445,118.97051838401707,47.81884118702258,45.769123572847676,48.534432951030034,63.859361186475525,68.18870983839543,55.545928334864946,52.80640667163625,57.10916503465771,44.45308233132491,76.08816281991598,78.79071994194412,77.77533906741111,7.803877004178617e-08,7.915979196403382e-08,7.724334250779923e-08
N0372,0.75,afternoon,False,True,True,1072.1575896977147,1112.1346654112713,1090.6270828491313,931.1493802104982,970.2829537323909,949.539850999965,931.1493802692225,972.5539247270149,949.5398510569814,495.9693193715151,539.1418169661146,509.3920765955318,450.2740350719401,479.4974316994134,449.8002353792316,121.53862104315739,122.0583390497189,125.37860185020037,27.735905227404935,27.8117211481364,27.69408203765991,189.0325769106285,180.0845906469082,184.99549301993213,191.69236320105097,183.87223038394305,188.43738024704712,123.53377432424449,116.45776257626657,120.17055408703276,125.52747563779987,118.3722093044829,122.12394995809446,18.932202154069483,19.016425510929295,23.149572107292336,8.407182723478837,8.475425367015566,8.408099303375044,22.266907783157514,22.29843806606688,22.26785189448516,123.36322576506574,122.83545904223517,123.46389439648345,52.060200164479355,50.236161183156916,52.46806966907073,48.38877131830652,51.684762614206555,42.104575025312755,40.02105368950814,43.299944716692764,33.69344303854502,45.13485749238893,46.24631046738299,45.92090915351526,8.035042232506295e-08,8.137751101615541e-08,7.964394949677178e-08
N0373,0.5,morning,False,False,True,1181.3064144474508,1208.144225111717,1193.1584635139457,1040.6730556863329,1067.051959140901,1052.4965845751058,1040.6730557395103,1068.5810174539702,1052.4965846274986,588.9725750271296,618.1265360578091,597.5959734435044,535.9654975487784,555.4692352270199,535.0268384266666,126.47185300510962,126.81970049024368,129.01599353886724,18.746144413143668,18.78357560490147,18.723036867575743,195.68885307200424,190.35323946443418,193.3974363159592,195.6948957451054,190.35886806087316,193.39743679160452,127.49233783824866,122.61189001074594,125.12204395286375,128.85343493972243,123.94023883882087,126.466083249356,12.793093483145709,12.8655389791859,15.644574883907751,5.679780997738976,5.744315320762274,5.679886312200024,15.030566156328613,15.046263756932268,15.03065792237893,128.93143934428554,128.55822460220062,128.9613577478557,57.130371475418606,55.7581696597948,57.33305532974983,32.726812086351536,34.97000311094617,28.49509985626114,27.075612288716023,29.31060289314175,22.797307979645282,37.11281202114496,37.41414516803804,37.7025805057282,8.24638431824429e-08,8.304876603286167e-08,8.175845648342461e-08
N0374,0.75,afternoon,False,True,True,1072.1579617543555,1112.140058443629,1090.6293225241634,931.1493113818947,970.2881407953921,949.5415054246679,931.149311441105,972.5591156537163,949.5415054811422,495.96832446788613,539.1454528972615,509.39260670967025,450.27295428469125,479.5008044144791,449.8006355177546,121.53848453545604,122.05898911477901,125.37880975813496,27.73592668523707,27.811739734061344,27.6941143543278,189.03214011199523,180.08577420483797,184.9956368511877,191.69189508242243,183.87345934892298,188.43752965325515,123.53343353134488,116.45857694958487,120.17064211412082,125.5271326736279,118.3730325867236,122.12403935761776,18.932222752723273,19.01642110210817,23.149582994346318,8.407193924958502,8.475420872705525,8.408104331894839,22.266936718132662,22.298452923597587,22.26787640917977,123.3635118490833,122.83589747816573,123.46421149066869,52.06011082331684,50.23647502718012,52.46814859898248,48.38877497330723,51.684829007500525,42.10459575898124,40.02104796338248,43.300011345300256,33.693457566898324,45.13482400190751,46.24625524110316,45.92096853079016,8.04033073060389e-08,8.116708205178907e-08,7.977331790545058e-08
N0375,0.75,afternoon,False,True,True,1072.157745828348,1112.137288167047,1090.6282327887654,931.1493182723584,970.2854757151548,949.5407152410494,931.1493183307209,972.5564486030718,949.5407152984874,495.9688097117868,539.1435813967121,509.3923789386187,450.2734844174073,479.4990676081424,449.8004718153325,121.53855092948179,122.05865407262911,125.37871143944396,27.73591591033938,27.811730249402363,27.69409783463578,189.03235555463462,180.08516418043925,184.99557797272138,191.69212622318963,183.87282569011126,188.43746862179887,123.53360218231097,116.45815686100842,120.17060745854062,125.52730238294251,118.37260791711344,122.12400410268151,18.93221233022179,19.0164234886717,23.149577438347443,8.40718826922492,8.47542324257199,8.408101676410965,22.266922014169822,22.298445422339253,22.26786381923277,123.36336427556984,122.83567332383548,123.46405259108629,52.06015459692668,50.236313196841024,52.4681123254498,48.388772809480095,51.68479499280069,42.10458564533468,40.021050544215534,43.29997716224904,33.693450680124165,45.134842290476776,46.2462834653548,45.92093715071984,8.039076991380828e-08,8.136384944504918e-08,7.971247480915603e-08
N0376,0.2,overnight,False,False,True,1294.5550928556056,1305.9941903669485,1299.1315613139664,1153.2066108213398,1164.5682213550886,1157.791130298594,1153.2066108576648,1165.2288039933424,1157.7911303345652,678.8407093403738,691.9591503514722,682.2450837613048,616.3426929040005,625.1246713642399,615.3576047882494,131.79754994583732,131.93460672581853,132.7831769309052,7.835440909286196,7.526659720865731,7.680945549515959,198.88542527469804,196.6718910084174,197.8819921101213,198.89285938677807,196.67915980887142,197.8819924510694,131.24387096709802,129.1999617441439,130.2158825244737,131.80939997179934,129.76262451110478,130.7788422962853,5.096039752687629,5.161325036462166,6.238903030160498,2.259438183765479,2.322315754517434,2.260370235529352,6.26424272445266,6.267413920034864,6.264512174061528,135.3888633054491,135.23278079086666,135.37360289754807,63.39206984223942,62.77870760633581,63.428124699115244,13.021933076682725,13.971760005759819,11.371887643485294,10.794446770771975,11.742141031150469,9.092366592081687,50.443041139952705,50.3282812452734,50.54695275846421,8.566451283522689e-08,8.611918599684197e-08,8.508502718560136e-08
N0377,0.2,overnight,False,False,True,1294.5540904033094,1305.9944614266255,1299.1320418155142,1153.2055768849073,1164.568479516487,1157.7916025435682,1153.2055769201972,1165.2290623347894,1157.7916025804595,678.8398389064956,691.9592529761031,682.2454297330647,616.3418557523047,625.1247483335628,615.3579290331373,131.79740857518095,131.9346204453988,132.78323231521145,7.835441305927677,7.526659646308729,7.680945824605413,198.8851369495285,196.671908066564,197.88209633952013,198.89257106677363,196.67917687672465,197.88209668048324,131.2436747051938,129.19996977268667,130.21595239892847,131.80920372143729,129.7626327275761,130.7789121101622,5.096039858753686,5.16132479335028,6.2389031000426565,2.259438266357145,2.32231559190317,2.2603703277026286,6.264243178717899,6.2674143360799865,6.264512085605299,135.3888209728545,135.2328274044721,135.37363876725388,63.39199820083126,62.778714026669654,63.428152706635785,13.021932623772496,13.971761126300704,11.371887412495163,10.794446229488573,11.742142298040463,9.092366275981076,50.442957351090946,50.32828743595303,50.546988703089326,8.558679993558166e-08,8.594989533856025e-08,8.49870122005272e-08
N0378,0.75,afternoon,False,True,True,1072.1579602628144,1112.140065050726,1090.629322129726,931.149309768317,970.2881472462511,949.5415046221817,931.1493098269806,972.5591221061779,949.5415046783819,495.96832273883473,539.1454577982511,509.3926055404862,450.2729525483045,479.5008090481608,449.80063433540505,121.5384843180318,122.0589899070403,125.37880962085244,27.735926674884954,27.81173975864269,27.694114383122276,189.0321396957724,180.08577561498,184.99563642089484,191.6918946320264,183.87346082439444,188.4375292070006,123.53343321452698,116.45857793314919,120.17064180634401,125.52713235458474,118.37303358064918,122.12403904684706,18.93222275716689,19.01642109895988,23.149583005707754,8.40719392789583,8.47542086846018,8.40810434067095,22.266936729993738,22.298452930624713,22.267876429114263,123.36351190256873,122.83589791317465,123.46421158754677,52.06011070288638,50.23647541429583,52.468148513400784,48.38877496100679,51.68482908528923,42.10459575674032,40.02104794903737,43.30001142326528,33.6934575571942,45.13482414021566,46.246255625164494,45.920967993480836,8.050034834731197e-08,8.123457408577685e-08,7.965432881995413e-08
N0379,0.5,morning,False,False,True,1181.306414445064,1208.144225108451,1193.1584635179186,1040.6730556883995,1067.0519591375134,1052.4965845787822,1040.673055741943,1068.5810174499852,1052.4965846318064,588.9725750290111,618.1265360545339,597.595973446733,535.9654975505701,555.4692352238694,535.0268384296862,126.47185300535077,126.81970048977472,129.01599353926318,18.746144413456715,18.78357560475328,18.72303686732439,195.68885307264208,190.35323946330246,193.39743631704013,195.69489574576744,190.35886805980067,193.39743679262912,127.49233783868915,122.6118900100305,125.12204395355128,128.85343494015993,123.9402388380325,126.4660832500569,12.793093483142375,12.86553897920166,15.644574883928632,5.6797809977328075,5.744315320787667,5.6798863122075245,15.030566156333668,15.046263756948573,15.030657922388624,128.93143934416196,128.55822460181776,128.9613577480591,57.13037147558533,55.75816965952466,57.33305533002422,32.72681208636319,34.97000311095182,28.495099856287787,27.075612288744047,29.310602893142875,22.797307979663184,37.11281202123352,37.4141451677845,37.70258050598745,8.240826843497666e-08,8.309136969303834e-08,8.187432559748738e-08
N0380,0.5,morning,False,False,True,1181.305689432769,1208.1468604727927,1193.15742767752,1040.6722757569942,1067.0546215416184,1052.495457307537,1040.6722758103401,1068.583679987853,1052.4954573608481,588.9717380103837,618.1286027457295,597.5950574370438,535.9646636615228,555.4711893474738,535.0259726404983,126.47170723079171,126.82004137822526,129.01584707272815,18.746146031009967,18.783573191738135,18.723039230868988,195.68854477519065,190.35391642750156,193.39712806960526,195.6945874614442,190.3595450241635,193.3971285452428,127.49212215169653,122.61234513211244,125.12183773164217,128.85321850686088,123.94069661442728,126.46587548105023,12.793096049143381,12.865535394887655,15.6445720213785,5.679782535653941,5.7443128607174625,5.679886417036388,15.030569784489588,15.046263062944433,15.030659955404388,128.93146357314922,128.5583890858529,128.9613014412039,57.13029397442374,55.75834443151929,57.33297876609016,32.726809356662315,34.9700196256759,28.49509074076395,27.07560833347309,29.310620966534277,22.797298511388934,37.1127312971873,37.414278716818835,37.70251084425061,8.240935120303547e-08,8.312617266491945e-08,8.175845648342461e-08
N0381,0.75,afternoon,False,True,True,1072.1579617610466,1112.140058441497,1090.6293225247798,931.1493113845651,970.2881407936201,949.5415054227304,931.1493114429599,972.5591156528974,949.5415054808798,495.96832446912583,539.1454528970604,509.3926067092091,450.272954285805,479.5008044141748,449.8006355173429,121.53848453573598,122.05898911502469,125.37880975797029,27.73592668513431,27.811739734055404,27.694114354339902,189.03214011239072,180.08577420470846,184.99563685103513,191.6918950828654,183.87345934885104,188.43752965317736,123.53343353166389,116.45857694946031,120.17064211405285,125.5271326738782,118.37303258665506,122.12403935751182,18.932222752708476,19.016421102098573,23.14958299434325,8.40719392496267,8.475420872698853,8.408104331894839,22.26693671815512,22.29845292360002,22.26787640918464,123.3635118491415,122.83589747810088,123.46421149052442,52.06011082343739,50.23647502713896,52.46814859900377,48.38877497334815,51.68482900750294,42.10459575900671,40.02104796340414,43.30001134529437,33.69345756692473,45.13482400194551,46.246255241048374,45.92096853079259,8.044821549085519e-08,8.123921266520489e-08,7.96516703106956e-08
N0382,0.2,overnight,False,False,True,1294.5550928511423,1305.9941903635722,1299.131561308037,1153.2066108208612,1164.568221356656,1157.7911302949572,1153.2066108578233,1165.2288039927978,1157.7911303315573,678.8407093407194,691.9591503517225,682.2450837590319,616.3426929043515,625.1246713644531,615.3576047861679,131.79754994598065,131.93460672583566,132.78317693045506,7.835440909286196,7.526659720923612,7.680945549299949,198.88542527482664,196.67189100850953,197.88199210946271,198.89285938689432,196.6791598090458,197.88199245040354,131.24387096719127,129.19996174416914,130.21588252407614,131.80939997188233,129.76262451113573,130.7788422958189,5.096039752699157,5.161325036473129,6.238903030160498,2.2594381837768105,2.322315754559965,2.2603702355643143,6.264242724458781,6.267413920029795,6.2645121740566685,135.3888633054261,135.23278078985277,135.37360289738575,63.392069842290596,62.77870760632332,63.42812469893191,13.021933076699394,13.97176000571503,11.371887643488025,10.79444677073027,11.74214103112835,9.092366592060108,50.44304114002532,50.328281245356614,50.54695275819001,8.565134190078043e-08,8.610226220249478e-08,8.496986789111775e-08
N0383,1.0,peak,True,True,True,970.1400015162467,1026.7283350229459,992.1532706930955,828.8952058919698,883.8300711678842,850.4666507919819,828.895205958526,886.8043793552428,850.4666508538058,409.45666081955534,468.22206742806225,423.5531967840635,369.77212881363727,411.28653811879474,366.7562948382725,117.58261676909301,118.15361636723215,122.5741304803368,36.6511126009929,36.797452025718485,36.60985961749779,184.8414931317477,172.84587229252782,179.4071786547322,189.36885944649498,178.9418438880016,184.9732303508017,120.72710353062708,111.45678945850203,116.28939054908318,123.33902632530413,113.91638100312474,118.82487531828558,24.978228013451954,25.098454554721016,30.556573994783058,11.09295316440214,11.176910560957072,11.100972772723097,29.440487400710857,29.50286248137431,29.454033044254484,118.73510106816283,118.02579977229762,118.82593528407725,47.83360634552439,45.72364589452848,48.428653585588584,63.85178627192908,68.21129508348727,55.55850589715083,52.80307020826046,57.124840695508695,44.46384890191118,75.8154266437352,71.61783596888131,70.72492455419729,7.787521063989665e-08,7.897714661419903e-08,7.73029294657048e-08
N0384,0.75,afternoon,False,True,True,1072.1575923365656,1112.1346663049562,1090.627078795972,931.1493829473976,970.2829545310011,949.5398470622689,931.1493830060806,972.5539255295487,949.539847121136,495.9693220205736,539.141817530315,509.3920733722863,450.2740376678426,479.49743222711487,449.80023227764383,121.53862129103777,122.05833904186221,125.37860154254399,27.735905264744684,27.811721144335227,27.69408199881275,189.03257740436706,180.08459059656195,184.9954925010664,191.69236371896343,183.87223033902043,188.43737969973597,123.53377467241761,116.45776254748539,120.17055372422392,125.52747598914941,118.37220927520637,122.12394959167491,18.932202154575627,19.01642552202802,23.149572089787018,8.407182722763448,8.475425372704235,8.408099297627935,22.266907781251472,22.29843807353255,22.267851883139027,123.3632258175044,122.8354590923227,123.4638942051718,52.060200284543534,50.23616118868852,52.468069516444736,48.38877134717459,51.68476262138951,42.104574988223135,40.02105371638079,43.29994471962059,33.69344300874031,45.13485885794122,46.24630905007262,45.920909261014714,8.03774349363387e-08,8.12673239063842e-08,7.965432881995413e-08
N0385,0.2,overnight,False,False,True,1294.5550928512214,1305.9941903632,1299.1315613119189,1153.206610821317,1164.56822135436,1157.7911302980417,1153.206610857743,1165.2288039906332,1157.7911303345024,678.8407093404065,691.9591503498737,682.2450837616619,616.3426929039972,625.1246713627643,615.3576047885614,131.79754994562015,131.93460672569122,132.7831769309052,7.835440909893656,7.5266597205184445,7.680945549255293,198.8854252746834,196.6718910079709,197.88199211024263,198.89285938676946,196.6791598084195,197.88199245119074,131.2438709671419,129.1999617438649,130.21588252454495,131.80939997176958,129.76262451077076,130.77884229634316,5.096039752685526,5.161325036472415,6.238903030179967,2.259438183768409,2.322315754548563,2.260370235534525,6.264242724466062,6.2674139200281145,6.2645121740494325,135.3888633054859,135.23278079024377,135.37360289738214,63.392069842257065,62.77870760617484,63.42812469914911,13.021933076696868,13.9717600057381,11.371887643517733,10.79444677071109,11.742141031135603,9.092366592079038,50.44304114000657,50.32828124515131,50.546952758348304,8.567830697219721e-08,8.583545879026006e-08,8.496422546070617e-08
N0386,0.5,morning,False,False,True,1181.3048558894163,1208.1474112453277,1193.1575139446156,1040.6714464337276,1067.0552237252716,1052.4955653691725,1040.6714464874258,1068.5842818847943,1052.4955654212395,588.9711100799557,618.1291339077962,597.5952463392558,535.964068434562,555.471700648866,535.0261721603824,126.47160023772699,126.82012543397306,129.01588197839877,18.746151232153643,18.783575884481568,18.723031703552042,195.6883286524446,190.3540987359109,193.39720814065097,195.69437133979193,190.35972733285763,193.3972086163103,127.49197573067708,122.61246823816448,125.12189508332024,128.85307130420065,123.94082049639603,126.46593294627836,12.793097934328959,12.865535625397307,15.64457175518445,5.679783693384559,5.7443127351272185,5.67988613927689,15.030569875881051,15.046261722947522,15.030658553645933,128.931408119093,128.55840616015126,128.96127534300854,57.13023809570059,55.758387841273176,57.33299694102881,32.72680526913052,34.970025482299064,28.495090777457936,27.07560353169978,29.310627056074285,22.797298773126688,37.11269951696405,37.41430495864316,37.70253364739777,8.221624648083087e-08,8.305280012628548e-08,8.187432559748738e-08
N0387,0.75,afternoon,False,True,True,1072.1579617571472,1112.140058443272,1090.6293225243633,931.1493113825863,970.2881407954939,949.5415054245777,931.1493114414855,972.5591156529825,949.5415054805632,495.96832446847594,539.1454528974596,509.3926067092762,450.2729542852191,479.50080441453343,449.8006355173968,121.53848453556778,122.05898911519427,125.37880975797029,27.735926684886746,27.811739734286615,27.694114354688217,189.03214011219532,180.08577420486353,184.99563685107145,191.69189508266234,183.87345934892554,188.4375296530999,123.53343353147605,116.45857694949646,120.17064211400091,125.52713267376619,118.37303258674245,122.12403935754564,18.932222752722613,19.016421102101816,23.149582994355523,8.40719392495552,8.475420872713938,8.40810433189793,22.266936718143032,22.298452923599328,22.267876409191157,123.36351184888649,122.83589747764853,123.46421149066869,52.0601108233851,50.236475027180674,52.468148599012146,48.388774973336965,51.68482900748741,42.104595759000574,40.021047963390906,43.30001134529619,33.693457566930846,45.13482400189846,46.24625524103408,45.92096853076322,8.032007121709961e-08,8.13067958814856e-08,7.983146210996138e-08
N0388,0.75,afternoon,False,True,True,1072.157745827602,1112.1372881660889,1090.628232790302,931.1493182697817,970.2854757157411,949.540715241753,931.1493183284846,972.5564486030813,949.5407152993656,495.9688097105097,539.1435813968278,509.3923789391426,450.27348441624923,479.4990676083535,449.8004718157799,121.53855092916203,122.05865407263408,125.37871143994835,27.73591591043042,27.8117302489456,27.694097834766414,189.03235555425294,180.08516418052594,184.99557797285297,191.6921262227949,183.87282569012194,188.43746862194027,123.53360218206483,116.4581568610002,120.17060745865653,125.52730238262235,118.37260791714627,122.12400410276769,18.932212330214245,19.01642348869074,23.149577438372912,8.407188269215682,8.475423242581638,8.408101676434224,22.266922014166592,22.298445422341416,22.267863819239285,123.3633642754744,122.83567332405772,123.46405259158493,52.060154596798064,50.23631319684665,52.46811232548784,48.38877280941671,51.68479499278732,42.10458564534082,40.02105054420918,43.299977162304174,33.69345068014043,45.13484229050584,46.24628346525661,45.92093715070515,8.036373016484359e-08,8.121719465276852e-08,7.987908799229335e-08
N0389,0.75,afternoon,False,True,True,1072.157747417679,1112.1372879165135,1090.6282305820528,931.1493199846714,970.2854754422636,949.5407130696444,931.1493200438587,972.5564483296185,949.5407131269428,495.96881119163487,539.1435812473995,509.3923772807029,450.2734858486439,479.49906748475735,449.80047024987454,121.53855115701326,122.05865407618954,125.3787111273043,27.735915904917274,27.811730246339724,27.694097835068703,189.03235604567104,180.0851641494141,184.9955774117109,191.692126738011,183.8728256678222,188.4374680337595,123.53360253385033,116.45815685069721,120.17060706097082,125.52730273760561,118.37260790638977,122.12400370115913,18.932212324657545,19.01642348653137,23.14957743874906,8.40718826539779,8.47542324163168,8.40810167987737,22.266922008890322,22.298445419175206,22.267863819979034,123.36336433342991,122.83567328271576,123.46405245799369,52.06015472080683,50.236313198775306,52.468112166865794,48.38877282867521,51.68479498683665,42.104585627118254,40.02105056606036,43.2999771572278,33.69345065993337,45.134842267953374,46.246283437386516,45.92093720506557,8.031236159652826e-08,8.12284887255047e-08,7.976535400926395e-08
N0390,0.75,afternoon,False,True,True,1072.157747416483,1112.1372879226988,1090.6282305805703,931.1493199835672,970.2854754456013,949.5407130672664,931.1493200422588,972.5564483327828,949.540713124155,495.9688111905504,539.14358124959,509.3923772785985,450.27348584764945,479.49906748688693,449.8004702478036,121.53855115664479,122.05865407630348,125.3787111270238,27.735915905384832,27.811730246530463,27.69409783463815,189.03235604537966,180.08516415009416,184.9955774110023,191.69212673765972,183.8728256685315,188.43746803298316,123.53360253355781,116.45815685122754,120.17060706044317,125.52730273740704,118.37260790685593,122.12400370064542,18.932212324647892,19.01642348655781,23.14957743876532,8.407188265384532,8.475423241641035,8.408101679886641,22.266922008880474,22.29844541917192,22.267863819977403,123.36336433336879,122.83567328335558,123.46405245783592,52.060154720697646,50.236313198940756,52.4681121666637,48.38877282866961,51.68479498684604,42.10458562708083,40.02105056603962,43.29997715724513,33.69345065994254,45.13484226811621,46.246283437396514,45.92093720494188,8.041480127065212e-08,8.120036534366641e-08,7.971517379356042e-08
N0391,0.2,overnight,False,False,True,1294.5550928531495,1305.994190362216,1299.131561309025,1153.2066108199624,1164.5682213559448,1157.79113029538,1153.2066108567524,1165.2288039924188,1157.79113033272,678.8407093400332,691.9591503510538,682.2450837602657,616.3426929036525,625.1246713638375,615.3576047872446,131.79754994550024,131.93460672616794,132.78317693051264,7.835440909673179,7.526659720838024,7.680945549537076,198.88542527458344,196.6718910082561,197.88199210981085,198.89285938664355,196.6791598088608,197.88199245073713,131.24387096710095,129.19996174406845,130.21588252430124,131.80939997171768,129.7626245110008,130.77884229606124,5.096039752671704,5.161325036481873,6.238903030157917,2.2594381837819295,2.3223157545706843,2.260370235528684,6.264242724451501,6.267413920026313,6.264512174047742,135.38886330526856,135.2327807898938,135.37360289711808,63.39206984220231,62.778707606256056,63.42812469898513,13.021933076694175,13.971760005707372,11.371887643515,10.794446770750923,11.742141031133391,9.092366592054681,50.44304113987626,50.328281245258225,50.54695275828328,8.54880632076655e-08,8.607123421500064e-08,8.510214829552234e-08
N0392,0.5,morning,False,False,True,1181.304855893788,1208.147411243849,1193.157513946102,1040.6714464344811,1067.0552237257177,1052.495565369497,1040.6714464877507,1068.5842818852686,1052.4955654227751,588.9711100797928,618.1291339080486,597.5952463396271,535.9640684343731,555.4717006489957,535.0261721606288,126.47160023778677,126.82012543392962,129.01588197868077,18.74615123238737,18.783575884864053,18.723031703139778,195.68832865237002,190.354098735943,193.39720814074226,195.69437133974037,190.35972733292965,193.39720861635936,127.49197573061676,122.6124682381398,125.12189508332024,128.85307130413028,123.94082049641626,126.4659329463606,12.793097934322134,12.865535625377827,15.64457175522275,5.679783693392799,5.744312735161815,5.6798861392960545,15.030569875875443,15.046261722949248,15.030658553655627,128.93140811958537,128.55840616072504,128.96127534375395,57.130238095677186,55.758387841270554,57.33299694103122,32.72680526909526,34.97002548230294,28.4950907774979,27.07560353171124,29.310627056077447,22.797298773122115,37.11269951702167,37.41430495863479,37.70253364739777,8.214400346640377e-08,8.306875761120655e-08,8.170052250874368e-08
N0393,0.5,morning,False,False,True,1181.3056845745298,1208.1468678556503,1193.1574255920978,1040.6722707938204,1067.054629144581,1052.4954550938498,1040.672270847804,1068.5836875890507,1052.4954551459398,588.9717337204906,618.1286088580549,597.5950559705567,535.9646595053065,555.4711951558018,535.0259713211329,126.47170649968298,126.82004236582274,129.01584685806864,18.746146038923975,18.783573181668586,18.723039233526595,195.6885432605747,190.35391843496834,193.3971276269136,195.6945859468742,190.35954703161403,193.39712810251226,127.49212111048855,122.61234648269831,125.1218374476419,128.8532174610988,123.94069797327795,126.4658751940552,12.793096060612939,12.865535388028485,15.644572014050539,5.679782542727685,5.744312854991415,5.679886416171343,15.030569792173997,15.04626305684249,15.030659954422735,128.9314634074805,128.55838948902868,128.9613012255521,57.13029359069142,55.75834494017,57.33297865492349,32.72680933421961,34.97001968094207,28.495090720618677,27.075608306178037,29.310621026007066,22.797298491561456,37.112730979341116,37.41427914838959,37.70251073014883,8.236036925624829e-08,8.283159814859753e-08,8.171188453598482e-08
N0394,1.0,peak,True,True,True,969.7630228296571,1021.6198659685443,995.8822901753936,828.5114020706203,878.8647436698939,854.4596721086331,828.5114021366456,881.8221512414029,854.4596721741357,409.0896569884094,463.32420004133604,427.9579267034709,369.40538843345587,406.40358518848603,371.2763667532464,117.57793172722452,118.28246388888448,122.79351300157526,36.663755184008764,36.78103645454323,36.6049907545622,184.85023807648338,173.05814366340982,179.75083479932695,189.37499523346685,179.1501846680152,185.33366569503,120.72695936895195,111.58856380859372,116.52536676643399,123.33916607910433,114.05061422772361,119.06338383556758,24.986925128214093,25.08199649616583,30.550711950730495,11.097339822083738,11.16889983467318,11.09932376946978,29.447527901103566,29.49556570610605,29.449332699032436,118.73347850949182,118.08084626115088,118.97051838410478,47.81884118704832,45.76912357278527,48.53443295104641,63.8593611864434,68.18870983842356,55.54592833488765,52.80640667159551,57.10916503464617,44.45308233134118,76.08816281980008,78.79071994210676,77.77533906741111,7.791087395304965e-08,7.895618476082735e-08,7.712831362781727e-08
N0395,0.75,afternoon,False,True,True,1072.1575896993972,1112.134665411246,1090.6270828485485,931.1493802117069,970.2829537319263,949.5398510004493,931.1493802698951,972.5539247280747,949.5398510581388,495.9693193717037,539.1418169661563,509.39207659609605,450.2740350720945,479.49743169942076,449.8002353797039,121.53862104308969,122.05833904958716,125.37860185042685,27.73590522757804,27.811721148167816,27.694082037512363,189.03257691069106,180.08459064693713,184.99549302006284,191.6923632011368,183.87223038393847,188.43738024725172,123.5337743244259,116.4577625762763,120.1705540871207,125.52747563781737,118.37220930447924,122.1239499582342,18.932202154078443,19.01642551094833,23.14957210727607,8.407182723484654,8.475425367031304,8.408099303349509,22.266907783170886,22.298438066058708,22.26785189448678,123.36322576523526,122.83545904301354,123.46389439693836,52.06020016449978,50.23616118315521,52.46806966912221,48.388771318338584,51.68476261417028,42.10457502534926,40.021053689544885,43.299944716700466,33.693443038523604,45.13485749241962,46.24631046737892,45.92090915352873,8.040152295409861e-08,8.121820628195047e-08,7.98287670572269e-08
N0396,0.2,overnight,False,False,True,1294.5550928530326,1305.9941903615518,1299.131561312018,1153.206610819638,1164.5682213545324,1157.7911302981481,1153.2066108554584,1165.2288039914658,1157.7911303347223,678.8407093393137,691.9591503506776,682.2450837618337,616.342692903002,625.1246713634494,615.3576047887354,131.79754994552437,131.93460672556702,132.78317693079214,7.8354409099298845,7.526659720709949,7.68094554921306,198.88542527435897,196.67189100810924,197.8819921103047,198.89285938647046,196.67915980866607,197.8819924512385,131.2438709669072,129.19996174393265,130.21588252457863,131.8093999715987,129.76262451093896,130.77884229639784,5.0960397527004515,5.161325036504171,6.23890303019287,2.2594381837871036,2.3223157545552677,2.260370235529352,6.264242724453712,6.267413920027727,6.264512174055876,135.38886330483385,135.2327807897617,135.37360289741,63.392069842148345,62.778707606223925,63.42812469912347,13.021933076684633,13.971760005736856,11.371887643523195,10.794446770714831,11.742141031119509,9.092366592116832,50.44304113986817,50.328281245196486,50.54695275838507,8.542585801990521e-08,8.599915795549541e-08,8.50445798126549e-08
N0397,1.0,peak,True,True,True,970.1400015153625,1026.7283350215944,992.1532706909006,828.8952058912425,883.8300711666417,850.466650791182,828.895205957943,886.8043793550746,850.4666508545047,409.4566608195418,468.22206742801455,423.5531967845659,369.7721288136182,411.2865381188018,366.75629483873803,117.58261676872816,118.15361636709471,122.5741304806154,36.651112601052446,36.79745202606154,36.609859617439064,184.8414931317228,172.84587229250903,179.40717865489725,189.36885944645923,178.94184388802995,184.97323035099157,120.72710353063157,111.45678945860942,116.2893905491671,123.33902632528084,113.9163810030922,118.8248753184215,24.978228013460875,25.09845455470694,30.556573994789538,11.092953164424417,11.176910560960305,11.100972772732826,29.44048740070744,29.502862481373885,29.454033044259408,118.73510106821378,118.02579977219719,118.82593528428893,47.833606345492186,45.723645894528204,48.428653585634166,63.85178627194433,68.21129508350992,55.55850589723217,52.803070208269425,57.12484069548844,44.46384890193085,75.81542664377795,71.61783596871412,70.72492455420692,7.780933872330253e-08,7.895415012398714e-08,7.718513618658012e-08
N0398,0.5,morning,False,False,True,1181.306661748901,1208.1467215909825,1193.1566640904796,1040.6732847090407,1067.0544749148646,1052.494679224617,1040.673284762795,1068.5835332255447,1052.4946792778446,588.9725480786391,618.1285453215423,597.594403853912,535.9654372457641,555.4711484551525,535.025345040173,126.47184037793855,126.82003562659827,129.01573556564003,18.74614444468424,18.783573392594104,18.723041002745795,195.68882211915596,190.35390773493853,193.39690464208752,195.69486480524887,190.3595363270261,193.396905117717,127.4923100029803,122.61234209927271,125.12168538673272,128.85340743618292,123.94069329026954,126.46572235984732,12.793095305514,12.865534674622975,15.64457298438293,5.67978183274167,5.7443125839929285,5.679887555359445,15.0305688782738,15.04626255340187,15.03066104798196,128.93151680648927,128.55836205144303,128.96126950636165,57.13036361361747,55.758341617561705,57.332920608198926,32.72681640702615,34.9700166071533,28.495088126584815,27.075615910508233,29.31061809423223,22.79729507362626,37.11279454031218,37.41427527755849,37.70245798479398,8.23086336808012e-08,8.306201376789491e-08,8.165395901201234e-08
N0399,1.0,peak,True,True,True,969.763022828316,1021.6198659672189,995.882290176114,828.5114020689786,878.8647436703984,854.4596721079388,828.5114021357657,881.8221512419464,854.4596721739928,409.08965698798073,463.32420004148474,427.9579267033233,369.40538843300186,406.40358518860705,371.2763667530887,117.5779317271838,118.28246388931778,122.79351300191077,36.66375518392027,36.78103645449639,36.6049907547139,184.85023807636225,173.05814366345567,179.75083479929765,189.37499523331826,179.1501846680141,185.333665694979,120.72695936882926,111.5885638085855,116.52536676641407,123.33916607903123,114.05061422774426,119.06338383558641,24.986925128208185,25.081996496169737,30.550711950737075,11.097339822074634,11.168899834650782,11.09932376948603,29.447527901103893,29.49556570610393,29.449332699029227,118.73347850907129,118.08084626129475,118.97051838406094,47.81884118700244,45.76912357281966,48.53443295101699,63.85936118646475,68.18870983838544,55.545928334878,52.80640667164201,57.10916503462982,44.45308233132171,76.0881628199331,78.79071994203032,77.77533906738587,7.798964938265994e-08,7.877706055216235e-08,7.724334250779923e-08
N0400,0.5,morning,False,False,True,1181.3066664218961,1208.1467268749586,1193.1566543780618,1040.6732896101435,1067.0544802827158,1052.4946692207304,1040.6732896636672,1068.583538590576,1052.4946692732922,588.9725516701488,618.12855013363,597.5943957271759,535.9654406083147,555.4711531436113,535.0253373016756,126.471840942389,126.82003642816399,129.01573422435615,18.746144436916847,18.78357338539838,18.723041017839687,195.68882328636815,190.3539093683426,193.39690191407283,195.69486597249556,190.35953796035665,193.39690238970908,127.49231077689055,122.61234322248121,125.12168354149928,128.8534082160774,123.94069441804292,126.46572050396851,12.793095307278488,12.86553466042809,15.644572985045489,5.679781831740901,5.744312575664744,5.679887564898541,15.030568877095419,15.046262544016653,15.030661058064375,128.93151717578135,128.55836217827417,128.9612690069477,57.13036390871994,55.75834203300428,57.3329199118866,32.726816451884666,34.970016627185714,28.49508807957581,27.075615956463572,29.31061811973909,22.797295019570743,37.11279489731421,37.41427564032904,37.70245728214812,8.234960874541541e-08,8.308593229343151e-08,8.171188453598482e-08
N0401,1.0,peak,True,True,True,969.7630228275638,1021.619865965753,995.882290179907,828.5114020689133,878.8647436704115,854.4596721093984,828.5114021352547,881.8221512417994,854.4596721737165,409.08965698792787,463.3242000415294,427.9579267032658,369.4053884330334,406.40358518872836,371.2763667530863,117.57793172708537,118.28246388946222,122.79351300178725,36.663755184022925,36.78103645486171,36.60499075497097,184.85023807638524,173.05814366348952,179.75083479929228,189.37499523326133,179.15018466803548,185.33366569497147,120.72695936883488,111.58856380855973,116.52536676636619,123.33916607898894,114.05061422774118,119.06338383556206,24.98692512818468,25.08199649618573,30.550711950743537,11.09733982208868,11.168899834694974,11.099323769492534,29.447527901108177,29.49556570610471,29.449332699032205,118.73347850883466,118.08084626101389,118.97051838385454,47.81884118699631,45.769123572820384,48.53443295101699,63.859361186479255,68.18870983840375,55.54592833488462,52.80640667158171,57.10916503467697,44.453082331318505,76.08816281982739,78.79071994195678,77.77533906741488,7.785760693172456e-08,7.875879299989784e-08,7.706960279468611e-08
N0402,1.0,peak,True,True,True,969.7616535695978,1021.6194218480096,995.8815233292419,828.5101887756335,878.864434501001,854.4590393784206,828.5101888417904,881.8218399885457,854.4590394431251,409.08900183897936,463.32416321158945,427.9576789189735,369.40478886172815,406.40358019395757,371.27617054197395,117.57778964591039,118.28244593837861,122.79345389552715,36.66374515343188,36.78102300470597,36.604979105717895,184.85002529677385,173.05814694128773,179.75076746447874,189.37477355703834,179.15018818368472,185.33359242966029,120.72681445419957,111.58857052638704,116.5253221381526,123.33901916910986,114.05062085574885,119.06333846490487,24.986922099610517,25.081992880907773,30.550709087908565,11.09733876687525,11.168897917435736,11.099322762374458,29.4475171275184,29.49555423058828,29.449321424911144,118.73332058650352,118.0807639572405,118.97040626606243,47.81877575279052,45.769123378558994,48.534409901985654,63.85934199834542,68.18870499449348,55.54591915257297,52.80638932225045,57.109162668898996,44.45307521263867,76.0881658294138,78.79072107090192,77.7753488920557,7.78041418425217e-08,7.888285477427011e-08,7.707065787481357e-08
N0403,0.75,afternoon,False,True,True,1072.157589696906,1112.134665412713,1090.627082849242,931.1493802103201,970.2829537344049,949.5398509999673,931.1493802696574,972.5539247277371,949.5398510575783,495.96931937160065,539.1418169660121,509.3920765959393,450.27403507203184,479.4974316993186,449.80023537956856,121.53862104319349,122.05833904966431,125.37860185042685,27.735905227464237,27.811721148133575,27.69408203756558,189.0325769106871,180.08459064687943,184.99549302002893,191.69236320108277,183.8722303839285,188.4373802471671,123.53377432432657,116.45776257627712,120.17055408710466,125.52747563782286,118.37220930445793,122.1239499581723,18.93220215409466,19.016425510934816,23.14957210725981,8.407182723487029,8.475425367038556,8.408099303372767,22.266907783170364,22.298438066056885,22.26785189446889,123.36322576520844,122.83545904266124,123.4638943967295,52.060200164502014,50.23616118313694,52.46806966909481,48.38877131834015,51.684762614204885,42.104575025315825,40.02105368952217,43.29994471668536,33.693443038552104,45.1348574922624,46.246310467465946,45.92090915348588,8.046692814349882e-08,8.107670872641522e-08,7.959352246950981e-08
N0404,0.75,afternoon,False,True,True,1072.157748871991,1112.1372878106993,1090.628228417629,931.1493215622846,970.2854753127776,949.5407109315403,931.1493216205138,972.5564481999389,949.540710987985,495.96881255995544,539.1435812141674,509.3923756408112,450.27348717222645,479.49906747174623,449.8004687006769,121.5385513650634,122.05865409632911,125.3787108213154,27.735915900168948,27.811730244113775,27.69409783491142,189.03235649983577,180.08516415309282,184.9955768582808,191.69212721377772,183.87282568159605,188.4374674537344,123.53360285865298,116.45815686453527,120.17060666871487,125.52730306544233,118.37260791991369,122.12400330523019,18.932212319415854,19.016423484226852,23.14957743924178,8.407188261815996,8.475423240573866,8.408101683320034,22.266922003853907,22.298445415965865,22.26786382080945,123.36336438537734,122.83567324961538,123.46405232901074,52.06015483449831,50.236313209361974,52.46811201128156,48.38877284642046,51.684794982573976,42.10458560911738,40.02105058625552,43.29997715405454,33.69345064000047,45.13484225267296,46.246283409706415,45.92093725181227,8.01908217058494e-08,8.127676641332129e-08,7.971791518810766e-08
N0405,0.2,overnight,False,False,True,1294.5550928547102,1305.994190366363,1299.1315613115094,1153.2066108209824,1164.5682213573818,1157.791130297683,1153.2066108568692,1165.2288039934117,1157.7911303336928,678.8407093400891,691.959150351293,682.2450837606353,616.3426929037702,625.1246713641052,615.357604787553,131.79754994585232,131.9346067262285,132.78317693107374,7.83544090985935,7.526659720783222,7.680945549321065,198.8854252746104,196.67189100839732,197.88199210988085,198.89285938669556,196.67915980889774,197.88199245080713,131.24387096712812,129.19996174414092,130.21588252439113,131.80939997172337,129.7626245110454,130.77884229609603,5.096039752704373,5.161325036472772,6.238903030157917,2.2594381837630686,2.3223157545610715,2.2603702355396984,6.264242724458286,6.267413920033103,6.264512174059152,135.38886330530704,135.23278079096906,135.3736028978376,63.39206984220676,62.77870760629756,63.428124699031564,13.021933076703492,13.971760005704718,11.37188764349605,10.79444677071928,11.74214103118091,9.092366592065535,50.443041139904786,50.328281245290675,50.546952758320046,8.549873994388615e-08,8.58848730348729e-08,8.492944546090987e-08
N0406,0.2,overnight,False,False,True,1294.5540903994558,1305.994461428449,1299.1320418158114,1153.2055768826126,1164.568479517444,1157.791602544043,1153.2055769197111,1165.229062335849,1157.79160258032,678.8398389065418,691.9592529768088,682.2454297332735,616.3418557523098,625.1247483342675,615.3579290332946,131.79740857530052,131.93462044543156,132.78323231520937,7.8354413060814645,7.526659646420803,7.680945824065386,198.88513694953562,196.67190806672377,197.8820963395742,198.8925710667668,196.6791768769608,197.8820966804837,131.24367470515995,129.19996977286186,130.21595239894728,131.8092037214596,129.76263272772394,130.77891211017229,5.096039858757227,5.161324793338603,6.2389031000426565,2.259438266351618,2.322315591939099,2.2603703277052154,6.264243178708903,6.267414336075518,6.264512085618398,135.38882097237774,135.2328274044554,135.37363876700798,63.391998200828716,62.77871402671783,63.42815270665127,13.02193262379854,13.971761126326124,11.37188741250319,10.794446229456277,11.74214229802109,9.092366275975714,50.44295735106219,50.32828743609438,50.546988703117584,8.567534669903974e-08,8.604861562096237e-08,8.502744711075638e-08
N0407,1.0,peak,True,True,True,970.1400015156464,1026.7283350217447,992.1532706898109,828.8952058905468,883.830071167879,850.4666507918964,828.8952059564639,886.8043793553442,850.4666508541686,409.4566608187514,468.2220674282017,423.55319678454003,369.77212881291234,411.2865381189182,366.7562948387288,117.58261676879519,118.15361636743091,122.57413048066694,36.65111260097364,36.79745202565185,36.60985961759703,184.841493131499,172.84587229257536,179.4071786548798,189.36885944624203,178.94184388805914,184.97323035091313,120.72710353045525,111.45678945857614,116.28939054909121,123.33902632510093,113.91638100314557,118.82487531838119,24.97822801344635,25.098454554735582,30.556573994789606,11.092953164425365,11.176910560946792,11.100972772739325,29.440487400700302,29.502862481366765,29.454033044254484,118.73510106784546,118.02579977218102,118.82593528392779,47.83360634542367,45.72364589452519,48.42865358563093,63.85178627189602,68.21129508349226,55.558505897206224,52.80307020819022,57.12484069550322,44.46384890190475,75.81542664383723,71.61783596886711,70.72492455412637,7.790139858629579e-08,7.911021435480722e-08,7.712780844831386e-08
N0408,0.75,afternoon,False,True,True,1072.157592335268,1112.134666304021,1090.6270788015706,931.1493829465143,970.282954531488,949.5398470648508,931.1493830055538,972.5539255292157,949.5398471215769,495.9693220208553,539.1418175300151,509.39207337241606,450.27403766807635,479.49743222693064,449.8002322777425,121.538621290774,122.0583390421232,125.37860154271642,27.735905264686068,27.81172114419118,27.694081999173164,189.03257740445338,180.0845905965294,184.99549250111806,191.69236371903574,183.87223033896382,188.4373796997363,123.53377467240804,116.457762547375,120.17055372429583,125.5274759891815,118.37220927517848,122.1239495916858,18.93220215459445,19.016425522051353,23.149572089835807,8.407182722720057,8.475425372685452,8.408099297591502,22.266907781242132,22.29843807353202,22.267851883145546,123.36322581713108,122.83545909205242,123.46389420559481,52.06020028458349,50.236161188687255,52.46806951647947,48.388771347170184,51.684762621399344,42.104574988252594,40.02105371635794,43.299944719635846,33.6934430087271,45.13485885800404,46.24630905000576,45.920909260929015,8.047409931264342e-08,8.127109035793598e-08,7.965432881995413e-08
N0409,0.5,morning,False,False,True,1181.3064144477585,1208.1442251119681,1193.1584635150111,1040.6730556891778,1067.051959141072,1052.4965845759687,1040.673055741803,1068.5810174534324,1052.4965846277114,588.9725750285439,618.1265360574479,597.5959734436476,535.9654975501006,555.4692352266873,535.0268384267565,126.47185300565208,126.81970049058299,129.01599353852825,18.74614441335199,18.783575604915647,18.7230368673612,195.68885307247547,190.35323946437123,193.39743631599075,195.69489574555817,190.35886806084503,193.39743679161808,127.49233783864739,122.61189001071112,125.12204395275577,128.85343494002169,123.9402388387221,126.46608324934198,12.79309348312037,12.865538979156309,15.644574883904848,5.679780997741274,5.744315320762648,5.679886312191276,15.030566156343365,15.046263756933124,15.030657922375642,128.93143934437106,128.5582246019588,128.96135774773572,57.130371475595304,55.75816965978664,57.33305532976356,32.72681208640915,34.970003110945804,28.49509985627285,27.07561228875937,29.310602893176032,22.797307979658612,37.11281202131726,37.41414516802767,37.70258050574871,8.21899676844452e-08,8.30188314142521e-08,8.168932480462588e-08
N0410,1.0,peak,True,True,True,969.7630228282395,1021.6198659657549,995.8822901769187,828.5114020702224,878.8647436690951,854.4596721094704,828.5114021369844,881.8221512410141,854.4596721742554,409.0896569886227,463.32420004137737,427.957926703722,369.4053884336147,406.40358518852,371.2763667534499,117.57793172718787,118.28246388925213,122.79351300191578,36.66375518404223,36.78103645481362,36.60499075476658,184.85023807656913,173.05814366339547,179.7508347994219,189.3749952335352,179.15018466804878,185.3336656951472,120.72695936895214,111.58856380856122,116.52536676648612,123.33916607915876,114.05061422773578,119.06338383565392,24.986925128213947,25.081996496178085,30.550711950743658,11.097339822138187,11.168899834663495,11.099323769453473,29.447527901125387,29.495565706105655,29.449332699028545,118.73347850940849,118.08084626131173,118.9705183838442,47.81884118705567,45.769123572795344,48.53443295108864,63.85936118650436,68.188709838348,55.545928334881594,52.80640667166803,57.10916503466613,44.4530823313089,76.0881628198725,78.79071994206254,77.77533906741488,7.798316111967057e-08,7.88106408270928e-08,7.706914119258835e-08
N0411,0.75,afternoon,False,True,True,1072.1575897002758,1112.1346654077652,1090.6270828461552,931.1493802113798,970.2829537318391,949.5398509988486,931.1493802697905,972.5539247279042,949.5398510568192,495.9693193716805,539.1418169659021,509.3920765953841,450.27403507209556,479.49743169924966,449.80023537908767,121.53862104323682,122.05833904936547,125.37860185048605,27.735905227839385,27.811721147815902,27.694082037713127,189.03257691069004,180.08459064686588,184.99549301986593,191.6923632011514,183.87223038385406,188.4373802469906,123.5337743243896,116.45776257620092,120.17055408700479,125.5274756378444,118.37220930442649,122.1239499580466,18.93220215406575,19.016425510924392,23.14957210727607,8.407182723483757,8.475425367041604,8.408099303345605,22.26690778316103,22.29843806605705,22.267851894478657,123.36322576525535,122.83545904311674,123.46389439675484,52.06020016451877,50.236161183149,52.46806966908696,48.38877131831613,51.6847626141855,42.104575025312755,40.02105368952424,43.29994471667961,33.69344303852569,45.13485749229671,46.246310467509204,45.92090915352873,8.040255406414569e-08,8.127810459929757e-08,7.970981823920256e-08
N0412,1.0,peak,True,True,True,969.7630074433301,1021.6198561214043,995.8823077526783,828.5113866752178,878.864735128411,854.4596893721651,828.5113867420858,881.8221426531405,854.4596894379494,409.08964307755815,463.3241958613677,427.9579403953787,369.4053746759276,406.4035816788122,371.27637970934427,117.57793086036874,118.28246228522694,122.79351494771058,36.66375522438316,36.78103634074727,36.60499073640334,184.85023645009971,173.05814130626985,179.75083810074133,189.37499359556804,179.15018224571622,185.33366901926954,120.72695826365646,111.58856225783735,116.52536896077555,123.3391649564554,114.05061265080283,119.06338606613566,24.986925200572934,25.081996375975468,30.550712018401548,11.097339863708338,11.168899781768758,11.099323768354024,29.447527926533894,29.495565635168823,29.449332662406043,118.73347813143538,118.08084518515166,118.97051897273211,47.81884074819146,45.76912287551163,48.534433885491964,63.85936110127763,68.18870950319562,55.54592858222974,52.806406555930316,57.10916474388665,44.45308258255761,76.08816451049016,78.79072732637152,77.77533011159002,7.786691935912313e-08,7.884829008782364e-08,7.712734719457312e-08
N0413,0.75,afternoon,False,True,True,1072.157589697103,1112.1346654095828,1090.6270828491554,931.1493802104284,970.2829537322756,949.5398510006899,931.1493802694172,972.5539247271258,949.5398510580027,495.96931937160264,539.141816965772,509.392076595984,450.2740350720105,479.4974316990276,449.8002353796178,121.53862104316116,122.05833904933259,125.37860185076397,27.735905227160117,27.811721148005088,27.694082037606695,189.03257691067128,180.0845906467841,184.99549302001688,191.6923632010707,183.87223038382382,188.43738024716012,123.5337743243468,116.45776257614695,120.17055408712471,125.52747563778809,118.37220930439315,122.1239499581787,18.932202154081416,19.016425510937612,23.14957210726595,8.407182723480775,8.475425367054005,8.408099303375044,22.266907783165593,22.29843806606108,22.26785189446889,123.36322576509943,122.83545904244546,123.46389439684313,52.06020016451453,50.236161183093806,52.46806966910546,48.388771318298076,51.684762614196615,42.104575025319804,40.021053689511774,43.29994471668837,33.693443038528756,45.13485749233685,46.246310467458876,45.920909153500574,8.041586380991988e-08,8.12612357868381e-08,7.970720408794088e-08
N0414,0.2,overnight,False,False,True,1294.5550928507928,1305.9941903606355,1299.131561313105,1153.2066108195345,1164.5682213540103,1157.7911302999985,1153.2066108557494,1165.22880399055,1157.791130334293,678.840709339254,691.9591503498614,682.2450837614533,616.3426929029374,625.1246713628235,615.3576047883773,131.7975499456366,131.9346067258589,132.78317693067908,7.8354409095664135,7.526659721209939,7.680945549407954,198.88542527435132,196.6718910079606,197.88199211018514,198.8928593864345,196.67915980847633,197.88199245111895,131.2438709669235,129.19996174385773,130.21588252457863,131.8093999716059,129.76262451078696,130.77884229631238,5.09603975270791,5.161325036463422,6.238903030157917,2.2594381837680007,2.3223157545509694,2.26037023554554,6.264242724447169,6.267413920031808,6.264512174051704,135.38886330532864,135.23278078996188,135.37360289776856,63.39206984213654,62.7787076061855,63.42812469912928,13.021933076652022,13.971760005701977,11.37188764344483,10.794446770715139,11.742141031143388,9.0923665920844,50.44304113984255,50.328281245188535,50.546952758486846,8.546792559023359e-08,8.610081976366647e-08,8.510214829552234e-08
N0415,0.5,morning,False,False,True,1181.3048558907149,1208.1474112438034,1193.1575139439865,1040.6714464334832,1067.0552237260365,1052.4955653678212,1040.6714464876088,1068.584281885284,1052.4955654214443,588.9711100796474,618.1291339077849,597.5952463392208,535.9640684342377,555.4717006488136,535.0261721602891,126.47160023767341,126.82012543415895,129.01588197839877,18.746151231959715,18.783575884900703,18.723031703642487,195.68832865233173,190.35409873589165,193.39720814059538,195.69437133969132,190.3597273328243,193.3972086162263,127.49197573047363,122.61246823819654,125.12189508328021,128.85307130411007,123.9408204963735,126.46593294626189,12.793097934350037,12.865535625397333,15.64457175522448,5.679783693380552,5.744312735145001,5.6798861392710585,15.030569875886258,15.046261722937635,15.030658553641086,128.9314081194181,128.55840616091982,128.9612753429916,57.13023809568599,55.758387841293676,57.3329969409698,32.726805269118856,34.97002548228886,28.495090777459545,27.075603531736498,29.310627056067087,22.7972987731046,37.11269951688009,37.41430495866192,37.70253364740449,8.215064352142994e-08,8.293006678367223e-08,8.163696553890392e-08
N0416,0.2,overnight,False,False,True,1294.6702214895695,1305.7883491404095,1299.0339142822052,1153.3239975267293,1164.3633486098702,1157.6971082503155,1153.3239975619813,1165.0238413479638,1157.697108286667,678.9518802475967,691.7523645934948,682.146027288971,616.4514851513463,624.9178873103344,615.258555413445,131.80529454226294,131.93920172206845,132.79434870169814,7.828651530815872,7.836037935422049,7.824184070170405,198.8985706908888,196.67862057165374,197.8996325875256,198.90600422792605,196.6858890332863,197.89963292847162,131.25266942759373,129.2044752981061,130.22771208562676,131.81816509382992,129.76711689230635,130.79062203190583,5.0958103516044275,5.161118882254512,6.2383584581223674,2.259339212584981,2.3222216456070703,2.2601693433324357,6.2642344388366515,6.267370413772843,6.2643636080230705,135.39400023246677,135.2348440732731,135.3803082887452,63.396039056963986,62.78110993507283,63.43396417928952,13.021272888295162,13.971225885637143,11.370905050214606,10.79388567094383,11.74169884372663,9.091587420971459,50.5654979226125,50.33017554121962,50.36467879858172,8.56212436641285e-08,8.595261403318755e-08,8.502176865140247e-08
N0417,1.0,peak,True,True,True,970.1400017686535,1026.728335408126,992.1532707734476,828.895206144841,883.8300715429048,850.4666508669143,828.8952062116746,886.8043797309447,850.4666509302964,409.45666105522497,468.2220677548125,423.55319684220956,369.7721290489085,411.28653843732195,366.75629489259956,117.58261678529294,118.15361639709356,122.57413048692588,36.65111260225429,36.79745202840874,36.60985962069764,184.84149316249065,172.84587234043224,179.40717866635123,189.3688594773827,178.9418439367543,184.9732303628903,120.72710355098694,111.45678948960474,116.28939055635932,123.33902634597565,113.91638103467237,118.8248753257434,24.978228014330206,25.098454557527184,30.556573997486055,11.09295316475229,11.176910562182847,11.100972773929263,29.4404874006986,29.50286248208877,29.454033045307174,118.73510107056698,118.0257997821235,118.82593528506527,47.83360635283153,45.72364590691984,48.42865358734004,63.851786275404955,68.21129509118018,55.55850590060321,52.80307021137759,57.12484070211583,44.4638489041965,75.8154265898788,71.61783577674665,70.72492444975605,7.789526589296953e-08,7.900855970271962e-08,7.724375920604313e-08
N0418,1.0,peak,True,True,True,970.1376002416271,1026.7271983176354,992.1531183693717,828.8929576046162,883.8291001728344,850.466632238798,828.8929576720464,886.8034040523462,850.4666323023087,409.45512221113523,468.2214627196189,423.5534556535224,369.770668382213,411.2859802106036,366.7565859593199,117.58239306721755,118.1535297607344,122.57412194728911,36.65110426237264,36.79743115582976,36.60983738718069,184.84113892545557,172.84576714685952,179.40719328498213,189.3684911936927,178.94173853660948,184.97324003879675,120.72686051687197,111.45672691737572,116.28940299035565,123.3387800205006,113.91631703345885,118.82488773711282,24.97822487414599,25.09844493326579,30.55656673696272,11.092952431301045,11.176906051867022,11.100968999062038,29.4404775632229,29.502849904700504,29.45401821268754,118.73490075468378,118.02570308879434,118.82585379720203,47.83349837653605,45.723619295808625,48.42865916383153,63.85175737177988,68.21127249445283,55.5584941219165,52.80304286020813,57.124822732117885,44.46384229424766,75.81543846772871,71.61845185067847,70.72491067502564,7.789724527522642e-08,7.900759884746794e-08,7.736113475216835e-08
N0419,0.2,overnight,False,False,True,1294.5542317905065,1305.9949158649615,1299.1319040161663,1153.2057523243557,1164.56897206163,1157.791493787108,1153.2057523612937,1165.2295546419718,1157.7914938236067,678.8400793119246,691.9597657852078,682.2454689284921,616.342102141184,625.1252592512586,615.3579903244641,131.79744926194564,131.9347060549947,132.7832413607851,7.8354415673934845,7.526659889804293,7.6809459771699204,198.885231552864,196.67209327790258,197.88213023929615,198.89266566526737,196.6793620784059,197.8821305802035,131.24374144193527,129.2000986863239,130.21597908157307,131.80927042598452,129.76276153180893,130.77893867997605,5.096039764751455,5.1613248133227785,6.2389031236804335,2.2594382041005034,2.3223156008664962,2.260370383773728,6.2642427529166875,6.267413704472181,6.264511636549881,135.38879889825887,135.23281638966446,135.3735933324007,63.39201906095768,62.77875779323043,63.428157699964736,13.02193278986648,13.971760960204593,11.37188710885507,10.79444647047973,11.742142143193533,9.092365949370656,50.44298049114842,50.328338754390664,50.546992514462815,8.548061756674491e-08,8.61191896851879e-08,8.510214829552234e-08
N0420,1.0,peak,True,True,True,970.1400015158409,1026.7283350199727,992.1532706913849,828.895205891297,883.8300711667458,850.4666507912573,828.8952059581156,886.8043793550827,850.466650854495,409.4566608193691,468.2220674280119,423.5531967845689,369.77212881346884,411.2865381187531,366.75629483868687,117.58261676888874,118.15361636693011,122.57413048066694,36.65111260094754,36.79745202544699,36.60985961749779,184.84149313166256,172.84587229254691,179.40717865490112,189.36885944643882,178.94184388800696,184.97323035091512,120.727103530573,111.45678945852818,116.28939054917902,123.33902632523323,113.91638100310169,118.82487531839993,24.978228013453517,25.09845455471846,30.55657399477327,11.092953164417343,11.176910560936694,11.100972772713325,29.440487400700352,29.502862481369526,29.454033044264563,118.73510106856811,118.025799772326,118.82593528399991,47.833606345476674,45.72364589452534,48.42865358563105,63.85178627188982,68.21129508351834,55.5585058971866,52.80307020820716,57.12484069551025,44.463848901907966,75.81542664385165,71.61783596891703,70.72492455418254,7.794855607916041e-08,7.898768895868868e-08,7.730242542733432e-08
N0421,0.5,morning,False,False,True,1181.3066617454986,1208.146721593436,1193.156664090621,1040.6732847104781,1067.054474918827,1052.4946792269113,1040.6732847632545,1068.5835332268657,1052.4946792794017,588.9725480790521,618.128545322193,597.594403854372,535.9654372461024,555.4711484557497,535.0253450406091,126.47184037774812,126.82003562661953,129.01573556569699,18.746144444657713,18.783573392546902,18.72304100294351,195.68882211927067,190.35390773516744,193.39690464225944,195.6948648053697,190.3595363271727,193.3969051179137,127.49231000306581,122.61234209948167,125.12168538690068,128.85340743623755,123.94069329039628,126.46572235990394,12.793095305473019,12.865534674633661,15.644572984402082,5.679781832748919,5.74431258400341,5.679887555350697,15.030568878270115,15.046262553413632,15.03066104799338,128.93151680668512,128.5583620518553,128.96126950709913,57.13036361362971,55.75834161763948,57.33292060824661,32.72681640704249,34.970016607248574,28.49508812660531,27.075615910488352,29.310618094267674,22.797295073592107,37.11279454040795,37.41427527769831,37.702457984868964,8.232384428988148e-08,8.306087712638951e-08,8.193226073522208e-08
N0422,0.2,overnight,False,False,True,1294.6702207412195,1305.7883496137508,1299.033914573423,1153.3239967659695,1164.3633490854927,1157.6971085429927,1153.323996802011,1165.0238418250324,1157.6971085796733,678.9518796440123,691.7523649428571,682.1460275504149,616.4514845766178,624.9178876361707,615.2585556683639,131.80529444525038,131.9392017776921,132.79434874442848,7.828651531684126,7.836037934782177,7.824184070087381,198.89857049806866,196.67862067904431,197.89963267451026,198.9060040351119,196.6858891406706,197.89963301540604,131.25266929714806,129.204475369569,130.22771214553538,131.8181649634353,129.76711696377242,130.790622091727,5.095810351617,5.161118882067728,6.238358458218294,2.2593392126013563,2.322221645445748,2.2601693434367407,6.264234439022478,6.267370413815411,6.264363607818511,135.3940001899713,135.23484410883995,135.3803082963674,63.39603900790985,62.78110996280018,63.43396420109117,13.021272888023287,13.971225886458374,11.370905049828053,10.793885670695696,11.741698844678274,9.09158742052911,50.56549786196206,50.33017557444197,50.36467882566577,8.54344932913633e-08,8.591179076583011e-08,8.519440364025532e-08
N0423,0.5,morning,False,False,True,1181.3046703185446,1208.1471533554286,1193.157953654692,1040.6712514358026,1067.0549587246387,1052.4960197582254,1040.6712514886876,1068.584016984442,1052.4960198102983,588.9709737976988,618.1288952265916,597.5956104284421,535.963942192465,555.4714682058571,535.0265175965781,126.47157905042019,126.82008447556538,129.01594321036006,18.746146995667015,18.783573077064617,18.723038445026052,195.68828472478307,190.35401510933917,193.39733272176196,195.69432741068522,190.35964370843703,193.39733319742118,127.49194684801333,122.61241076493069,125.1219792706364,128.8530421716386,123.94076277832875,126.46601762877694,12.793097694068663,12.865536474580999,15.644571659776414,5.679783652535604,5.744313226031289,5.679885662703264,15.030569802999242,15.046262365360972,15.030658063332746,128.93139157962568,128.55840022194036,128.9612994578986,57.13022691545801,55.75836650362602,57.33302894066144,32.72680325298833,34.970024555704995,28.49509285353941,27.07560152935293,29.310625753064333,22.79730123184454,37.112686056168,37.41429406684204,37.70255702028144,8.242262848928511e-08,8.303983836368704e-08,8.163696553890392e-08
N0424,0.75,afternoon,False,True,True,1072.1579617589086,1112.1400584426765,1090.6293225222203,931.1493113834778,970.2881407956689,949.5415054237055,931.1493114423344,972.5591156534888,949.541505480832,495.9683244689207,539.1454528973101,509.39260670915087,450.27295428570994,479.500804414546,449.8006355173391,121.53848453563172,122.0589891152286,125.37880975813755,27.735926685178455,27.811739734558575,27.69411435439312,189.0321401123718,180.08577420481447,184.99563685104158,191.69189508283216,183.8734593489328,188.43752965309275,123.53343353161901,116.45857694960361,120.17064211406087,125.52713267388525,118.37303258675453,122.1240393574997,18.932222752722772,19.01642110209653,23.149582994355523,8.40719392497101,8.475420872721191,8.408104331884756,22.266936718142993,22.29845292359882,22.267876409187892,123.36351184901278,122.83589747815329,123.46421149086487,52.06011082343943,50.23647502717159,52.46814859896625,48.388774973321524,51.68482900746308,42.10459575900456,40.02104796340143,43.300011345292866,33.6934575669075,45.13482400199539,46.246255240952806,45.920968530777905,8.044037599778517e-08,8.133196645076059e-08,7.976278415574978e-08
N0425,0.2,overnight,False,False,True,1294.5550928539494,1305.9941903642753,1299.131561310479,1153.2066108205458,1164.5682213573712,1157.7911302960308,1153.2066108560864,1165.2288039939497,1157.7911303318826,678.8407093397623,691.9591503521713,682.2450837592608,616.3426929034487,625.1246713649625,615.3576047863138,131.79754994556458,131.9346067262582,132.78317693056812,7.835440909940679,7.526659720874966,7.680945549537076,198.8854252745412,196.67189100868947,197.8819921094802,198.89285938663136,196.6791598091944,197.8819924504317,131.24387096712414,129.199961744278,130.21588252412485,131.8093999716859,129.76262451126595,130.77884229584515,5.0960397526751935,5.161325036485641,6.238903030160498,2.259438183795616,2.322315754561676,2.260370235534525,6.264242724453712,6.2674139200236585,6.264512174047742,135.38886330527902,135.23278079016745,135.37360289737364,63.39206984215854,62.77870760637003,63.428124698928045,13.02193307666319,13.97176000569376,11.371887643512435,10.794446770729186,11.742141031125325,9.092366592070961,50.443041139965246,50.328281245393036,50.54695275819001,8.554558944770257e-08,8.613186582744988e-08,8.511942517960247e-08
N0426,0.5,morning,False,False,True,1181.3048558901112,1208.1474112447909,1193.1575139472088,1040.671446433363,1067.0552237266652,1052.4955653699626,1040.6714464876834,1068.584281884677,1052.4955654225562,588.9711100796382,618.1291339072761,597.5952463399148,535.9640684342411,555.4717006483164,535.0261721609173,126.47160023768001,126.82012543370395,129.01588197879377,18.746151232050046,18.783575884561106,18.723031703498407,195.68832865233242,190.3540987357322,193.39720814082887,195.69437133968472,190.35972733262625,193.39720861643863,127.49197573050786,122.6124682380818,125.12189508338011,128.85307130411397,123.94082049627323,126.46593294640748,12.793097934350671,12.865535625396943,15.644571755216942,5.6797836933999575,5.744312735127437,5.679886139273974,15.030569875881111,15.046261722930616,15.030658553649387,128.93140811944497,128.55840616077433,128.96127534302806,57.130238095665604,55.75838784121994,57.33299694105941,32.72680526913505,34.97002548229539,28.495090777505364,27.075603531701564,29.310627056044826,22.797298773088354,37.11269951700882,37.41430495856354,37.70253364740449,8.24173618314208e-08,8.304618272054204e-08,8.180520900284925e-08
N0427,0.75,afternoon,False,True,True,1072.157961756781,1112.1400584447076,1090.6293225218637,931.1493113830326,970.2881407948761,949.5415054236225,931.1493114417163,972.5591156540206,949.5415054804658,495.9683244686619,539.1454528976734,509.3926067095673,450.2729542853973,479.50080441477223,449.8006355176115,121.53848453561604,122.05898911537791,125.37880975808352,27.735926684561235,27.811739733978566,27.694114354688217,189.03214011227405,180.08577420491784,184.99563685111903,191.69189508267988,183.87345934899193,188.43752965323387,123.53343353153097,116.45857694968235,120.17064211412483,125.52713267383378,118.37303258680952,122.1240393575935,18.93222275272171,19.016421102120095,23.14958299433926,8.407193924957749,8.475420872707558,8.40810433187158,22.26693671815005,22.29845292360125,22.267876409187906,123.36351184890647,122.83589747805345,123.46421149034049,52.06011082338093,50.23647502720108,52.46814859901494,48.38877497332945,51.684829007510885,42.10459575900149,40.021047963374556,43.30001134530744,33.6934575669207,45.13482400193605,46.24625524106303,45.92096853073505,8.033030518596685e-08,8.123649263121935e-08,7.976796625483972e-08
N0428,0.5,morning,False,False,True,1181.3064144476032,1208.1442251112958,1193.1584635181107,1040.6730556874759,1067.0519591382833,1052.4965845793374,1040.6730557410915,1068.5810174500418,1052.4965846321675,588.9725750285616,618.126536054278,597.5959734466832,535.9654975501368,555.469235223645,535.026838429612,126.47185300531821,126.81970048932153,129.01599353920622,18.74614441326928,18.78357560503842,18.723036867505282,195.6888530725081,190.35323946329603,193.3974363170292,195.6948957455999,190.35886805972868,193.3974367926281,127.49233783866235,122.61189001005167,125.12204395358735,128.85343494003254,123.94023883800818,126.46608325006756,12.793093483132797,12.865538979179982,15.644574883923996,5.679780997714844,5.744315320808412,5.679886312223772,15.030566156341727,15.046263756946782,15.03065792238205,128.9314393440652,128.55822460189196,128.96135774839942,57.13037147557511,55.75816965950827,57.33305533002831,32.7268120863851,34.97000311093142,28.495099856274464,27.075612288722017,29.310602893125083,22.797307979671942,37.112812021287425,37.41414516776673,37.70258050602141,8.23964010583955e-08,8.291983158315313e-08,8.170052250874368e-08
N0429,0.75,afternoon,False,True,True,1072.1579617549157,1112.1400584417436,1090.629322521098,931.1493113813599,970.2881407941968,949.5415054224396,931.1493114406702,972.559115652771,949.5415054800669,495.96832446777694,539.1454528973857,509.39260670915985,450.2729542845727,479.5008044145435,449.800635517277,121.53848453538014,122.05898911509314,125.37880975808352,27.735926685169478,27.811739734490093,27.69411435448745,189.03214011195084,180.0857742048213,184.99563685104158,191.69189508240012,183.87345934897144,188.43752965308576,123.53343353130634,116.45857694957961,120.17064211404883,125.52713267360434,118.37303258672732,122.12403935751374,18.9322227527313,19.01642110211874,23.149582994352453,8.407193924963714,8.475420872711545,8.408104331887845,22.26693671813799,22.298452923591633,22.267876409186275,123.36351184897535,122.8358974779295,123.46421149040998,52.06011082333539,50.23647502718644,52.468148598976896,48.388774973294886,51.684829007488446,42.10459575899659,40.02104796336666,43.30001134534105,33.693457566903476,45.13482400200648,46.246255241064624,45.920968530777905,8.046762815090915e-08,8.128704014674996e-08,7.977062088831248e-08
N0430,0.2,overnight,False,False,True,1294.5550928535197,1305.9941903632814,1299.131561308432,1153.2066108221934,1164.568221355761,1157.791130294643,1153.2066108578852,1165.2288039921666,1157.791130330178,678.8407093409362,691.9591503507622,682.2450837586855,616.3426929045359,625.1246713636981,615.3576047858203,131.7975499457887,131.9346067255609,132.78317693056601,7.835440910009292,7.5266597209507085,7.680945549147289,198.8854252748832,196.67189100825277,197.8819921093436,198.89285938698626,196.6791598088201,197.88199245027715,131.24387096728464,129.19996174407115,130.2158825238924,131.8093999719205,129.7626245110046,130.77884229576526,5.096039752684188,5.161325036493456,6.238903030157917,2.2594381838034425,2.322315754589794,2.2603702355565543,6.264242724462242,6.267413920030956,6.2645121740494325,135.38886330512835,135.23278078998877,135.37360289699083,63.39206984227536,62.7787076062205,63.428124698847746,13.021933076700012,13.971760005699617,11.371887643517733,10.794446770733732,11.742141031113398,9.092366592087114,50.4430411400838,50.32828124526112,50.546952758175884,8.560378396998102e-08,8.58297515232751e-08,8.511942517960247e-08
N0431,0.2,overnight,False,False,True,1294.5540904003187,1305.9944614282178,1299.132041816701,1153.2055768824603,1164.5684795171912,1157.7916025453517,1153.2055769181777,1165.2290623357624,1157.791602581194,678.8398389052013,691.9592529764853,682.2454297333292,616.3418557511504,625.1247483339357,615.3579290333723,131.79740857518095,131.93462044573107,132.78323231532244,7.835441306169744,7.526659646905401,7.680945824281396,198.88513694917594,196.67190806660005,197.88209633959806,198.89257106638465,196.67917687674944,197.8820966805255,131.24367470495204,129.19996977279925,130.21595239904468,131.8092037211742,129.7626327276563,130.77891211019403,5.096039858771336,5.161324793347861,6.238903100032334,2.259438266348688,2.322315591943809,2.2603703277486056,6.264243178704302,6.267414336079679,6.264512085614331,135.3888209726036,135.23282740524405,135.37363876734594,63.39199820070159,62.778714026670094,63.42815270666965,13.021932623781193,13.971761126343791,11.371887412514113,10.794446229461483,11.742142298019695,9.092366275948708,50.44295735103287,50.32828743608876,50.54698870310345,8.561420751486896e-08,8.617626145011194e-08,8.492944546090987e-08
N0432,0.5,morning,False,False,True,1181.304856078415,1208.1474111601,1193.1575138398264,1040.671446625021,1067.0552236368446,1052.4955652625624,1040.6714466788658,1068.5842817962696,1052.4955653153588,588.9711102344553,618.1291338446978,597.5952462453232,535.9640685822791,555.4717005907133,535.0261720691976,126.47160026340703,126.82012542399285,129.01588196214598,18.746151231886888,18.783575884922147,18.723031703552042,195.68832870549332,190.3540987163908,193.39720810749145,195.69437139284472,190.3597273132963,193.39720858309786,127.49197576669297,122.61246822547754,125.12189506052002,128.8530713403745,123.9408204835305,126.46593292337614,12.793097934102903,12.865535625319358,15.644571755412672,5.679783693235856,5.7443127351413805,5.6798861394668645,15.030569875700218,15.046261722911797,15.030658553836178,128.93140812906526,128.5584061529927,128.96127534002483,57.130238109148436,55.75838783635883,57.33299693253769,32.72680527036704,34.970025481365745,28.495090777185027,27.075603533070364,29.310627055114324,22.79729877277362,37.11269952870523,37.41430495459764,37.70253363999115,8.235898212634762e-08,8.30986032913644e-08,8.187432559748738e-08
N0433,0.5,morning,False,False,True,1181.3056845739634,1208.1468678508813,1193.1574255887156,1040.6722707948197,1067.0546291419125,1052.4954550916318,1040.6722708477168,1068.5836875884054,1052.4954551449136,588.9717337208432,618.1286088576244,597.5950559701632,535.9646595056641,555.4711951554654,535.0259713208137,126.47170649964755,126.82004236631846,129.01584685806776,18.746146038866673,18.783573181606865,18.72303923341932,195.68854326073887,190.35391843481662,193.39712762676643,195.694585947004,190.35954703147775,193.39712810240684,127.4921211106087,122.61234648257802,125.12183744754587,128.8532174611708,123.94069797318507,126.46587519399665,12.793096060614694,12.865535388032619,15.64457201404183,5.67978254273948,5.744312855018617,5.679886416138847,15.030569792178081,15.046263056835016,15.030659954424626,128.93146340720438,128.55838948921186,128.96130122523044,57.13029359068604,55.75834494015607,57.33297865492181,32.7268093342485,34.970019680971795,28.495090720602427,27.075608306188045,29.31062102599686,22.797298491556884,37.112730979325434,37.41427914829318,37.70251073008057,8.243319354835468e-08,8.301046421494139e-08,8.175845648342461e-08
N0434,0.5,morning,False,False,True,1181.305686496104,1208.1468664085544,1193.157425020743,1040.6722727715803,1067.0546276463115,1052.4954545192588,1040.6722728256018,1068.583686092772,1052.4954545712149,588.9717353452949,618.1286077140071,597.5950554130134,535.9646610643773,555.4711940822965,535.0259707696518,126.4717067712463,126.82004218710235,129.015846755717,18.746146035611154,18.783573182349144,18.723039235795103,195.68854382234466,190.35391807180298,193.39712741919377,195.69458650863257,190.3595466685166,193.39712789478511,127.49212149316934,122.6123462413552,125.12183730269344,128.85321784579065,123.94069773023806,126.46587504869059,12.793096057735685,12.865535387952635,15.644572016256715,5.6797825406970075,5.744312855487753,5.6798864176415425,15.030569790027297,15.046263057251656,15.030659955990052,128.93146350013456,128.55838939086303,128.96130122606905,57.1302937330091,55.75834484840871,57.332978601469264,32.72680934601492,34.970019667584936,28.495090720673318,27.07560831941779,29.310621012241207,22.797298490600408,37.11273109374775,37.4142790683675,37.70251069605019,8.228678834888452e-08,8.304912149098508e-08,8.186871813048347e-08
N0435,0.5,morning,False,False,True,1181.3056865046938,1208.1468664034003,1193.157425017829,1040.6722727782355,1067.0546276426505,1052.4954545171317,1040.6722728319112,1068.5836860882177,1052.4954545697794,588.9717353500333,618.1286077114336,597.5950554115075,535.9646610688752,555.4711940798987,535.0259707681541,126.47170677187454,126.8200421869766,129.01584675566005,18.74614603564531,18.78357318245773,18.72303923525558,195.68854382395443,190.35391807099913,193.3971274186335,195.69458651023535,190.35954666761887,193.397127894289,127.49212149433123,122.61234624076619,125.12183730234588,128.85321784687287,123.94069772970212,126.4658750482766,12.79309605775592,12.865535387951505,15.644572016278769,5.679782540704167,5.744312855468163,5.679886417609045,15.030569790021689,15.046263057249009,15.0306599560032,128.9314635004512,128.55838939000947,128.96130122583813,57.130293733437426,55.75834484822959,57.33297860136687,32.72680934605953,34.970019667531474,28.49509072068342,27.07560831948589,29.310621012247672,22.797298490609165,37.11273109411342,37.41427906817155,37.70251069587971,8.24000118205174e-08,8.300551739371391e-08,8.187432559748738e-08
N0436,1.0,peak,True,True,True,969.7630228303727,1021.6198659692925,995.8822901818287,828.5114020713404,878.8647436717011,854.4596721110553,828.5114021375825,881.8221512419278,854.4596721745936,409.08965698906417,463.3242000412022,427.9579267036783,369.40538843404653,406.4035851884139,371.2763667534067,117.57793172754168,118.28246388899375,122.79351300180228,36.663755184144236,36.78103645472713,36.6049907546022,184.85023807673986,173.05814366342352,179.75083479945482,189.37499523368626,179.15018466797534,185.3336656951566,120.72695936905318,111.58856380853835,116.52536676650986,123.33916607926373,114.05061422772056,119.06338383565756,24.986925128203616,25.081996496233646,30.550711950766388,11.097339822102922,11.168899834648155,11.099323769473004,29.447527901120665,29.495565706121287,29.449332699043772,118.733478509341,118.08084626144294,118.97051838410478,47.818841187100745,45.76912357281651,48.53443295106925,63.85936118652489,68.18870983839882,55.54592833489105,52.806406671626064,57.10916503467768,44.45308233132811,76.08816281988405,78.79071994210581,77.77533906743635,7.796739947916133e-08,7.89425641995069e-08,7.712780844831386e-08
N0437,0.5,morning,False,False,True,1181.3066664214693,1208.1467268740903,1193.1566543777558,1040.6732896094472,1067.0544802838838,1052.4946692211097,1040.6732896633584,1068.5835385913435,1052.4946692743254,588.9725516697246,618.1285501336333,597.5943957273508,535.9654406079316,555.4711531436238,535.0253373018784,126.47184094198215,126.82003642807071,129.01573422446822,18.746144436869425,18.783573385423797,18.72304101812785,195.6888232862306,190.35390936835935,193.3969019140937,195.69486597235868,190.35953796043637,193.3969023897164,127.49231077683599,122.61234322246814,125.12168354156323,128.85340821602855,123.94069441805782,126.4657205039985,12.793095307280355,12.865534660425892,15.644572985042586,5.679781831738741,5.744312575647181,5.679887564906041,15.03056887709588,15.046262544006902,15.030661058072674,128.93151717575233,128.55836217842153,128.96126900738307,57.13036390862816,55.758342032978426,57.33291991187287,32.72681645191459,34.970016627189,28.495088079560883,27.075615956522224,29.310618119741434,22.797295019591566,37.112794897394316,37.414275640384645,37.70245728214812,8.233636822825603e-08,8.295358332816562e-08,8.183924675032751e-08
N0438,0.75,afternoon,False,True,True,1072.157961757292,1112.1400584425548,1090.6293225249508,931.1493113829328,970.2881407940761,949.5415054241919,931.1493114419868,972.5591156519339,949.541505481714,495.9683244685396,539.145452896503,509.39260670994344,450.27295428529806,479.50080441372427,449.80063551799935,121.53848453563172,122.05898911486753,125.37880975825338,27.73592668528328,27.811739734210065,27.694114354593882,189.03214011224387,180.08577420456663,184.9956368512433,191.69189508260467,183.87345934863706,188.43752965331865,123.53343353138878,116.45857694936959,120.17064211419292,125.52713267378499,118.37303258654617,122.12403935767517,18.93222275271509,19.01642110210877,23.149582994349384,8.407193924956854,8.475420872715171,8.408104331881665,22.266936718139178,22.298452923596603,22.267876409184627,123.36351184905197,122.83589747778672,123.46421149057427,52.060110823395675,50.23647502708957,52.46814859906084,48.388774973333085,51.684829007491224,42.10459575900548,40.021047963384035,43.300011345272615,33.69345756691458,45.13482400196119,46.24625524102375,45.92096853073505,8.03382338359743e-08,8.121253786727634e-08,7.964648064495522e-08
N0439,1.0,peak,True,True,True,969.7630074462788,1021.6198561222765,995.8823077548583,828.5113866764484,878.8647351294992,854.4596893728,828.5113867428397,881.8221426535545,854.4596894380599,409.0896430779562,463.32419586127753,427.95794039554534,369.4053746763807,406.40358167867805,371.2763797094063,117.57793086045719,118.28246228544171,122.7935149478291,36.663755224590076,36.7810363401512,36.604990736356996,184.85023645016634,173.05814130631438,179.75083810075665,189.37499359565606,179.15018224573524,185.33366901929696,120.72695826374634,111.58856225789854,116.52536896079165,123.33916495647233,114.05061265084078,119.06338606613102,24.986925200581318,25.081996375977774,30.550712018394968,11.097339863730559,11.168899781757458,11.099323768357303,29.447527926544847,29.495565635156975,29.44933266241738,118.7334781314365,118.08084518530629,118.97051897253087,47.81884074817507,45.769122875543005,48.53443388548873,63.85936110133936,68.18870950319723,55.545928582262285,52.80640655593553,57.10916474388669,44.453082582580535,76.0881645103658,78.79072732625654,77.77533011206307,7.792773296184187e-08,7.896366040246703e-08,7.724375920604313e-08
N0440,0.2,overnight,False,False,True,1294.5542327557212,1305.9949145143503,1299.1319043488522,1153.2057533043894,1164.568970693517,1157.7914941259392,1153.205753340703,1165.2295532732273,1157.7914941629697,678.8400801266489,691.9597647240743,682.2454691379675,616.3421029239762,625.1252582475946,615.3579905107919,131.79744939382007,131.934705885269,132.7832413922195,7.835441566542034,7.526659890815369,7.680945976329418,198.88523181725185,196.67209294235272,197.88213029879893,198.89266592961744,196.67936174290742,197.8821306397131,131.24374162201934,129.20009846053313,130.21597911957036,131.8092706059243,129.7627613059417,130.7789387180688,5.096039764931992,5.16132481344741,6.238903123471661,2.259438204238291,2.3223156009560886,2.260370383475836,6.264242752478478,6.2674137046669145,6.264511636738422,135.38879894197183,135.23281630533586,135.37359337024702,63.392019127814,62.77875770744359,63.428157715778134,13.021932789495835,13.971760959160026,11.371887109781385,10.794446470047419,11.742142142022896,9.09236595049552,50.44298057439976,50.328338649846984,50.54699253257644,8.549123253483844e-08,8.592293686594576e-08,8.48892033445904e-08
N0441,0.2,overnight,False,False,True,1294.5540840207414,1305.994467417632,1299.1320423582642,1153.205570418306,1164.5684855853128,1157.7916030959525,1153.2055704548884,1165.2290684043353,1157.7916031317177,678.8398336822495,691.9592575880193,682.2454304876037,616.3418507610004,625.1247526746522,615.3579298189176,131.79740773326148,131.93462118089087,132.78323244535113,7.835441309925554,7.526659645016844,7.680945827878116,198.88513527016323,196.67190951207823,197.88209662052853,198.89256938744927,196.67917832222537,197.8820969614778,131.24367356646988,129.19997074149973,130.21595260113372,131.80920258311372,129.76263369707607,130.77891231137295,5.096039858347287,5.161324791969506,6.238903100779347,2.2594382661865695,2.322315590961533,2.2603703289902413,6.264243180762303,6.267414335676185,6.2645120839444965,135.38882063758257,135.23282780811306,135.3736387014842,63.39199777444297,62.77871439718228,63.42815277424332,13.021932623555617,13.971761133231738,11.37188740835121,10.794446229319098,11.742142305915664,9.092366270770212,50.44295682420816,50.3282878845714,50.546988793606374,8.547836570219139e-08,8.603445066495263e-08,8.513685774300765e-08
N0442,0.5,morning,False,False,True,1181.3048560765337,1208.147411161135,1193.1575138411451,1040.671446624019,1067.0552236360509,1052.4955652626466,1040.6714466786034,1068.5842817956263,1052.4955653146196,588.9711102345922,618.129133843904,597.5952462448794,535.964068582466,555.4717005899287,535.0261720686987,126.47160026362218,126.82012542452925,129.01588196203298,18.74615123174801,18.78357588498024,18.72303170374976,195.68832870558595,190.35409871613618,193.3972081073102,195.6943713929162,190.3597273130185,193.39720858295547,127.49197576666363,122.61246822524478,125.1218950603962,128.8530713404734,123.9408204833737,126.46593292325089,12.793097934092904,12.865535625320387,15.644571755421381,5.679783693226762,5.744312735131211,5.679886139453533,15.030569875687739,15.046261722920779,15.030658553845537,128.9314081286139,128.5584061532688,128.9612753398791,57.13023810915816,55.75838783627644,57.33299693248445,32.726805270355776,34.97002548137937,28.4950907772042,27.075603533035107,29.31062705508464,22.79729877272322,37.11269952865677,37.414304954554034,37.7025336399777,8.231003709534267e-08,8.29129211108884e-08,8.181639084661408e-08
N0443,0.75,afternoon,False,True,True,1072.157961759596,1112.1400584418275,1090.6293225203722,931.1493113825736,970.2881407938955,949.5415054225024,931.1493114411317,972.5591156525411,949.5415054795221,495.9683244682878,539.1454528967794,509.39260670894043,450.27295428506307,479.5008044139657,449.8006355170701,121.53848453567156,122.05898911504867,125.37880975791109,27.735926684863987,27.811739734257042,27.694114354540666,189.03214011213333,180.0857742046401,184.9956368509197,191.6918950825944,183.87345934872758,188.43752965295167,123.53343353145794,116.45857694945205,120.17064211398487,125.52713267371483,118.3730325866097,122.12403935742375,18.932222752710558,19.01642110212856,23.14958299433926,8.407193924983542,8.475420872730258,8.408104331894839,22.2669367181241,22.298452923578285,22.267876409176505,123.363511848716,122.83589747781379,123.46421149019497,52.06011082333793,50.236475027115716,52.46814859892873,48.388774973315414,51.68482900746383,42.10459575896498,40.02104796333248,43.300011345295346,33.69345756688721,45.134824001860004,46.24625524105821,45.92096853066405,8.029865626733632e-08,8.129921141402518e-08,7.96516703106956e-08
N0444,0.5,morning,False,False,True,1181.306414445177,1208.1442251087044,1193.1584635191027,1040.6730556871046,1067.0519591392547,1052.4965845785475,1040.6730557408407,1068.5810174503483,1052.4965846301127,588.9725750284061,618.1265360545203,597.5959734459897,535.9654975499992,555.4692352238399,535.026838429,126.47185300541217,126.81970048996519,129.01599353886814,18.746144413295813,18.783575605201122,18.723036867414834,195.68885307244673,190.3532394633398,193.39743631678218,195.69489574555453,190.3588680597132,193.39743679240323,127.49233783868719,122.61189001006295,125.1220439534954,128.8534349400403,123.94023883802808,126.46608324991517,12.793093483126805,12.865538979196009,15.644574883891504,5.679780997728711,5.744315320793781,5.6798863122075245,15.030566156331256,15.046263756937106,15.03065792237063,128.93143934405683,128.55822460222836,128.9613577479649,57.130371475566065,55.75816965949657,57.33305532997098,32.72681208639423,34.97000311097147,28.49509985631443,27.075612288747653,29.31060289311882,22.797307979652775,37.11281202126144,37.414145167791254,37.70258050602141,8.240467449700977e-08,8.304232409672087e-08,8.182204330829388e-08
N0445,0.2,overnight,False,False,True,1294.6702209070552,1305.788350456945,1299.0339135645286,1153.3239969356277,1164.363349940857,1157.6971075218014,1153.323996972243,1165.0238426795408,1157.697107558204,678.9518797307425,691.7523656462106,682.1460267617163,616.4514846500413,624.9178883104134,615.2585549232026,131.80529445819909,131.93920189157419,132.79434861840423,7.828651531035532,7.836037934218556,7.824184070300088,198.89857052105427,196.6786209071016,197.89963242557207,198.906004058102,196.68588936873155,197.89963276652446,131.25266931101282,129.20447552477756,130.22771197815175,131.81816497741147,129.76711711886986,130.79062192425286,5.095810351322292,5.161118882208539,6.238358458252808,2.2593392124084066,2.3222216455469162,2.260169343574587,6.264234439209415,6.267370413469855,6.264363607964791,135.39400021420792,135.23484414905192,135.38030823249073,63.396039014299305,62.78111002059186,63.43396413747329,13.021272888973568,13.971225886236606,11.370905049314471,10.793885671821169,11.741698844397877,9.091587419786084,50.56549786751699,50.33017564602727,50.36467874714092,8.557345163011499e-08,8.605860635152684e-08,8.510214829552234e-08
N0446,0.75,afternoon,False,True,True,1072.1579586721336,1112.140052612425,1090.6293236013778,931.1493084523414,970.2881355240617,949.5415069969912,931.1493085110488,972.5591103752984,949.54150705461,495.9683225450617,539.1454493748687,509.3926090065776,450.2729525084269,479.5008011449991,449.8006378751458,121.53848416099135,122.05898854401431,125.3788099983289,27.73592667947506,27.811739685000084,27.69411433492584,189.03213939042777,180.08577336262962,184.99563750612904,191.69189433648165,183.87345846104722,188.4375303406115,123.533433036664,116.45857636612338,120.1706425947224,125.52713217370903,118.37303199681855,122.12403984241702,18.932222756686947,19.01642109067035,23.149582980009903,8.407193928412598,8.475420868523893,8.408104320415525,22.266936704295354,22.298452898514373,22.267876380438047,123.3635115483584,122.83589698294473,123.46421127624517,52.060110645520226,50.236474764393236,52.46814873871234,48.38877493456238,51.684828942023294,42.104595765674866,40.02104792464334,43.30001128717173,33.693457582188515,45.13482332598425,46.24625536326642,45.92096908211443,8.033176556877711e-08,8.11951817536854e-08,7.970981823920256e-08
N0447,1.0,peak,True,True,True,969.7630074452345,1021.6198561229364,995.8823077566853,828.511386676175,878.864735129662,854.4596893739938,828.5113867429945,881.8221426538388,854.4596894391038,409.08964307841046,463.3241958617104,427.95794039621154,369.40537467674454,406.40358167913854,371.27637971008215,117.57793086012668,118.28246228524687,122.79351494826808,36.66375522447616,36.78103634019557,36.60499073656138,184.85023645030026,173.05814130643532,179.75083810099707,189.37499359577436,179.15018224594448,185.33366901952937,120.72695826387705,111.5885622579771,116.52536896091158,123.33916495656692,114.05061265092225,119.06338606629318,24.98692520059948,25.08199637596901,30.550712018444013,11.097339863731513,11.168899781752815,11.099323768357284,29.447527926546183,29.495565635175122,29.4493326624167,118.73347813112575,118.08084518546464,118.97051897277856,47.8188407482305,45.76912287557318,48.534433885557036,63.85936110134754,68.18870950325847,55.54592858229823,52.80640655590773,57.109164743929746,44.45308258259386,76.08816451040894,78.79072732600049,77.77533011203408,7.787105661190972e-08,7.882527783221158e-08,7.730117627459888e-08
N0448,0.75,afternoon,False,True,True,1072.157589699293,1112.1346654120207,1090.6270828504285,931.1493802122484,970.2829537342751,949.5398510021687,931.1493802713804,972.5539247284829,949.5398510591274,495.9693193723169,539.1418169661437,509.39207659624816,450.2740350726461,479.4974316993947,449.8002353798877,121.53862104331317,122.05833904930468,125.37860185042685,27.735905227418716,27.81172114802094,27.694082037647814,189.03257691090838,180.08459064688526,184.9954930201379,191.6923632013672,183.87223038392392,188.43738024728015,123.5337743245016,116.45776257626731,120.1705540871167,125.52747563794802,118.37220930447486,122.12394995824442,18.93220215412372,19.016425510941986,23.149572107308597,8.407182723500142,8.475425367037976,8.408099303358778,22.266907783170407,22.29843806605932,22.267851894486792,123.36322576554385,122.83545904306729,123.46389439743658,52.06020016457055,50.23616118313786,52.46806966915694,48.38877131837442,51.684762614154394,42.104575025309686,40.021053689532415,43.29994471665998,33.69344303853584,45.1348574923897,46.24631046728967,45.92090915344425,8.049316241676247e-08,8.12505310428745e-08,7.970210305812071e-08
N0449,1.0,peak,True,True,True,969.7630074440541,1021.6198561197778,995.8823077568891,828.5113866741032,878.8647351295302,854.4596893740228,828.5113867406008,881.8221426542457,854.4596894385747,409.0896430764838,463.32419586194777,427.9579403957822,369.40537467494545,406.40358167931345,371.27637970969164,117.57793086000271,118.28246228541991,122.79351494788584,36.66375522431398,36.78103634020052,36.604990736356996,184.85023644980942,173.0581413064098,179.75083810080736,189.3749935952359,179.15018224587135,185.3336690193678,120.72695826350872,111.58856225793227,116.52536896082768,123.3391649562208,114.05061265092789,119.06338606617507,24.98692520054576,25.08199637595525,30.550712018404898,11.09733986371847,11.168899781765125,11.09932376835078,29.447527926531347,29.495565635153916,29.449332662399627,118.7334781313574,118.08084518555361,118.97051897285337,47.81884074807231,45.769122875564044,48.5344338855342,63.8593611012702,68.18870950320877,55.54592858221688,52.80640655585419,57.10916474389004,44.45308258256427,76.08816451047885,78.79072732649665,77.77533011161903,7.792881616466682e-08,7.890280218694333e-08,7.712655646745692e-08
N0450,0.5,morning,False,False,True,1181.306666421774,1208.1467268745173,1193.1566543799802,1040.6732896103256,1067.0544802835598,1052.494669220586,1040.6732896630326,1068.5835385909247,1052.4946692728313,588.9725516701801,618.1285501342568,597.5943957271505,535.9654406083316,555.471153144124,535.02533730168,126.47184094199781,126.82003642807254,129.01573422413017,18.746144436963142,18.783573385370016,18.723041018111026,195.6888232863659,190.35390936852266,193.3969019140415,195.69486597250673,190.3595379605135,193.39690238970334,127.49231077690288,122.61234322269006,125.12168354148722,128.8534082161101,123.94069441816134,126.4657205039738,12.793095307299431,12.865534660401124,15.644572985036781,5.679781831773048,5.7443125756477125,5.679887564925205,15.030568877090843,15.046262544004245,15.030661058059694,128.9315171751091,128.55836217801152,128.96126900634263,57.13036390868828,55.75834203306274,57.332919911850965,32.726816451898074,34.97001662722697,28.495088079572888,27.075615956521577,29.310618119737693,22.797295019591566,37.11279489745437,37.414275640426595,37.702457282127604,8.242678659571341e-08,8.295897452220113e-08,8.171188453598482e-08
N0451,0.5,morning,False,False,True,1181.3056887342373,1208.14686624313,1193.1574229267142,1040.6722750877664,1067.0546274594733,1052.4954523766175,1040.6722751408022,1068.5836859049298,1052.4954524286345,588.9717371710605,618.1286076954977,597.5950536066126,535.9646628016135,555.471194095265,535.0259690345167,126.47170707041457,126.82004219309634,129.01584644858565,18.746146031566113,18.783573182663105,18.72303923956227,195.68854444300416,190.35391808567184,193.3971267948141,195.694587129248,190.35954668236747,193.39712727046157,127.49212191232313,122.61234625728568,125.12183687704564,128.85321826747574,123.94069774560107,126.46587462086954,12.793096055903248,12.865535385407348,15.644572018155001,5.679782539002748,5.744312854322027,5.6798864203674775,15.030569788222286,15.046263055845754,15.030659958960538,128.93146363251304,128.55838933876132,128.96130113973194,57.13029389008666,55.75834485233707,57.33297844173286,32.72680936257614,34.97001966101079,28.495090712726412,27.075608337227766,29.31062100643162,22.79729848068225,37.11273123270119,37.41427907514349,37.70251055388216,8.243258673636598e-08,8.308214497004615e-08,8.175845648342461e-08
N0452,0.5,morning,False,False,True,1181.3056865042158,1208.1468664024412,1193.1574250099175,1040.6722727813515,1067.0546276426553,1052.4954545102462,1040.6722728352952,1068.5836860892168,1052.495454563242,588.9717353531746,618.1286077123037,597.5950554066443,535.9646610718937,555.4711940807185,535.0259707634705,126.47170677240918,126.82004218681836,129.0158467543629,18.74614603556712,18.783573182912832,18.723039235486954,195.68854382503278,190.3539180712691,193.3971274169461,195.69458651133954,190.3595466679454,193.397127892605,127.49212149497639,122.61234624105299,125.12183730116676,128.85321784763272,123.94069772990494,126.46587504712737,12.79309605772759,12.865535387931198,15.644572016257888,5.67978254068089,5.744312855472529,5.679886417598629,15.030569790029404,15.046263057236919,15.030659956011167,128.93146350044114,128.5583893900074,128.96130122524013,57.13029373369816,55.758344848283855,57.332978600908426,32.72680934614497,34.970019667502,28.49509072061974,27.07560831952883,29.31062101221869,22.79729849056587,37.11273109448095,37.41427906820972,37.70251069553875,8.236817094463607e-08,8.307375547099993e-08,8.175845648342461e-08
N0453,0.75,afternoon,False,True,True,1072.1579617547295,1112.1400584431153,1090.6293225239665,931.1493113813901,970.2881407945199,949.5415054221091,931.1493114404605,972.5591156527613,949.5415054803173,495.9683244679194,539.1454528967748,509.39260670906134,450.27295428477527,479.5008044139219,449.80063551727557,121.53848453521195,122.05898911501063,125.37880975786221,27.735926685015702,27.81173973412573,27.6941143543278,189.03214011204847,180.08577420460622,184.9956368509786,191.69189508246737,183.87345934872283,188.4375296530645,123.53343353138467,116.4585769493701,120.17064211402896,125.52713267365147,118.37303258658741,122.12403935746332,18.932222752703034,19.016421102112094,23.149582994346318,8.407193924954623,8.475420872701317,8.40810433189793,22.266936718139487,22.298452923584577,22.267876409174875,123.36351184855208,122.83589747841764,123.46421149042223,52.06011082334309,50.23647502713076,52.46814859899033,48.388774973314504,51.684829007495345,42.1045957589751,40.021047963388206,43.300011345318005,33.6934575669207,45.134824001859,46.246255241098055,45.92096853076322,8.044785487448491e-08,8.133196645076059e-08,7.971247480915603e-08
N0454,0.75,afternoon,False,True,True,1072.1577458279683,1112.1372881664652,1090.6282327915712,931.1493182719549,970.2854757154008,949.5407152425176,931.1493183304067,972.5564486028396,949.5407152991345,495.96880971147004,539.1435813968353,509.39237893872615,450.27348441713207,479.49906760836,449.80047181536776,121.53855092914259,122.05865407294822,125.37871143933589,27.735915910491094,27.81173024912856,27.694097834701097,189.03235555455925,180.085164180487,184.99557797272064,191.69212622311113,183.8728256901293,188.43746862176377,123.5336021821655,116.45815686106548,120.17060745859658,125.52730238284651,118.3726079171479,122.12400410267578,18.932212330200368,19.016423488686957,23.149577438324123,8.40718826922104,8.475423242561984,8.408101676438129,22.266922014177158,22.298445422344088,22.26786381923277,123.36336427587958,122.83567332329226,123.46405259161722,52.06015459689788,50.2363131968367,52.4681123254039,48.38877280944878,51.684794992788554,42.10458564536322,40.021050544245405,43.29997716224383,33.69345068014043,45.13484229047875,46.24628346535139,45.92093715086187,8.039160755684313e-08,8.131094626773107e-08,7.959618292090387e-08
N0455,0.2,overnight,False,False,True,1294.5550928549649,1305.9941903654756,1299.1315613122442,1153.2066108213696,1164.568221356159,1157.7911302977004,1153.2066108579907,1165.2288039928355,1157.7911303333708,678.8407093406851,691.959150351128,682.2450837607126,616.3426929042747,625.1246713639669,615.3576047876602,131.79754994555617,131.9346067257922,132.7831769309073,7.835440909472367,7.526659720877435,7.680945549234177,198.88542527477392,196.67189100835537,197.88199210994767,198.8928593868576,196.67915980882455,197.88199245089942,131.243870967187,129.19996174410448,130.21588252433867,131.80939997185084,129.76262451104307,130.7788422961523,5.096039752680744,5.161325036489688,6.238903030174103,2.2594381837814654,2.322315754584093,2.260370235537112,6.264242724449456,6.267413920028647,6.2645121740566685,135.38886330529292,135.23278079020872,135.3736028975953,63.392069842254216,62.77870760627199,63.42812469905962,13.021933076668637,13.971760005717076,11.371887643515,10.794446770708259,11.742141031134828,9.092366592076324,50.44304113997321,50.32828124527596,50.54695275830592,8.54948565579608e-08,8.608815765210832e-08,8.517698285435785e-08
N0456,1.0,peak,True,True,True,970.1400015161685,1026.7283350194732,992.1532706891294,828.8952058905602,883.8300711669378,850.4666507904377,828.8952059575014,886.8043793548027,850.4666508535745,409.4566608191862,468.2220674282382,423.5531967839475,369.7721288132883,411.2865381189933,366.7562948381544,117.58261676895789,118.15361636726631,122.57413048062062,36.65111260123616,36.79745202555067,36.60985961713527,184.84149313161996,172.84587229259463,179.40717865470316,189.3688594463477,178.94184388811837,184.97323035076482,120.72710353046557,111.45678945857387,116.28939054907515,123.33902632520707,113.91638100314941,118.82487531827715,24.97822801346742,25.09845455471536,30.556573994792778,11.092953164422411,11.176910560949809,11.100972772729556,29.44048740070459,29.50286248137031,29.454033044257688,118.7351010683872,118.02579977165342,118.82593528391737,47.83360634546925,45.72364589455369,48.428653585559154,63.851786271920744,68.21129508349719,55.55850589717355,52.80307020822464,57.12484069548774,44.46384890187845,75.8154266437946,71.61783596882266,70.72492455422906,7.795060745563926e-08,7.911128337446688e-08,7.730154883103587e-08
N0457,0.2,overnight,False,False,True,1294.5542317911697,1305.9949158677002,1299.1319040180726,1153.20575232583,1164.5689720627856,1157.7914937876117,1153.2057523609878,1165.2295546427808,1157.7914938231816,678.8400793116429,691.9597657861553,682.2454689285616,616.3421021409881,625.1252592520353,615.3579903245115,131.79744926207397,131.93470605531476,132.78324136061445,7.83544156751607,7.526659890237168,7.680945976759016,198.88523155279097,196.67209327810383,197.88213023931021,198.89266566515644,196.67936207867774,197.88213058021714,131.2437414418537,129.20009868651073,130.21597908167425,131.80927042594072,129.76276153198296,130.77893867998827,5.096039764735333,5.161324813277549,6.238903123653222,2.2594382041134486,2.3223156008332695,2.2603703837814884,6.2642427529176805,6.267413704477183,6.264511636553156,135.3887988980973,135.23281638991372,135.3735933318883,63.39201906090873,62.778757793352696,63.42815769995458,13.02193278989662,13.971760960249636,11.371887108830824,10.794446470480787,11.742142143210865,9.092365949378731,50.442980490978435,50.32833875446783,50.546992514434564,8.56649305934511e-08,8.597377190379042e-08,8.517698285435785e-08
N0458,0.75,afternoon,False,True,True,1072.1579602637757,1112.1400650485014,1090.6293221287833,931.1493097674014,970.288147245735,949.5415046215531,931.149309826566,972.5591221057927,949.5415046783868,495.968322738473,539.1454577982732,509.3926055406608,450.2729525479122,479.5008090482013,449.8006343355296,121.53848431824778,122.05898990685685,125.37880962124359,27.735926674605654,27.811739758683448,27.694114383323043,189.03213969561483,180.08577561503606,184.9956364209513,191.69189463185916,183.87346082443096,188.43752920697233,123.53343321439037,116.45857793322939,120.17064180620413,125.52713235448628,118.37303358064683,122.1240390468592,18.93222275716,19.01642109896525,23.149583005694556,8.407193927908047,8.475420868451334,8.408104340651596,22.266936729979374,22.298452930617557,22.267876429099626,123.36351190266902,122.83589791251515,123.46421158769841,52.06011070283808,50.23647541431491,52.46814851339241,48.38877496095471,51.68482908536336,42.10459575672406,40.021047948957005,43.30001142330886,33.69345755719017,45.13482414012606,46.24625562510684,45.920967993494315,8.039645445431353e-08,8.128793107499612e-08,7.952764261154195e-08
N0459,0.5,morning,False,False,True,1181.3064144451416,1208.1442251059607,1193.1584635174208,1040.673055685546,1067.051959134796,1052.4965845795418,1040.6730557400563,1068.5810174478877,1052.4965846318062,588.9725750278485,618.1265360531424,597.5959734468312,535.9654975494221,555.4692352225692,535.0268384297448,126.4718530051162,126.8197004895527,129.01599353909413,18.74614441344345,18.783575605034446,18.723036867398008,195.68885307226319,190.3532394629103,193.39743631701248,195.69489574534754,190.3588680593326,193.3974367926646,127.4923378384781,122.61189000973872,125.1220439535993,128.85343493989026,123.94023883776887,126.46608325009655,12.793093483121101,12.865538979182269,15.644574883904848,5.67978099772718,5.744315320797026,5.679886312200024,15.03056615633589,15.04626375693207,15.030657922377204,128.93143934419285,128.55822460169867,128.9613577481915,57.130371475477574,55.758169659410925,57.33305533003313,32.72681208640005,34.97000311092725,28.49509985631443,27.075612288682777,29.310602893105727,22.797307979646938,37.112812021197165,37.4141451677159,37.70258050602141,8.230339446244814e-08,8.294872118917407e-08,8.1694903112048e-08
N0460,1.0,peak,True,True,True,969.7630228281832,1021.6198659683348,995.8822901762691,828.5114020691589,878.8647436707305,854.4596721090721,828.5114021361185,881.8221512430489,854.4596721736351,409.08965698812125,463.3242000417724,427.9579267031411,369.40538843320167,406.4035851889158,371.2763667529284,117.57793172732704,118.28246388949765,122.79351300202427,36.663755184185106,36.78103645478389,36.6049907545622,184.85023807643339,173.05814366355125,179.7508347992171,189.37499523338042,179.15018466814328,185.33366569491665,120.72695936889758,111.58856380856429,116.52536676635813,123.33916607905545,114.05061422781665,119.06338383552165,24.986925128173684,25.08199649621395,30.550711950730495,11.09733982209076,11.168899834670558,11.099323769463258,29.447527901094926,29.49556570611335,29.44933269902304,118.73347850934191,118.08084626148639,118.97051838387,47.81884118701508,45.76912357286741,48.534432951020335,63.859361186452794,68.18870983840358,55.54592833483241,52.806406671557696,57.10916503464955,44.45308233130198,76.08816281979898,78.79071994205292,77.77533906736065,7.797492069554978e-08,7.890280218694333e-08,7.718513618658012e-08
N0461,0.75,afternoon,False,True,True,1072.1575896991187,1112.134665412069,1090.6270828484726,931.1493802106194,970.2829537336661,949.5398509991909,931.1493802700418,972.5539247273495,949.5398510575977,495.9693193717816,539.1418169662768,509.39207659583184,450.2740350721835,479.4974316994781,449.80023537950575,121.5386210432572,122.05833904945791,125.37860185042169,27.735905227755946,27.811721148171216,27.694082037488165,189.03257691076405,180.084590646927,184.9954930199958,191.69236320119265,183.87223038388734,188.43738024713141,123.53377432442552,116.4577625762832,120.17055408706877,125.52747563783488,118.37220930449516,122.12394995814614,18.93220215407288,19.01642551089969,23.149572107250606,8.407182723486276,8.475425367019191,8.408099303385127,22.26690778315878,22.298438066058893,22.267851894480277,123.36322576512292,122.83545904206542,123.46389439679326,52.0602001645167,50.23616118314578,52.468069669119416,48.38877131832068,51.684762614186205,42.104575025310595,40.02105368953581,43.299944716688834,33.693443038545986,45.1348574923074,46.24631046743345,45.92090915345772,8.044821549085519e-08,8.115021625551181e-08,7.971517379356042e-08
N0462,0.2,overnight,False,False,True,1294.5550928530229,1305.9941903642866,1299.1315613120316,1153.206610820562,1164.5682213545024,1157.7911302986977,1153.2066108564798,1165.2288039914617,1157.7911303346496,678.8407093395231,691.959150349735,682.2450837618136,616.3426929032238,625.1246713626484,615.357604788792,131.79754994580478,131.93460672549082,132.78317693084762,7.835440909743714,7.526659720661303,7.6809455496239645,198.88542527445512,196.671891007915,197.88199211033742,198.8928593865871,196.67915980843097,197.88199245126756,131.24387096699743,129.1999617437985,130.21588252466117,131.80939997162966,129.7626245107681,130.77884229644164,5.096039752688683,5.16132503646919,6.2389030301663615,2.2594381837796855,2.3223157545790873,2.260370235550713,6.264242724467521,6.267413920022339,6.2645121740526015,135.38886330547038,135.23278079050488,135.37360289742452,63.39206984218563,62.77870760617165,63.42812469912928,13.021933076718028,13.971760005725095,11.37188764349605,10.794446770751168,11.742141031171434,9.092366592057395,50.443041139897396,50.32828124518795,50.54695275852922,8.552226512793386e-08,8.61998547582023e-08,8.510214829552234e-08
N0463,0.2,overnight,False,False,True,1294.5540903994647,1305.9944614257145,1299.1320418161215,1153.205576882714,1164.568479516328,1157.7916025441693,1153.205576919284,1165.229062335867,1157.7916025793616,678.8398389060886,691.9592529764701,682.2454297323983,616.3418557519135,625.1247483338997,615.3579290325525,131.79740857520616,131.93462044531805,132.78323231532244,7.835441305936548,7.526659646656015,7.68094582410762,198.88513694938598,196.67190806661117,197.8820963393467,198.89257106662566,196.67917687675003,197.88209668029918,131.24367470510876,129.19996977274843,130.21595239880097,131.8092037213601,129.76263272762324,130.77891211002256,5.096039858792669,5.161324793339859,6.238903100051101,2.259438266353176,2.3223155919205816,2.2603703277026286,6.264243178700014,6.267414336072343,6.264512085605299,135.3888209727871,135.2328274050611,135.37363876706127,63.39199820079106,62.77871402667368,63.42815270659371,13.021932623784844,13.97176112626882,11.371887412500625,10.794446229470449,11.742142297982708,9.092366275924418,50.44295735105906,50.32828743601966,50.54698870304695,8.553199974438167e-08,8.610928613767803e-08,8.510214829552234e-08
N0464,0.2,overnight,False,False,True,1294.5540833562386,1305.9944654706528,1299.132044778574,1153.2055697416195,1164.5684836089092,1157.791605541648,1153.2055697771839,1165.2290664276081,1157.791605577568,678.8398332420303,691.9592559366073,682.2454323666335,616.3418503604123,625.1247510866438,615.3579315924957,131.79740766429393,131.93462091273187,132.78323274556877,7.835441309340864,7.5266596469355465,7.680945826995379,198.88513513835923,196.67190897238868,197.88209721193272,198.89256925561588,196.67917778248398,197.8820975528254,131.24367348105653,129.19997037339257,130.21595299868272,131.80920249735277,129.76263332919842,130.77891270897962,5.096039859058054,5.161324791596278,6.2389031007468905,2.259438266676659,2.322315590785341,2.260370328693185,6.264243180423156,6.267414336549394,6.264512083580323,135.38882056977172,135.23282772314084,135.3736388577703,63.39199774011038,62.778714260833034,63.42815292568531,13.021932621144837,13.971761134013937,11.371887409645424,10.794446226482119,11.742142306851793,9.092366272284806,50.44295678566837,50.328287716347475,50.54698897961548,8.55773578953564e-08,8.601188410093351e-08,8.506186838944872e-08
N0465,1.0,peak,True,True,True,970.1400015177469,1026.7283350197142,992.1532706885748,828.8952058915528,883.8300711656258,850.466650790588,828.8952059577388,886.8043793539956,850.4666508539668,409.4566608195586,468.22206742810664,423.5531967840695,369.7721288136127,411.2865381188636,366.75629483828396,117.58261676876477,118.15361636706288,122.57413048062587,36.65111260097643,36.79745202588878,36.609859617491715,184.84149313170298,172.84587229254456,179.40717865476077,189.3688594464643,178.9418438880186,184.97323035084423,120.72710353061048,111.45678945857959,116.28939054903113,123.33902632525616,113.91638100312974,118.82487531832776,24.978228013431764,25.098454554726462,30.556573994805806,11.092953164429458,11.176910560963938,11.100972772732867,29.440487400687633,29.502862481368307,29.45403304426926,118.73510106831635,118.02579977132642,118.82593528433007,47.83360634550802,45.72364589453342,48.428653585611436,63.85178627190535,68.21129508349969,55.55850589717033,52.803070208217775,57.1248406954875,44.46384890194674,75.81542664383545,71.61783596882462,70.72492455414114,7.803231537486699e-08,7.902112613120019e-08,7.712831362781727e-08
N0466,1.0,peak,True,True,True,970.1376002394727,1026.727198311981,992.1531183686684,828.892957601195,883.8291001665767,850.4666322380374,828.8929576682473,886.8034040477942,850.4666323016102,409.4551222080198,468.22146271594494,423.5534556530004,369.7706683791005,411.2859802069252,366.7565859587704,117.58239306679893,118.15352975998435,122.57412194700005,36.65110426236251,36.79743115531766,36.6098373868769,184.84113892500395,172.84576714631828,179.40719328487828,189.36849119322343,178.9417385360597,184.97324003868238,120.72686051651742,111.45672691706086,116.28940299032766,123.3387800201891,113.91631703309471,118.82488773703784,24.978224874147774,25.09844493322606,30.55656673689764,11.092952431349719,11.176906051865622,11.100968999045728,29.440477563237305,29.50284990469363,29.45401821267105,118.73490075432613,118.02570308862387,118.82585379695168,47.83349837641818,45.723619295671284,48.42865916386742,63.851757371736866,68.21127249434609,55.558494121838386,52.80304286022014,57.124822732048365,44.46384229420207,75.81543846842142,71.6184518530744,70.72491067625077,7.793492991523183e-08,7.898899856835708e-08,7.730196521551708e-08
N0467,0.75,afternoon,False,True,True,1072.157592336664,1112.1346663044953,1090.6270788004058,931.1493829471674,970.2829545315683,949.539847066475,931.1493830061728,972.5539255301856,949.539847122735,495.9693220210061,539.141817530899,509.3920733727833,450.2740376682401,479.4974322276679,449.80023227812967,121.53862129079789,122.05833904181422,125.37860154265981,27.73590526487501,27.811721144663505,27.694081999267496,189.0325774045278,180.08459059679004,184.99549250125773,191.6923637191055,183.872230339226,188.4373796999128,123.53377467251386,116.4577625476844,120.1705537243958,125.52747598924176,118.37220927536812,122.12394959177959,18.932202154580814,19.016425522088817,23.149572089841943,8.407182722788633,8.475425372722947,8.40809929761785,22.26690778126005,22.298438073548578,22.267851883156933,123.36322581738818,122.8354590921626,123.46389420556989,52.06020028460083,50.23616118877927,52.46806951651472,48.38877134722082,51.6847626214665,42.104574988222225,40.02105371640118,43.29994471966788,33.69344300874643,45.1348588579011,46.24630905009738,45.92090926114084,8.047524395643186e-08,8.123688526273639e-08,7.988691331570328e-08
N0468,0.75,afternoon,False,True,True,1072.1577488613918,1112.1372878082134,1090.6282284240365,931.1493215544234,970.2854753133694,949.5407109345726,931.149321613278,972.5564482022204,949.540710991563,495.96881255406214,539.1435812160921,509.3923756436048,450.273487166481,479.49906747370244,449.80046870339896,121.53855136471508,122.05865409659258,125.37871082102713,27.735915900159966,27.811730244118444,27.69409783511219,189.03235649909115,180.08516415364986,184.9955768581903,191.69212721296185,183.8728256820679,188.4374674537482,123.5336028580647,116.4581568648795,120.17060666866702,125.52730306492182,118.37260792033234,122.12400330515226,18.932212319391258,19.016423484205006,23.1495774392651,8.4071882617944,8.475423240536369,8.408101683359558,22.266922003836584,22.298445415946727,22.267863820828968,123.36336438491978,122.83567324972356,123.46405232895434,52.06015483427531,50.23631320949851,52.468112011280326,48.388772846346534,51.68479498260961,42.104585609098045,40.02105058617168,43.29997715405805,33.693450640007555,45.13484225085139,46.246283413093586,45.92093725008979,8.031236159652826e-08,8.116615848966979e-08,7.983146210996138e-08
N0469,0.75,afternoon,False,True,True,1072.15774741153,1112.1372879224007,1090.6282305809152,931.1493199826098,970.2854754471874,949.5407130656098,931.1493200413441,972.5564483338618,949.5407131228427,495.96881118992866,539.1435812515319,509.39237727712094,450.273485847029,479.4990674887695,449.8004702464834,121.5385511562892,122.0586540765442,125.37871112650906,27.73591590532485,27.811730246497493,27.694097834691366,189.03235604520182,180.08516415072822,184.99557741053823,191.6921267374154,183.8728256690752,188.43746803245384,123.5336025334262,116.45815685160478,120.17060706005542,125.5273027372748,118.372607907253,122.12400370029954,18.932212324621407,19.016423486545037,23.149577438759184,8.407188265416432,8.475423241629866,8.40810167987737,22.266922008882833,22.298445419161347,22.26786381998064,123.36336433350515,122.83567328242503,123.46405245780444,52.06015472061125,50.23631319911979,52.46811216655288,48.38877282864546,51.68479498681949,42.104585627022836,40.02105056603729,43.29997715728579,33.693450659922256,45.134842268182375,46.24628343733365,45.92093720476065,8.045432696863032e-08,8.127866181747922e-08,7.982093603339193e-08
N0470,0.5,morning,False,False,True,1181.3064144463078,1208.144225109539,1193.1584635172583,1040.6730556862503,1067.0519591388968,1052.4965845768909,1040.6730557395579,1068.5810174523422,1052.4965846291504,588.9725750275395,618.126536056065,597.5959734449781,535.9654975491543,555.4692352253469,535.02683842797,126.47185300509271,126.81970048977746,129.01599353875514,18.746144413594468,18.78357560494833,18.7230368674853,195.68885307216752,190.35323946385677,193.39743631638672,195.69489574522723,190.3588680602739,193.39743679205682,127.49233783833202,122.6118900103879,125.12204395319159,128.85343493981162,123.94023883839972,126.4660832496535,12.793093483130123,12.865538979154374,15.644574883915288,5.679780997726729,5.744315320783986,5.679886312194192,15.030566156332666,15.04626375692526,15.030657922372356,128.93143934379546,128.5582246026052,128.96135774785208,57.130371475491565,55.75816965968722,57.333055329865225,32.7268120863513,34.97000311096137,28.495099856287787,27.07561228873265,29.31060289312798,22.797307979642365,37.11281202122819,37.414145167931416,37.70258050585093,8.235704867061939e-08,8.299718568788514e-08,8.181077940865185e-08
N0471,0.75,afternoon,False,True,True,1072.157961757226,1112.1400584431622,1090.6293225247189,931.1493113823807,970.2881407950487,949.5415054237186,931.1493114415127,972.5591156533999,949.5415054807688,495.9683244681743,539.1454528974219,509.39260670935687,450.2729542849171,479.50080441451513,449.80063551748333,121.53848453560761,122.05898911507019,125.37880975780043,27.735926684933638,27.811739734137895,27.69411435479465,189.0321401120527,180.08577420480714,184.99563685109808,191.6918950824918,183.87345934899255,188.43752965317054,123.5334335314025,116.45857694955203,120.17064211408092,125.52713267367244,118.37303258672918,122.12403935756542,18.932222752716253,19.01642110210001,23.149582994326984,8.40719392494895,8.475420872713938,8.408104331884756,22.266936718145566,22.29845292358891,22.26787640918626,123.3635118493126,122.83589747842338,123.46421149047332,52.06011082337137,50.23647502720816,52.468148599012146,48.38877497331853,51.684829007477695,42.104595758997505,40.02104796337197,43.30001134530676,33.693457566911526,45.134824001881626,46.246255240963286,45.92096853073505,8.033712282432107e-08,8.121719465276852e-08,7.970981823920256e-08
N0472,0.5,morning,False,False,True,1181.3064144477737,1208.1442251064275,1193.1584635159309,1040.6730556872417,1067.0519591366744,1052.4965845786242,1040.6730557399267,1068.5810174500239,1052.4965846312439,588.9725750278504,618.1265360542119,597.5959734465225,535.9654975494761,555.4692352235458,535.0268384294798,126.47185300534045,126.81970048893764,129.01599353909322,18.74614441371133,18.783575604998475,18.72303686727075,195.68885307228652,190.3532394632652,193.39743631693838,195.6948957453681,190.35886805974414,193.39743679258686,127.49233783851395,122.61189000991902,125.12204395351931,128.85343493992173,123.94023883798714,126.46608325001867,12.79309348314966,12.865538979205201,15.644574883921093,5.67978099772664,5.7443153207939375,5.679886312188359,15.030566156326424,15.046263756941858,15.030657922373916,128.93143934395476,128.55822460233824,128.96135774817373,57.1303714755086,55.758169659546766,57.33305533000567,32.726812086365534,34.970003110948795,28.49509985628647,27.075612288746107,29.31060289312868,22.797307979663184,37.11281202119617,37.4141451677493,37.70258050596021,8.237082822200979e-08,8.300012539587595e-08,8.187432559748738e-08
N0473,0.5,morning,False,False,True,1181.3056894335398,1208.146860474517,1193.1574276792264,1040.672275756247,1067.054621541959,1052.4954573078903,1040.6722758103822,1068.5836799883034,1052.495457362238,588.971738010236,618.1286027462638,597.5950574377971,535.9646636613579,555.4711893479146,535.0259726412258,126.47170723050358,126.8200413780421,129.01584707272815,18.74614603091738,18.783573191499862,18.723039230744888,195.68854477515674,190.35391642760436,193.39712806985796,195.694587461459,190.3595450243075,193.3971285454911,127.49212215166646,122.61234513215591,125.12183773178194,128.85321850685517,123.94069661450601,126.46587548120884,12.793096049171936,12.865535394873776,15.644572021361082,5.679782535659344,5.744312860687453,5.679886417051388,15.03056978450069,15.046263062946297,15.030659955422546,128.93146357350113,128.5583890852754,128.96130144122702,57.130293974400765,55.75834443157437,57.332978766171586,32.72680935666876,34.970019625644746,28.49509074079674,27.07560833347041,29.310620966494824,22.797298511405184,37.11273129713922,37.414278716891054,37.70251084424388,8.23648526017703e-08,8.286671090119148e-08,8.182773678518977e-08
N0474,0.5,morning,False,False,True,1181.3056865113138,1208.1468663886499,1193.1574250235215,1040.6722727852891,1067.0546276273221,1052.4954545225285,1040.6722728386196,1068.5836860728416,1052.4954545752735,588.9717353566967,618.1286076990825,597.5950554156495,535.9646610754132,555.4711940681317,535.0259707719274,126.4717067731627,126.82004218468097,129.01584675616897,18.746146035530703,18.783573182569604,18.72303923549011,195.68854382635865,190.3539180669094,193.39712741992628,195.69458651262227,190.35954666354982,193.3971278955526,127.49212149592134,122.61234623816247,125.12183730314938,128.8532178485104,123.940697726926,126.46587504911341,12.793096057734301,12.86553538792768,15.644572016284574,5.679782540696152,5.744312855475993,5.679886417614878,15.030569790013061,15.046263057256924,15.030659956003031,128.93146350018688,128.55838938906135,128.9613012256195,57.13029373400519,55.75834484716645,57.33297860171473,32.72680934611053,34.97001966741892,28.4950907206925,27.07560831950021,29.31062101212417,22.797298490672894,37.112731094708764,37.41427906725416,37.702510696234455,8.247574193517341e-08,8.30113953183112e-08,8.181639084661408e-08
N0475,0.75,afternoon,False,True,True,1072.1579617583307,1112.1400584416717,1090.6293225245124,931.1493113834372,970.2881407945689,949.5415054229117,931.1493114419802,972.5591156528776,949.5415054807411,495.968324468386,539.1454528968565,509.3926067092494,450.27295428513924,479.5008044141002,449.80063551735844,121.53848453550007,122.05898911512975,125.37880975802948,27.735926685050874,27.81173973460584,27.694114354381018,189.0321401121688,180.08577420469595,184.99563685104485,191.6918950826098,183.87345934883047,188.43752965314226,123.53343353143721,116.45857694950928,120.17064211412483,125.5271326737202,118.37303258665396,122.12403935753609,18.932222752719106,19.016421102119796,23.149582994358592,8.407193924985481,8.475420872744472,8.40810433190102,22.26693671815037,22.298452923602365,22.267876409186286,123.36351184949729,122.8358974779713,123.46421149075167,52.06011082335632,50.23647502716401,52.46814859899086,48.38877497331333,51.684829007449444,42.10459575901991,40.02104796341521,43.300011345331214,33.69345756691362,45.13482400201236,46.24625524101666,45.920968530777905,8.039608307002106e-08,8.121862442267732e-08,7.976535400926395e-08
N0476,0.75,afternoon,False,True,True,1072.1577458251684,1112.137288166191,1090.6282327881463,931.1493182716317,970.2854757145884,949.5407152400943,931.1493183301055,972.5564486021703,949.5407152984831,495.96880971183066,539.1435813964121,509.3923789385381,450.27348441744914,479.49906760798746,449.80047181523963,121.53855092958578,122.05865407283675,125.3787114392741,27.73591591065248,27.8117302496074,27.69409783455355,189.03235555465605,180.08516418040762,184.9955779726617,191.69212622320023,183.87282569002153,188.4374686217357,123.5336021823102,116.45815686095825,120.17060745852056,125.5273023829188,118.3726079170694,122.12400410263432,18.93221233022882,19.01642348869814,23.149577438343453,8.40718826921224,8.475423242569887,8.40810167641487,22.266922014174103,22.298445422340478,22.2678638192165,123.36336427514496,122.83567332328853,123.46405259137647,52.06015459692246,50.236313196816454,52.46811232540669,48.388772809470886,51.684794992813956,42.104585645327624,40.02105054422061,43.29997716225961,33.69345068013029,45.13484229058374,46.24628346530722,45.920937150819015,8.04212753665872e-08,8.108392585921875e-08,7.960163124783297e-08
N0477,0.75,afternoon,False,True,True,1072.1577474159703,1112.1372879185433,1090.6282305817938,931.1493199834337,970.2854754421029,949.5407130689033,931.1493200427301,972.5564483287612,949.5407131256659,495.9688111909263,539.1435812466395,509.39237727948057,450.2734858479995,479.49906748406096,449.8004702487275,121.5385511566572,122.05865407629335,125.37871112713187,27.735915905524827,27.81173024634595,27.694097835027584,189.0323560454116,180.0851641492002,184.99557741132514,191.69212673775792,183.87282566759274,188.437468033343,123.53360253359297,116.45815685049311,120.1706070605991,125.52730273749096,118.37260790618177,122.12400370086492,18.932212324657005,19.016423486538173,23.14957743874906,8.407188265380363,8.475423241638351,8.408101679889732,22.26692200886261,22.29844541916054,22.267863819970927,123.3633643335042,122.835673282829,123.46405245842938,52.06015472069155,50.23631319869789,52.46811216674712,48.38877282866157,51.68479498677328,42.10458562707776,40.021050566060005,43.299977157213526,33.693450659909054,45.134842267971884,46.246283437323456,45.9209372050521,8.036490404770475e-08,8.130152596273171e-08,7.977062088831248e-08
N0478,0.5,morning,False,False,True,1181.3064144442883,1208.1442251116541,1193.1584635150396,1040.6730556876587,1067.0519591385,1052.4965845763104,1040.6730557415556,1068.581017452071,1052.496584629286,588.9725750284338,618.1265360557725,597.5959734448879,535.9654975500364,555.4692352250337,535.0268384279699,126.47185300547072,126.8197004897802,129.01599353898112,18.746144413537163,18.78357560544269,18.72303686746847,195.68885307246168,190.35323946374234,193.3974363164222,195.69489574554294,190.35886806016597,193.39743679200726,127.49233783864153,122.61189001033995,125.12204395315553,128.85343494001498,123.94023883831788,126.46608324967768,12.793093483136632,12.865538979159663,15.644574883910654,5.67978099771948,5.744315320791598,5.67988631221044,15.03056615633661,15.046263756932511,15.030657922390184,128.93143934462694,128.55822460272134,128.96135774809022,57.13037147553765,55.75816965962343,57.33305532983777,32.72681208640829,34.97000311096068,28.495099856293642,27.075612288729676,29.3106028931747,22.797307979661532,37.11281202122518,37.41414516787894,37.70258050585093,8.239357658683984e-08,8.30638161736193e-08,8.171188453598482e-08
N0479,0.5,morning,False,False,True,1181.3056894319932,1208.14686047325,1193.1574276779684,1040.6722757564985,1067.0546215403829,1052.49545730768,1040.672275809832,1068.583679987351,1052.4954573601126,588.9717380100129,618.1286027454996,597.5950574364223,535.964663661138,555.4711893472588,535.0259726399793,126.4717072303927,126.82004137834095,129.0158470726721,18.746146030942782,18.783573191218018,18.723039230563998,195.6885447750557,190.35391642738057,193.39712806942288,195.69458746132887,190.35954502405284,193.3971285450179,127.49212215165669,122.61234513207408,125.12183773143417,128.85321850678784,123.9406966143544,126.46587548090994,12.793096049152652,12.865535394892664,15.644572021372694,5.679782535676138,5.744312860684582,5.679886417043889,15.030569784498823,15.046263062940575,15.030659955397981,128.93146357344295,128.5583890857439,128.96130144116032,57.13029397437127,55.75834443148768,57.3329787660586,32.72680935666711,34.97001962559036,28.495090740738913,27.075608333451306,29.310620966487242,22.797298511369767,37.112731297037904,37.41427871683362,37.702510844223376,8.227794939235272e-08,8.297025450057902e-08,8.193226073522208e-08
N0480,0.5,morning,False,False,True,1181.305686510578,1208.1468663887802,1193.1574250251474,1040.6722727858673,1067.0546276276348,1052.4954545248834,1040.6722728398074,1068.583686073996,1052.4954545762969,588.9717353571822,618.1286076992474,597.5950554158095,535.9646610758277,555.471194068335,535.0259707720926,126.47170677283417,126.82004218432589,129.0158467563389,18.7461460354734,18.78357318237819,18.723039235597383,195.688543826477,190.35391806697498,193.3971274199894,195.69458651277276,190.35954666369133,193.39712789561625,127.49212149607803,122.61234623814121,125.12183730324132,128.8532178486356,123.9406977269917,126.46587504920197,12.793096057701971,12.865535387951505,15.644572016274134,5.679782540694531,5.744312855491216,5.679886417623626,15.030569790016166,15.046263057256787,15.030659955994732,128.93146350056998,128.55838938975592,128.96130122669194,57.13029373407806,55.75834484720486,57.33297860171232,32.726809346110564,34.97001966742358,28.495090720662926,27.075608319515602,29.31062101211189,22.797298490664136,37.11273109473508,37.414279067198244,37.70251069617998,8.235898212634762e-08,8.29761310950983e-08,8.192665723358662e-08
N0481,0.75,afternoon,False,True,True,1072.1579617568755,1112.1400584420373,1090.6293225220757,931.1493113824685,970.2881407941228,949.5415054222888,931.1493114413532,972.5591156519507,949.5415054795629,495.96832446847316,539.1454528969667,509.3926067091912,450.27295428524366,479.5008044141079,449.8006355173305,121.53848453567178,122.05898911436746,125.37880975802173,27.735926685004664,27.811739734411987,27.694114354434234,189.0321401122078,180.08577420467378,184.9956368510141,191.6918950826419,183.8734593487757,188.4375296530996,123.53343353151764,116.45857694947762,120.17064211400098,125.52713267372985,118.3730325866439,122.12403935752901,18.932222752706146,19.016421102091545,23.149582994333123,8.407193924967446,8.475420872707991,8.408104331884756,22.2669367181402,22.298452923579916,22.267876409182996,123.36351184871629,122.83589747778014,123.46421149013858,52.06011082338459,50.23647502713416,52.46814859897183,48.38877497331542,51.68482900745749,42.104595759011616,40.021047963375985,43.3000113452998,33.69345756689526,45.1348240018894,46.24625524097668,45.920968530777905,8.027482755359146e-08,8.117554493960793e-08,7.971247480915603e-08
N0482,1.0,peak,True,True,True,969.7630074450738,1021.619856121341,995.8823077557331,828.5113866756325,878.8647351294061,854.459689374324,828.5113867424071,881.8221426539919,854.459689438782,409.0896430779216,463.32419586195584,427.9579403961156,369.40537467632066,406.4035816793105,371.27637970998217,117.57793086033728,118.2824622854586,122.79351494800436,36.66375522424254,36.78103634019309,36.604990736409675,184.85023645017438,173.05814130652251,179.75083810096157,189.37499359563694,179.1501822460135,185.33366901950765,120.72695826378748,111.58856225800815,116.52536896099167,123.3391649564698,114.05061265099675,119.06338606625853,24.986925200587805,25.081996375965414,30.550712018417936,11.097339863742574,11.168899781744745,11.099323768357284,29.447527926555917,29.49556563517367,29.449332662408793,118.73347813112544,118.08084518525021,118.97051897267794,47.81884074819387,45.769122875628746,48.534433885553696,63.85936110135624,68.18870950324872,55.54592858226928,52.80640655592463,57.109164743934755,44.453082582583995,76.08816451039687,78.79072732618154,77.77533011203032,7.80491701959617e-08,7.892898723232321e-08,7.712780844831386e-08
N0483,0.2,overnight,False,False,True,1294.5542327535852,1305.994914511472,1299.1319043500102,1153.2057533031787,1164.568970692044,1157.791494125747,1153.2057533392788,1165.229553273091,1157.7914941622723,678.8400801259694,691.959764724255,682.2454691377726,616.3421029233359,625.1252582477435,615.3579905105677,131.7974493935575,131.9347058846525,132.78324139199546,7.835441566608725,7.526659890595548,7.680945976113407,198.88523181705165,196.6720929423708,197.88213029873893,198.89266592939128,196.679361742962,197.88213063970673,131.2437416218843,129.2000984605611,130.21597911948783,131.8092706058318,129.76276130593172,130.77893871801624,5.096039764934285,5.161324813437875,6.238903123515059,2.259438204232431,2.3223156009294637,2.2603703834971975,6.264242752475635,6.2674137046679546,6.264511636751309,135.38879894149534,135.23281630490823,135.3735933696171,63.39201912770549,62.77875770745707,63.428157715734116,13.02193278948068,13.971760959182498,11.37188710975441,10.794446470025962,11.74214214203171,9.092365950506307,50.44298057430525,50.32833864992764,50.54699253252554,8.552251079913247e-08,8.602319393170555e-08,8.513685774300765e-08
N0484,1.0,peak,True,True,True,970.1400015122455,1026.7283350200269,992.1532706885234,828.895205890083,883.8300711672314,850.4666507910929,828.8952059565152,886.804379354328,850.4666508543419,409.45666081877107,468.22206742768753,423.5531967843428,369.77212881294446,411.28653811846016,366.75629483849957,117.58261676870481,118.15361636701242,122.5741304805691,36.65111260105929,36.79745202526192,36.60985961733982,184.84149313146963,172.84587229241126,179.40717865478302,189.36885944623384,178.9418438879719,184.97323035085083,120.72710353040645,111.4567894584351,116.28939054905909,123.33902632512073,113.91638100303592,118.8248753183437,24.978228013456647,25.098454554712006,30.556573994789538,11.092953164443605,11.176910560941543,11.100972772716595,29.440487400691353,29.50286248136192,29.454033044251506,118.73510106772234,118.02579977204466,118.8259352843224,47.833606345425665,45.723645894509616,48.4286535856082,63.85178627192332,68.2112950834562,55.5585058971507,52.803070208223104,57.12484069548739,44.46384890191118,75.81542664385249,71.61783596882421,70.72492455411675,7.775374137590995e-08,7.916473434183745e-08,7.72442197646448e-08
N0485,1.0,peak,True,True,True,970.1376002372833,1026.7271983132355,992.1531183667757,828.8929576014041,883.8291001668779,850.4666322374579,828.8929576679666,886.8034040472687,850.4666323004108,409.45512220795734,468.2214627161149,423.5534556524996,369.77066837909774,411.2859802071126,366.7565859583436,117.58239306702247,118.15352976059852,122.57412194711881,36.651104262198565,36.79743115523868,36.609837386824246,184.84113892498317,172.84576714636685,179.4071932847019,189.36849119315886,178.94173853612963,184.9732400384859,120.72686051656231,111.45672691705377,116.28940299013574,123.33878002018,113.91631703312527,118.82488773692067,24.978224874144708,25.09844493323898,30.55656673692694,11.092952431320368,11.176906051868238,11.100968999042538,29.440477563223663,29.5028499046916,29.454018212653526,118.73490075435133,118.02570308784043,118.82585379656474,47.83349837641246,45.7236192956631,48.42865916379576,63.851757371694156,68.21127249432863,55.55849412184161,52.80304286015866,57.124822732026125,44.463842294143426,75.81543846839266,71.61845185311941,70.72491067622639,7.786715561437845e-08,7.885982172469642e-08,7.724472418281969e-08
N0486,1.0,peak,True,True,True,970.1375884479233,1026.7271795165502,992.1531153716436,828.8929458353414,883.8290820345645,850.4666295964649,828.8929459020734,886.8033858820525,850.4666296595456,409.45511150055313,468.22144739860886,423.5534539944788,369.77065773106864,411.28596534938936,366.7565844722404,117.58239233442336,118.15352823383687,122.57412170656784,36.65110419799063,36.797431021016884,36.60983722435687,184.84113758250402,172.8457647237978,179.40719287937304,189.36848983904946,178.94173607125074,184.97323961272235,120.72685962666367,111.45672534486808,116.28940274320863,123.33877911598587,113.91631543237241,118.8248874848537,24.978224838360422,25.098444807482426,30.55656661536934,11.092952417958859,11.176905997605482,11.100968943692227,29.44047755452663,29.502849863982238,29.454018152169727,118.73490055184075,118.02570245776792,118.8258536801817,47.83349804897098,45.72361866110195,48.42865911495444,63.85175722053763,68.21127212426236,55.558493969834764,52.80304272380468,57.12482240960599,44.46384219556613,75.81544057788122,71.6184608225747,70.7249148792604,7.794028754398158e-08,7.900645572272188e-08,7.730196521551708e-08
N0487,0.5,morning,False,False,True,1181.3066617473914,1208.146721590018,1193.1566640902151,1040.673284710745,1067.0544749160456,1052.4946792272035,1040.673284763808,1068.5835332259246,1052.4946792802618,588.9725480791959,618.1285453219855,597.5944038549054,535.9654372462996,555.4711484555819,535.0253450410498,126.47184037784457,126.82003562624594,129.0157355655831,18.746144444705134,18.783573392792096,18.72304100272897,195.68882211935664,190.3539077351198,193.39690464241568,195.69486480543847,190.359536327219,193.39690511799876,127.49231000315243,122.61234209943733,125.1216853869446,128.85340743629465,123.94069329035239,126.46572236007515,12.793095305508396,12.865534674636086,15.644572984402082,5.679781832736672,5.744312583977081,5.679887555372777,15.030568878266259,15.0462625534152,15.03066104799494,128.9315168069175,128.55836205164204,128.96126950713557,57.13036361369357,55.75834161759291,57.33292060829262,32.72681640701308,34.970016607201615,28.495088126602383,27.07561591051885,29.310618094279448,22.79729507361293,37.1127945403697,37.414275277609974,37.702457984882756,8.228487877074254e-08,8.305945158211659e-08,8.1694903112048e-08
N0488,0.5,morning,False,False,True,1181.3056887222938,1208.1468662299726,1193.1574229517407,1040.6722750767015,1067.054627443962,1052.4954523996782,1040.672275130789,1068.5836858900436,1052.4954524519012,588.9717371644181,618.1286076826035,597.5950536255335,535.9646627954336,555.471194082674,535.0259690525168,126.4717070694706,126.82004219094681,129.01584645168975,18.7461460317877,18.78357318233077,18.72303923940136,195.68854444083306,190.3539180812777,193.39712680124316,195.69458712709917,190.35954667796457,193.3971272769055,127.4921219108994,122.61234625411699,125.12183688135433,128.85321826602942,123.94069774252769,126.46587462521637,12.793096055914928,12.865535385416576,15.644572018112628,5.679782538996307,5.744312854372626,5.6798864203658095,15.030569788234446,15.046263055883948,15.030659958927506,128.93146363127934,128.55838933846067,128.96130114111446,57.130293889523124,55.758344851229296,57.33297844333152,32.7268093624816,34.970019660982445,28.495090712836795,27.07560833711909,29.310621006346015,22.79729848080922,37.11273123233201,37.41427907403018,37.702510555280625,8.218969651277035e-08,8.301585338900667e-08,8.175845648342461e-08
N0489,0.75,afternoon,False,True,True,1072.1579617590683,1112.140058443762,1090.6293225220215,931.1493113831073,970.2881407946954,949.5415054240266,931.1493114414696,972.5591156527842,949.5415054806911,495.96832446824567,539.145452896923,509.3926067094061,450.27295428500696,479.5008044141268,449.8006355174964,121.53848453544808,122.05898911472069,125.37880975819675,27.73592668517983,27.811739734422883,27.694114354286686,189.0321401121068,180.08577420468677,184.9956368511126,191.69189508256554,183.87345934882538,188.43752965317753,123.53343353145364,116.45857694948397,120.17064211407691,125.527132673718,118.37303258662857,122.12403935757754,18.932222752724435,19.01642110209442,23.149582994349384,8.407193924972947,8.475420872718798,8.408104331920374,22.26693671814125,22.298452923594173,22.267876409191157,123.36351184916336,122.83589747811838,123.46421149056202,52.06011082335638,50.23647502713318,52.46814859899365,48.3887749733441,51.684829007455505,42.10459575901377,40.02104796340416,43.30001134533198,33.693457566894295,45.13482400192517,46.246255241011276,45.920968530720366,8.03245381937858e-08,8.113662537634433e-08,7.959352246950981e-08
N0490,0.2,overnight,False,False,True,1294.5550928555092,1305.994190368551,1299.131561307769,1153.2066108232275,1164.5682213583184,1157.7911302952043,1153.2066108588897,1165.2288039941077,1157.7911303315389,678.8407093412636,691.9591503520506,682.245083759171,616.3426929048327,625.1246713647777,615.3576047862489,131.79754994606876,131.9346067260235,132.78317693039747,7.83544090960072,7.526659721051078,7.680945549299949,198.88542527495648,196.67189100856768,197.88199210946271,198.89285938704106,196.67915980915404,197.88199245045308,131.24387096734108,129.1999617442772,130.21588252411732,131.80939997200065,129.76262451123068,130.77884229582074,5.09603975269313,5.161325036491208,6.238903030187709,2.2594381837961905,2.3223157545791904,2.2603702355396984,6.264242724462752,6.267413920033623,6.264512174059943,135.38886330547842,135.2327807904128,135.373602897496,63.39206984232943,62.77870760633964,63.42812469891401,13.021933076691143,13.971760005731893,11.371887643485294,10.794446770736624,11.742141031077283,9.092366592060108,50.443041140083174,50.32828124538193,50.54695275813912,8.551886875768753e-08,8.60259801566969e-08,8.513685774300765e-08
N0491,0.5,morning,False,False,True,1181.304855893999,1208.1474112447754,1193.1575139447605,1040.67144643502,1067.0552237244046,1052.495565369295,1040.6714464886961,1068.5842818848766,1052.4955654217167,588.9711100805463,618.1291339076572,597.5952463394393,535.9640684350372,555.4717006486616,535.026172160514,126.47160023787292,126.82012543386949,129.01588197879377,18.74615123245681,18.78357588488255,18.723031703427942,195.68832865259265,190.3540987358209,193.39720814070392,195.69437133994427,190.35972733279596,193.39720861631758,127.49197573079614,122.61246823811504,125.12189508329226,128.8530713043184,123.94082049634761,126.46593294630834,12.793097934352504,12.865535625390802,15.644571755233189,5.6797836934014425,5.744312735154952,5.679886139287306,15.030569875888013,15.046261722949591,15.030658553639359,128.93140811965372,128.55840616080715,128.96127534292938,57.13023809577298,55.75838784126864,57.33299694105868,32.726805269140385,34.9700254822742,28.495090777459545,27.07560353175041,29.31062705603755,22.79729877314751,37.11269951705349,37.414304958661745,37.70253364743173,8.252084384357073e-08,8.317271872174749e-08,8.181639084661408e-08
N0492,0.2,overnight,False,False,True,1294.6702214881827,1305.788349143271,1299.0339142865535,1153.323997525115,1164.363348610115,1157.697108253836,1153.323997561383,1165.0238413492486,1157.6971082886284,678.9518802470332,691.7523645941599,682.146027289682,616.4514851508288,624.9178873110358,615.2585554140493,131.80529454229512,131.93920172227803,132.79434870175362,7.828651530387728,7.8360379351722,7.8241840699460345,198.8985706907131,196.6786205718773,197.8996325876867,198.90600422778692,196.68588903347612,197.89963292863982,131.25266942744545,129.2044752983387,130.22771208571666,131.8181650936862,129.76711689243947,130.79062203204015,5.09581035160505,5.161118882228432,6.2383584581249485,2.259339212573538,2.3222216456065685,2.260169343346037,6.26423443882862,6.267370413784501,6.264363608028036,135.3940002325833,135.23484407320467,135.38030828955556,63.39603905690764,62.78110993512898,63.4339641793258,13.021272888242176,13.97122588566831,11.370905050179438,10.79388567094785,11.741698843792044,9.09158742094717,50.565497922537844,50.33017554121519,50.36467879846596,8.544441022818346e-08,8.593010252519673e-08,8.49870122005272e-08
N0493,0.2,overnight,False,False,True,1294.6634809625282,1305.7917171063639,1299.0361630362124,1153.3172549209396,1164.3668509333181,1157.699476025278,1153.3172549565973,1165.0273435536728,1157.6994760605735,678.946799174854,691.7551612569356,682.1484160494061,616.446692281934,624.9205400818968,615.2609266298629,131.8044785240969,131.93964380825838,132.7947390274271,7.828654506667644,7.836037183377514,7.824180801537303,198.89698702111522,196.6795206735902,197.90046580593926,198.90442056347715,196.68678914884808,197.9004661468865,131.25160599583114,129.2050807009791,130.22829180730747,131.81710148381336,129.76772295409748,130.79120074986912,5.095810405987614,5.161117099965441,6.238358888794882,2.2593393857693314,2.3222204801671347,2.2601701642330134,6.264234543403796,6.267369262779239,6.26436031832584,135.39353704985734,135.23503414704734,135.380284120535,63.3956274267166,62.78133297658076,63.4341640581396,13.021269937199907,13.971232095307709,11.370901824349614,10.793882563050161,11.741706190693652,9.0915835781286,50.564993724204946,50.33044791403028,50.36493276638563,8.546065900026559e-08,8.580010991127469e-08,8.506186838944872e-08
N0494,0.5,morning,False,False,True,1181.3046715331132,1208.1471525313143,1193.1579532117428,1040.6712526852764,1067.0549578704222,1052.4960193102236,1040.6712527394318,1068.5840161306248,1052.4960193625063,588.970974823763,618.1288945820702,597.5956100084886,535.9639431766074,555.4714676030301,535.0265171836771,126.47157922139284,126.82008437407933,129.01594313520053,18.7461469937797,18.78357307827153,18.723038445695984,195.68828507917468,190.35401490370253,193.3973325702345,195.6943277650966,190.35964350274605,193.39733304584522,127.4919470892299,122.61241062866635,125.12197916551456,128.85304241420843,123.94076264099176,126.46601752329818,12.793097692301425,12.86553647447714,15.644571661125527,5.679783651269362,5.744313226294134,5.679885663695204,15.030569801620175,15.046262365566808,15.03065806436902,128.9313916389655,128.55840016258725,128.9612994529588,57.130227005165125,55.75836645162889,57.333028901702,32.72680326053705,34.97002454789117,28.4950928530636,27.07560153785041,29.310625744971908,22.797301230769605,37.1126861347132,37.41429402344605,37.70255698612488,8.234902221072417e-08,8.302561287826948e-08,8.182773678518977e-08
N0495,0.5,morning,False,False,True,1181.3056842159037,1208.1468670948896,1193.1574266659923,1040.6722704147935,1067.0546283690678,1052.4954562036946,1040.6722704680233,1068.583686814968,1052.4954562553978,588.9717334641628,618.1286081813722,597.5950568617325,535.9646592698615,555.4711945002557,535.0259721672086,126.47170646016414,126.82004225314881,129.01584700589308,18.746146039086277,18.783573182389308,18.72303923229296,195.68854317883893,190.35391820465992,193.39712792849073,195.69458586510507,190.35954680130402,193.3971284041319,127.49212105734364,122.61234632511915,125.12183765124433,128.8532174074155,123.94069781497737,126.46587539891459,12.793096060089072,12.865535389855289,15.644572014087592,5.679782542634249,5.744312856092055,5.679886415110602,15.030569792051216,15.046263058101841,15.030659953325294,128.93146337201793,128.55838946483235,128.96130128357163,57.13029357004013,55.75834488166907,57.33297873188012,32.726809330036986,34.970019677395115,28.4950907259883,27.075608302038557,29.31062102170609,22.797298497776413,37.112730960359514,37.414279095733484,37.70251080036571,8.218523936247062e-08,8.301633860077948e-08,8.170618298623511e-08
N0496,0.2,overnight,False,False,True,1294.6702211780837,1305.7883494577854,1299.033914285645,1153.3239972113656,1164.363348926477,1157.6971082537457,1153.3239972474396,1165.023841664863,1157.6971082903121,678.9518799915293,691.7523648351918,682.1460273071568,616.4514849064045,624.9178875379974,615.2585554341395,131.80529450065777,131.93920176075466,132.79434870498855,7.82865153058067,7.836037934751804,7.824184069981028,198.8985706085173,196.67862064740584,197.89963259526826,198.90600414557935,196.68588910906254,197.8996329361645,131.25266937170343,129.2044753489336,130.22771209140447,131.81816503792456,129.76711694310723,130.79062203766202,5.095810351572066,5.161118882160637,6.238358458167873,2.2593392125578484,2.3222216455429323,2.2601693433978554,6.264234438944968,6.267370413752737,6.264363607950926,135.39400021704807,135.23484409358613,135.38030828424243,63.39603903606843,62.78110995451355,63.43396418104908,13.021272888281162,13.971225885967145,11.370905049964529,10.793885670993367,11.741698844106438,9.091587420660215,50.56549789640287,50.33017556468507,50.36467880084385,8.553949057878398e-08,8.579872224368799e-08,8.506186838944872e-08
N0497,1.0,peak,True,True,True,970.140001767775,1026.7283354060094,992.1532707712823,828.8952061456505,883.8300715418223,850.4666508676421,828.8952062113236,886.8043797318483,850.4666509311311,409.4566610551029,468.22206775518714,423.55319684237287,369.772129048758,411.286538437665,366.75629489274235,117.58261678521973,118.15361639759982,122.57413048693113,36.65111260245903,36.797452028801146,36.609859620744224,184.84149316247579,172.8458723405955,179.4071786664018,189.368859477375,178.94184393686135,184.97323036289686,120.7271035509016,111.45678948967142,116.28939055641527,123.33902634596772,113.91638103475988,118.82487532576684,24.978228014325108,25.09845455754664,30.55657399745676,11.092953164765406,11.176910562167919,11.100972773922681,29.440487400691563,29.50286248208586,29.454033045305685,118.73510107049516,118.02579978266057,118.82593528558134,47.833606352828575,45.72364590696023,48.42865358734016,63.851786275410554,68.21129509115725,55.558505900606434,52.80307021139871,57.12484070215874,44.463848904209556,75.81542658995167,71.617835776615,70.72492444973904,7.795899814742772e-08,7.906733057125236e-08,7.730347732977125e-08
N0498,0.2,overnight,False,False,True,1294.554231789673,1305.9949158630925,1299.1319040165185,1153.2057523246922,1164.568972059115,1157.7914937866428,1153.2057523607361,1165.2295546406285,1157.791493822721,678.8400793111817,691.9597657845851,682.2454689280514,616.3421021406039,625.1252592506685,615.3579903240889,131.79744926220266,131.934706055282,132.78324136055897,7.835441567507197,7.5266598904502215,7.680945977148805,198.88523155269064,196.67209327771363,197.88213023917592,198.89266566508704,196.6793620782427,197.88213058010442,131.24374144180885,129.2000986862256,130.21597908160297,131.8092704258588,129.76276153171122,130.778938679889,5.096039764747578,5.161324813279967,6.238903123648061,2.2594382040975183,2.3223156008096426,2.260370383749112,6.264242752927141,6.267413704468473,6.264511636552258,135.3887988982652,135.23281638955393,135.37359333225658,63.392019060883115,62.77875779318459,63.428157699918785,13.021932789898699,13.97176096022727,11.371887108825529,10.794446470503555,11.742142143168344,9.09236594938687,50.442980491073385,50.328338754367884,50.5469925143978,8.549194845025809e-08,8.602035968982512e-08,8.517698285435785e-08
N0499,0.2,overnight,False,False,True,1294.5540840172307,1305.9944674274855,1299.1320423545649,1153.2055704144716,1164.5684855960278,1157.791603090852,1153.205570449793,1165.2290684159489,1157.7916031268737,678.8398336778015,691.9592575963048,682.2454304840317,616.3418507566777,625.1247526825268,615.3579298155831,131.79740773233428,131.93462118232586,132.78323244478793,7.835441309936349,7.526659645123371,7.6809458279650045,198.88513526872433,196.67190951471895,197.8820966194463,198.89256938600838,196.67917832491747,197.88209696039786,131.24367356546213,129.19997074334037,130.21595260047758,131.80920258211717,129.7626336988305,130.7789123106172,5.096039858360628,5.161324791994502,6.238903100774186,2.2594382661831203,2.3223155909887505,2.2603703289578654,6.264243180765056,6.267414335676172,6.264512083939637,135.38882063758572,135.23282780944828,135.37363870108808,63.39199777409166,62.77871439779764,63.42815277393906,13.021932623511894,13.971761133250148,11.37188740835121,10.794446229313275,11.74214230589131,9.092366270770212,50.44295682377451,50.32828788523587,50.5469887932304,8.544367439754744e-08,8.599917942392534e-08,8.511942517960247e-08
N0500,0.2,overnight,False,False,True,1294.5540833149907,1305.9944655219213,1299.1320447695662,1153.2055697003877,1164.5684836602109,1157.791605535099,1153.2055697365952,1165.2290664795962,1157.7916055708172,678.8398332079316,691.9592559756064,682.2454323629726,616.3418503276636,625.1247511234144,615.357931589467,131.79740765894147,131.9346209189717,132.78323274477313,7.835441309206744,7.5266596471098,7.680945827124501,198.88513512730935,196.6719089847099,197.88209721099602,198.89256924456154,196.6791777947903,197.88209755194484,131.24367347349968,129.19997038162182,130.21595299814032,131.80920248982721,129.76263333746843,130.77891270843622,5.096039859073836,5.161324791596107,6.238903100717098,2.259438266667571,2.3223155907691266,2.260370328693185,6.264243180432827,6.267414336541126,6.26451208357388,135.38882056826634,135.23282772746782,135.37363885691022,63.39199773735496,62.77871426395509,63.42815292544057,13.021932621140973,13.971761134079566,11.371887409572356,10.794446226543148,11.742142306897716,9.092366272257738,50.44295678222654,50.32828772028138,50.546988979355234,8.551459890340515e-08,8.596527640301892e-08,8.506186838944872e-08
