hour, t(sec), V1, VAngle1, V2, VAngle2, V3, VAngle3, I1, IAngle1, I2, IAngle2, I3, IAngle3
0, 0.00000, 20.2648, 122.599, 7397.44, -165.654, 7525.71, 87.1999, 4.21363, 112.428, 10.1279, 6.21534, 12.8894, -135.603
