hour, t(sec), V1, VAngle1, V2, VAngle2, V3, VAngle3, I1, IAngle1, I2, IAngle2, I3, IAngle3
0, 0.00000, 20.8877, 123.203, 7395.69, -165.66, 7523.91, 87.2017, 2.10841, -67.557, 4.44733, -171.311, 4.44843, 37.0967
