hour, t(sec), V1, VAngle1, V2, VAngle2, V3, VAngle3, I1, IAngle1, I2, IAngle2, I3, IAngle3
0, 0.00000, 1430.76, -46.374, 7125.36, -162.142, 7390.05, 84.4276, 6.84027, -70.0955, 11.7959, -173.123, 12.2293, 39.8971
