hour, t(sec), V1, VAngle1, V2, VAngle2, V3, VAngle3, I1, IAngle1, I2, IAngle2, I3, IAngle3
0, 0.00000, 6931.53, -38.9395, 6957.11, -158.653, 6912.15, 81.1924, 7.69404E-008, 52.0713, 7.72776E-008, -67.9341, 7.61368E-008, 171.604
