hour, t(sec), V1, VAngle1, V2, VAngle2, V3, VAngle3, I1, IAngle1, I2, IAngle2, I3, IAngle3
0, 0.00000, 6929.31, -38.9247, 6957.52, -158.637, 6912.38, 81.2244, 28.0115, 113.498, 30.8631, -6.38071, 25.467, -126.493
