hour, t(sec), V1, VAngle1, V2, VAngle2, V3, VAngle3, I1, IAngle1, I2, IAngle2, I3, IAngle3
0, 0.00000, 6922.04, -38.9398, 6945.6, -158.651, 6900.13, 81.1863, 4.96003, -66.5025, 5.02317, 172.936, 4.96352, 53.3916
