hour, t(sec), V1, VAngle1, V2, VAngle2, V3, VAngle3, I1, IAngle1, I2, IAngle2, I3, IAngle3
0, 0.00000, 6996.13, -38.2339, 7008.31, -158.091, 6993.63, 81.8448, 19.5284, 113.996, 19.6063, -5.97084, 19.6324, -126.036
